id,sex,grade,school,condition,status,pregunta_1,puntaje_1,pregunta_2,puntaje_2,pregunta_3,puntaje_3,pregunta_4,puntaje_4,pregunta_5,puntaje_5,pregunta_6,puntaje_6,pregunta_7,puntaje_7,pregunta_8,puntaje_8,pregunta_9,puntaje_9,pregunta_10,puntaje_10,pregunta_11,puntaje_11,pregunta_12,puntaje_12,pregunta_13,puntaje_13,pregunta_14,puntaje_14,pregunta_15,puntaje_15,pregunta_16,puntaje_16,pregunta_17,puntaje_17,puntaje_ambito_1,pregunta_18,puntaje_18,pregunta_18_1,puntaje_18_2,pregunta_18_3,puntaje_18_4,pregunta_19,puntaje_19,pregunta_19_5,puntaje_19_6,pregunta_19_7,puntaje_19_8,pregunta_20,puntaje_20,pregunta_20_9,puntaje_20_10,pregunta_20_11,puntaje_20_12,pregunta_21,puntaje_21,pregunta_21_13,puntaje_21_14,pregunta_21_15,puntaje_21_16,pregunta_22,puntaje_22,pregunta_22_17,puntaje_22_18,pregunta_22_19,puntaje_22_20,pregunta_23,puntaje_23,pregunta_23_21,puntaje_23_22,pregunta_23_23,puntaje_23_24,pregunta_24,puntaje_24,pregunta_24_25,puntaje_24_26,pregunta_24_27,puntaje_24_28,puntaje_ambito_2,pregunta_25,puntaje_25,pregunta_26,puntaje_26,pregunta_27,puntaje_27,pregunta_28,puntaje_28,pregunta_29,puntaje_29,pregunta_30,puntaje_30,pregunta_31,puntaje_31,pregunta_32,puntaje_32,pregunta_33,puntaje_33,pregunta_34,puntaje_34,pregunta_35,puntaje_35,pregunta_36,puntaje_36,pregunta_37,puntaje_37,pregunta_38,puntaje_38,pregunta_39,puntaje_39,pregunta_40,puntaje_40,pregunta_41,puntaje_41,pregunta_42,puntaje_42,pregunta_43,puntaje_43,pregunta_44,puntaje_44,pregunta_45,puntaje_45,pregunta_46,puntaje_46,pregunta_47,puntaje_47,pregunta_48,puntaje_48,pregunta_49,puntaje_49,pregunta_50,puntaje_50,pregunta_51,puntaje_51,pregunta_52,puntaje_52,pregunta_53,puntaje_53,pregunta_54,puntaje_54,pregunta_55,puntaje_55,pregunta_56,puntaje_56,pregunta_57,puntaje_57,pregunta_58,puntaje_58,pregunta_59,puntaje_59,puntaje_ambito_3,puntaje_total
ctl501,M,fifth,school4,control_1,participant,1,1,1,1,1,1,1,1,1,1,1,1,1,1,1,1,1,1,1,1,1,1,1,1,1,1,1,1,1,1,1,1,1,1,17,3,1,3,1,3,1,4,1,4,1,4,1,6,1,6,1,6,1,8,1,8,1,8,1,10,1,10,1,10,1,11,1,11,1,11,1,16,1,16,1,16,1,21,115,,1,1,1,1,1,1,1,1,1,1,1,1,1,1,1,1,1,1,1,1,1,1,1,1,1,1,1,1,1,1,1,1,1,1,1,1,1,1,2,0,1,1,2,0,1,1,1,1,1,1,1,1,1,1,1,1,1,1,1,1,3,0,3,0,1,1,1,1,30,68
ctl502,M,fifth,school4,control_1,participant,1,1,1,1,1,1,1,1,1,1,1,1,1,1,1,1,1,1,1,1,1,1,1,1,1,1,1,1,1,1,1,1,1,1,17,3,1,3,1,3,1,4,1,4,1,4,1,6,1,6,1,6,1,8,1,8,1,8,1,10,1,10,1,10,1,11,1,11,1,11,1,20,0,16,1,16,1,20,31,,1,1,1,1,1,1,1,1,1,1,1,1,2,0,1,1,1,1,1,1,1,1,1,1,2,0,1,1,2,0,1,1,1,1,1,1,1,1,1,1,1,1,1,1,1,1,1,1,1,1,1,1,1,1,2,0,2,0,1,1,2,0,2,0,2,0,2,0,25,62
ctl503,M,fifth,school4,control_1,participant,1,1,1,1,1,1,1,1,1,1,1,1,1,1,1,1,1,1,1,1,1,1,1,1,1,1,1,1,1,1,1,1,1,1,17,3,1,3,1,3,1,4,1,4,1,4,1,6,1,6,1,6,1,8,1,8,1,8,1,10,1,10,1,10,1,11,1,11,1,11,1,16,1,16,1,16,1,21,30,,1,1,1,1,1,1,1,1,1,1,1,1,1,1,1,1,1,1,1,1,1,1,1,1,1,1,1,1,1,1,1,1,1,1,1,1,1,1,1,1,1,1,1,1,1,1,1,1,1,1,1,1,1,1,1,1,1,1,1,1,1,1,1,1,1,1,1,1,34,72
ctl504,M,fifth,school4,control_1,participant,1,1,1,1,1,1,1,1,1,1,1,1,1,1,1,1,1,1,1,1,1,1,1,1,1,1,1,1,1,1,1,1,1,1,17,3,1,3,1,3,1,4,1,4,1,4,1,6,1,6,1,6,1,8,1,8,1,8,1,10,1,10,1,10,1,11,1,11,1,11,1,16,1,16,1,16,1,21,30,,1,1,1,1,1,1,1,1,1,1,1,1,1,1,1,1,1,1,1,1,1,1,1,1,1,1,1,1,2,0,1,1,1,1,1,1,1,1,2,0,1,1,1,1,3,0,3,0,1,1,2,0,1,1,3,0,2,0,1,1,3,0,2,0,3,0,,0,23,61
ctl505,F,fifth,school4,control_1,rejected,,,,,,,,,,,,,,,,,,,,,,,,,,,,,,,,,,,,,,,,,,,,,,,,,,,,,,,,,,,,,,,,,,,,,,,,,,,,,,,,,,,,,,,,,,,,,,,,,,,,,,,,,,,,,,,,,,,,,,,,,,,,,,,,,,,,,,,,,,,,,,,,,,,,,,
ctl506,F,fifth,school4,control_1,participant,1,1,1,1,1,1,1,1,1,1,1,1,1,1,1,1,1,1,1,1,1,1,1,1,1,1,1,1,1,1,1,1,1,1,17,3,1,3,1,3,1,4,1,0,0,4,1,6,1,0,0,6,1,8,1,0,0,8,1,10,1,0,0,10,1,11,1,0,0,11,1,16,1,0,0,16,1,15,30,,1,1,1,1,1,1,1,1,1,1,1,1,1,1,1,1,1,1,1,1,1,1,1,1,1,1,1,1,1,1,2,0,1,1,1,1,1,1,1,1,1,1,1,1,1,1,1,1,1,1,1,1,1,1,1,1,1,1,2,0,1,1,1,1,1,1,1,1,32,64
ctl507,M,fifth,school4,control_1,participant,1,1,1,1,1,1,1,1,1,1,1,1,1,1,1,1,1,1,1,1,1,1,1,1,1,1,1,1,2,0,2,0,2,0,14,3,1,3,1,3,1,4,1,4,1,4,1,6,1,6,1,6,1,8,1,8,1,8,1,10,1,10,1,10,1,11,1,11,1,11,1,15,0,15,0,15,0,18,20,,1,1,1,1,1,1,1,1,1,1,1,1,1,1,1,1,1,1,1,1,1,1,2,0,2,0,1,1,1,1,2,0,2,0,2,0,2,0,2,0,2,0,2,0,,0,,0,,0,,0,,0,,0,,0,,0,,0,,0,,0,,0,13,45
ctl508,M,fifth,school4,control_1,participant,1,1,1,1,1,1,1,1,1,1,1,1,1,1,1,1,1,1,1,1,1,1,1,1,1,1,1,1,1,1,1,1,1,1,17,3,1,3,1,3,1,4,1,4,1,4,1,6,1,6,1,6,1,8,1,8,1,8,1,10,1,10,1,10,1,11,1,11,1,11,1,16,1,16,1,16,1,21,25,,1,1,1,1,1,1,1,1,1,1,1,1,1,1,1,1,1,1,1,1,1,1,1,1,1,1,1,1,1,1,1,1,1,1,1,1,1,1,1,1,3,0,1,1,1,1,1,1,2,0,1,1,1,1,2,0,2,0,3,0,2,0,3,0,1,1,3,0,26,64
ctl509,M,fifth,school4,control_1,participant,1,1,1,1,1,1,1,1,1,1,1,1,1,1,1,1,1,1,1,1,1,1,1,1,1,1,1,1,1,1,1,1,1,1,17,3,1,3,1,3,1,4,1,4,1,4,1,6,1,6,1,6,1,8,1,8,1,8,1,10,1,10,1,10,1,11,1,11,1,11,1,16,1,16,1,16,1,21,33,,1,1,1,1,1,1,1,1,1,1,1,1,1,1,1,1,1,1,1,1,1,1,1,1,1,1,1,1,1,1,1,1,1,1,1,1,1,1,1,1,1,1,1,1,1,1,1,1,1,1,1,1,1,1,3,0,2,0,2,0,3,0,2,0,3,0,3,0,27,65
ctl510,M,fifth,school4,control_1,participant,1,1,1,1,1,1,1,1,1,1,1,1,1,1,1,1,1,1,1,1,1,1,1,1,1,1,1,1,1,1,1,1,1,1,17,3,1,3,1,3,1,4,1,4,1,4,1,6,1,6,1,6,1,8,1,8,1,8,1,10,1,10,1,10,1,11,1,11,1,11,1,16,1,16,1,16,1,21,30,,1,1,1,1,1,1,1,1,1,1,1,1,1,1,1,1,1,1,1,1,1,1,1,1,1,1,1,1,1,1,1,1,1,1,1,1,1,1,1,1,1,1,1,1,1,1,1,1,1,1,1,1,1,1,3,0,2,0,2,0,2,0,2,0,2,0,,0,27,65
ctl511,F,fifth,school4,control_1,participant,1,1,1,1,1,1,1,1,1,1,1,1,1,1,1,1,1,1,1,1,1,1,1,1,1,1,1,1,1,1,1,1,1,1,17,3,1,3,1,3,1,4,1,4,1,4,1,6,1,6,1,6,1,8,1,8,1,8,1,10,1,10,1,10,1,11,1,11,1,11,1,16,1,16,1,16,1,21,20,,1,1,1,1,1,1,1,1,1,1,1,1,1,1,1,1,1,1,1,1,1,1,1,1,1,1,1,1,1,1,1,1,1,1,1,1,1,1,1,1,1,1,1,1,1,1,1,1,1,1,1,1,3,0,3,0,1,1,1,1,1,1,1,1,1,1,3,0,31,69
ctl512,F,fifth,school4,control_1,participant,1,1,1,1,1,1,1,1,1,1,1,1,1,1,1,1,1,1,1,1,1,1,1,1,1,1,1,1,1,1,1,1,1,1,17,3,1,3,1,3,1,4,1,4,1,4,1,6,1,6,1,6,1,9,0,8,1,8,1,10,1,10,1,10,1,11,1,11,1,11,1,16,1,16,1,16,1,20,31,,1,1,1,1,2,0,1,1,1,1,1,1,1,1,1,1,1,1,1,1,1,1,1,1,1,1,1,1,1,1,1,1,1,1,2,0,1,1,1,1,1,1,1,1,1,1,1,1,2,0,1,1,2,0,2,0,2,0,1,1,2,0,2,0,3,0,3,0,24,61
ctl513,F,fifth,school4,control_1,rejected,,,,,,,,,,,,,,,,,,,,,,,,,,,,,,,,,,,,,,,,,,,,,,,,,,,,,,,,,,,,,,,,,,,,,,,,,,,,,,,,,,,,,,,,,,,,,,,,,,,,,,,,,,,,,,,,,,,,,,,,,,,,,,,,,,,,,,,,,,,,,,,,,,,,,,
ctl514,M,fifth,school4,control_1,participant,1,1,1,1,1,1,1,1,1,1,1,1,1,1,1,1,1,1,1,1,1,1,1,1,1,1,1,1,1,1,1,1,1,1,17,3,1,3,1,3,1,4,1,4,1,4,1,5,0,6,1,6,1,8,1,8,1,8,1,10,1,10,1,10,1,11,1,11,1,11,1,16,1,16,1,16,1,20,31,,1,1,1,1,1,1,1,1,1,1,1,1,1,1,1,1,1,1,1,1,1,1,1,1,1,1,1,1,1,1,1,1,1,1,1,1,1,1,2,0,2,0,1,1,1,1,1,1,1,1,1,1,1,1,2,0,2,0,2,0,1,1,2,0,2,0,2,0,26,63
ctl515,M,fifth,school4,control_1,rejected,,,,,,,,,,,,,,,,,,,,,,,,,,,,,,,,,,,,,,,,,,,,,,,,,,,,,,,,,,,,,,,,,,,,,,,,,,,,,,,,,,,,,,,,,,,,,,,,,,,,,,,,,,,,,,,,,,,,,,,,,,,,,,,,,,,,,,,,,,,,,,,,,,,,,,
ctl516,F,fifth,school4,control_1,rejected,,,,,,,,,,,,,,,,,,,,,,,,,,,,,,,,,,,,,,,,,,,,,,,,,,,,,,,,,,,,,,,,,,,,,,,,,,,,,,,,,,,,,,,,,,,,,,,,,,,,,,,,,,,,,,,,,,,,,,,,,,,,,,,,,,,,,,,,,,,,,,,,,,,,,,
ctl517,M,fifth,school4,control_1,rejected,,,,,,,,,,,,,,,,,,,,,,,,,,,,,,,,,,,,,,,,,,,,,,,,,,,,,,,,,,,,,,,,,,,,,,,,,,,,,,,,,,,,,,,,,,,,,,,,,,,,,,,,,,,,,,,,,,,,,,,,,,,,,,,,,,,,,,,,,,,,,,,,,,,,,,
ctl518,M,fifth,school4,control_1,participant,1,1,1,1,1,1,1,1,1,1,1,1,1,1,1,1,1,1,1,1,1,1,1,1,1,1,1,1,1,1,1,1,1,1,17,3,1,3,1,3,1,4,1,4,1,4,1,6,1,6,1,6,1,8,1,8,1,8,1,10,1,10,1,10,1,11,1,11,1,11,1,16,1,16,1,16,1,21,32,,1,1,1,1,1,1,1,1,1,1,1,1,1,1,1,1,1,1,1,1,1,1,1,1,1,1,1,1,1,1,1,1,1,1,1,1,1,1,1,1,1,1,1,1,1,1,1,1,1,1,1,1,1,1,3,0,1,1,1,1,1,1,1,1,2,0,1,1,32,70
ctl519,M,fifth,school4,control_1,participant,1,1,1,1,1,1,1,1,1,1,1,1,1,1,1,1,1,1,1,1,1,1,1,1,1,1,1,1,1,1,1,1,1,1,17,3,1,3,1,3,1,4,1,4,1,4,1,6,1,6,1,6,1,8,1,8,1,8,1,10,1,10,1,10,1,11,1,11,1,11,1,16,1,16,1,16,1,21,41,,1,1,1,1,1,1,1,1,1,1,1,1,1,1,1,1,1,1,1,1,1,1,1,1,1,1,2,0,1,1,1,1,1,1,2,0,1,1,1,1,1,1,1,1,1,1,1,1,1,1,1,1,1,1,3,0,2,0,1,1,1,1,2,0,1,1,2,0,28,66
ctl520,F,fifth,school4,control_1,participant,1,1,1,1,1,1,1,1,1,1,1,1,1,1,1,1,1,1,1,1,1,1,1,1,1,1,1,1,1,1,1,1,1,1,17,3,1,3,1,3,1,4,1,4,1,4,1,7,0,7,0,7,0,8,1,8,1,8,1,10,1,10,1,10,1,11,1,11,1,11,1,16,1,16,1,16,1,18,31,,1,1,1,1,1,1,1,1,1,1,1,1,1,1,1,1,1,1,1,1,1,1,1,1,1,1,1,1,1,1,1,1,1,1,1,1,1,1,1,1,1,1,1,1,1,1,1,1,1,1,1,1,1,1,1,1,3,0,2,0,1,1,1,1,2,0,3,0,30,65
ctl521,M,fifth,school4,control_1,participant,1,1,1,1,1,1,1,1,1,1,1,1,1,1,1,1,1,1,1,1,1,1,1,1,1,1,1,1,1,1,1,1,1,1,17,3,1,3,1,3,1,4,1,4,1,4,1,6,1,6,1,6,1,8,1,8,1,8,1,10,1,10,1,10,1,11,1,11,1,11,1,16,1,16,1,16,1,21,132,,1,1,1,1,1,1,1,1,1,1,1,1,1,1,1,1,1,1,1,1,1,1,1,1,1,1,3,0,1,1,1,1,1,1,1,1,1,1,1,1,3,0,1,1,1,1,1,1,1,1,1,1,1,1,1,1,3,0,1,1,1,1,2,0,1,1,1,1,33,71
ctl522,M,fifth,school4,control_1,participant,1,1,1,1,1,1,1,1,1,1,1,1,1,1,1,1,1,1,1,1,1,1,1,1,1,1,1,1,1,1,1,1,1,1,17,3,1,3,1,3,1,4,1,4,1,4,1,6,1,6,1,6,1,8,1,8,1,8,1,10,1,10,1,10,1,11,1,11,1,11,1,16,1,16,1,16,1,21,31,,1,1,1,1,1,1,1,1,1,1,1,1,1,1,1,1,1,1,1,1,1,1,1,1,1,1,1,1,1,1,1,1,1,1,1,1,1,1,1,1,1,1,1,1,1,1,1,1,1,1,1,1,1,1,2,0,1,1,2,0,1,1,1,1,1,1,1,1,28,66
ctl523,F,fifth,school4,control_1,participant,1,1,1,1,1,1,1,1,1,1,1,1,1,1,1,1,1,1,1,1,1,1,1,1,1,1,1,1,1,1,1,1,1,1,17,3,1,3,1,3,1,4,1,4,1,4,1,6,1,6,1,6,1,8,1,8,1,8,1,10,1,10,1,10,1,11,1,11,1,11,1,16,1,16,1,16,1,21,31,,1,1,1,1,1,1,1,1,1,1,1,1,1,1,1,1,1,1,1,1,1,1,1,1,1,1,1,1,1,1,1,1,1,1,1,1,1,1,1,1,1,1,1,1,1,1,1,1,1,1,1,1,1,1,2,0,2,0,1,1,1,1,1,1,1,1,1,1,32,70
ctl524,M,fifth,school4,control_1,participant,1,1,1,1,1,1,1,1,1,1,1,1,1,1,1,1,1,1,1,1,1,1,1,1,1,1,1,1,1,1,1,1,1,1,17,3,1,3,1,3,1,4,1,4,1,4,1,6,1,6,1,6,1,8,1,8,1,8,1,10,1,10,1,10,1,11,1,11,1,11,1,16,1,16,1,16,1,21,20,,1,1,1,1,1,1,1,1,1,1,1,1,1,1,1,1,1,1,1,1,1,1,2,0,2,0,1,1,1,1,2,0,2,0,2,0,2,0,2,0,1,1,2,0,2,0,2,0,2,0,2,0,2,0,,0,,0,,0,,0,,0,,0,,0,14,52
ctl525,M,fifth,school4,control_1,participant,1,1,1,1,1,1,1,1,1,1,1,1,1,1,1,1,1,1,1,1,1,1,1,1,1,1,1,1,1,1,1,1,1,1,17,3,1,3,1,3,1,4,1,4,1,4,1,6,1,6,1,6,1,8,1,8,1,8,1,10,1,10,1,10,1,11,1,11,1,11,1,16,1,16,1,16,1,21,121,,1,1,1,1,1,1,1,1,1,1,1,1,1,1,1,1,1,1,1,1,1,1,1,1,1,1,1,1,1,1,1,1,1,1,1,1,1,1,1,1,1,1,1,1,1,1,1,1,1,1,1,1,1,1,1,1,2,0,1,1,1,1,1,1,1,1,3,0,32,70
ctlk01,F,kinder,school4,control_1,rejected,,,,,,,,,,,,,,,,,,,,,,,,,,,,,,,,,,,,,,,,,,,,,,,,,,,,,,,,,,,,,,,,,,,,,,,,,,,,,,,,,,,,,,,,,,,,,,,,,,,,,,,,,,,,,,,,,,,,,,,,,,,,,,,,,,,,,,,,,,,,,,,,,,,,,,
ctlk02,F,kinder,school4,control_1,participant,1,1,1,1,2,0,1,1,1,1,1,1,1,1,1,1,1,1,3,0,3,0,3,0,3,0,2,0,2,0,3,0,1,1,9,3,1,3,1,3,1,4,1,4,1,4,1,5,0,6,1,6,1,7,0,8,1,8,1,9,0,10,1,15,0,10,0,15,0,15,0,12,0,20,0,20,0,11,7,,1,1,1,1,1,1,1,1,1,1,1,1,1,1,1,1,1,1,1,1,1,1,2,0,1,1,1,1,2,0,1,1,3,0,2,0,2,0,2,0,2,0,2,0,,0,,0,,0,,0,,0,,0,,0,,0,,0,,0,,0,,0,14,34
ctlk03,M,kinder,school4,control_1,participant,1,1,1,1,2,0,1,1,1,1,1,1,1,1,1,1,1,1,1,1,1,1,1,1,1,1,1,1,1,1,1,1,1,1,16,3,1,3,1,3,1,4,1,4,1,4,1,6,1,6,1,6,1,8,1,8,1,8,1,10,1,10,1,10,1,11,1,11,1,11,1,16,1,16,1,16,1,21,32,,1,1,1,1,1,1,1,1,1,1,1,1,1,1,1,1,1,1,1,1,1,1,1,1,1,1,1,1,1,1,1,1,2,0,2,0,2,0,2,0,2,0,1,1,2,0,1,1,2,0,2,0,2,0,,0,,0,,0,,0,,0,,0,,0,18,55
ctlk04,F,kinder,school4,control_1,participant,1,1,1,1,1,1,1,1,1,1,1,1,1,1,1,1,1,1,1,1,1,1,1,1,1,1,1,1,3,0,3,0,3,0,14,3,1,3,1,3,1,4,1,4,1,4,1,6,1,6,1,6,1,8,1,8,1,8,1,10,1,10,1,10,1,11,1,11,1,11,1,16,1,16,1,16,1,21,31,,1,1,1,1,1,1,1,1,1,1,1,1,1,1,1,1,1,1,2,0,1,1,1,1,1,1,1,1,2,0,2,0,2,0,2,0,2,0,3,0,,0,,0,,0,,0,,0,,0,,0,,0,,0,,0,,0,,0,,0,,0,13,48
ctlk05,F,kinder,school4,control_1,participant,1,1,1,1,1,1,1,1,1,1,1,1,1,1,1,1,1,1,1,1,1,1,1,1,1,1,1,1,1,1,1,1,1,1,17,3,1,3,1,3,1,4,1,4,1,4,1,6,1,6,1,6,1,8,1,8,1,8,1,10,1,10,1,10,1,11,1,11,1,11,1,16,1,16,1,16,1,21,30,,1,1,1,1,1,1,1,1,1,1,1,1,1,1,1,1,1,1,1,1,1,1,1,1,2,0,1,1,1,1,1,1,1,1,1,1,1,1,2,0,2,0,3,0,3,0,1,1,2,0,1,1,3,0,2,0,2,0,1,1,2,0,3,0,3,0,3,0,21,59
ctlk06,M,kinder,school4,control_1,participant,1,1,1,1,1,1,1,1,1,1,1,1,1,1,1,1,1,1,1,1,3,0,1,1,1,1,1,1,2,0,2,0,2,0,13,3,1,3,1,5,1,4,1,4,1,4,1,5,0,5,0,5,0,6,0,10,0,10,0,6,0,20,0,20,0,5,0,20,0,,0,10,0,,0,,0,10,20,,1,1,1,1,4,0,2,0,2,0,2,0,2,0,2,0,,0,,0,,0,,0,,0,,0,,0,,0,,0,,0,,0,,0,,0,,0,,0,,0,,0,,0,,0,,0,,0,,0,,0,,0,,0,,0,2,25
ctlk07,M,kinder,school4,control_1,participant,1,1,1,1,1,1,1,1,1,1,1,1,1,1,1,1,1,1,1,1,1,1,1,1,1,1,1,1,1,1,1,1,1,1,17,3,1,3,1,3,1,4,1,4,1,4,1,6,1,6,1,6,1,8,1,8,1,8,1,10,1,10,1,10,1,11,1,11,1,11,1,16,1,16,1,16,1,21,29,,1,1,1,1,1,1,1,1,1,1,1,1,1,1,1,1,1,1,1,1,1,1,1,1,1,1,1,1,1,1,1,1,1,1,1,1,1,1,1,1,2,0,2,0,3,0,1,1,2,0,1,1,2,0,2,0,2,0,2,0,2,0,2,0,,0,,0,22,60
ctlk08,M,kinder,school4,control_1,participant,1,1,1,1,1,1,1,1,1,1,1,1,1,1,1,1,1,1,1,1,1,1,3,0,1,1,1,1,2,0,1,1,1,1,15,3,1,3,1,3,1,4,1,4,1,4,1,6,1,6,1,6,1,8,1,8,1,8,1,10,1,10,1,10,1,11,1,11,1,11,1,16,1,16,1,16,1,21,26,,1,1,1,1,1,1,1,1,1,1,1,1,1,1,1,1,1,1,1,1,1,1,1,1,1,1,1,1,1,1,2,0,1,1,1,1,2,0,1,1,2,0,2,0,3,0,2,0,1,1,1,1,2,0,2,0,1,1,2,0,3,0,3,0,2,0,3,0,21,57
ctlk09,M,kinder,school4,control_1,participant,1,1,1,1,1,1,1,1,1,1,1,1,1,1,1,1,1,1,1,1,1,1,2,0,1,1,1,1,2,0,1,1,1,1,15,3,1,3,1,3,1,4,1,4,1,4,1,6,1,6,1,6,1,8,1,8,1,8,1,10,1,10,1,10,1,11,1,11,1,10,0,16,1,16,1,16,1,20,18,,1,1,1,1,1,1,1,1,1,1,1,1,1,1,1,1,1,1,1,1,1,1,1,1,1,1,1,1,1,1,1,1,1,1,1,1,1,1,1,1,1,1,2,0,2,0,1,1,,0,,0,,0,,0,,0,,0,,0,,0,,0,,0,22,57
ctlk10,M,kinder,school4,control_1,participant,1,1,1,1,1,1,1,1,1,1,1,1,1,1,1,1,1,1,1,1,1,1,1,1,1,1,1,1,1,1,1,1,1,1,17,3,1,3,1,3,1,4,1,4,1,4,1,5,0,6,1,6,1,8,1,8,1,8,1,10,1,10,1,10,1,11,1,11,1,10,0,16,1,16,1,16,1,18,31,,1,1,1,1,1,1,1,1,1,1,1,1,1,1,1,1,1,1,1,1,1,1,1,1,1,1,1,1,1,1,1,1,1,1,1,1,2,0,1,1,2,0,1,1,1,1,1,1,1,1,1,1,1,1,1,1,2,0,2,0,1,1,3,0,2,0,2,0,27,62
ctlk11,M,kinder,school4,control_1,participant,1,1,1,1,1,1,1,1,1,1,1,1,1,1,1,1,1,1,1,1,1,1,1,1,1,1,1,1,3,0,3,0,3,0,14,3,1,3,1,3,1,4,1,4,1,4,1,6,1,6,1,6,1,8,1,8,1,8,1,10,1,10,1,10,1,11,1,11,1,11,1,16,1,16,1,16,1,21,20,,1,1,1,1,1,1,1,1,1,1,1,1,1,1,1,1,1,1,1,1,1,1,1,1,1,1,2,0,1,1,2,0,1,1,3,0,2,0,1,1,1,1,3,0,3,0,3,0,2,0,3,0,,0,,0,,0,,0,,0,,0,,0,,0,17,52
ctlk12,M,kinder,school4,control_1,participant,1,1,1,1,1,1,1,1,1,1,2,0,1,1,1,1,1,1,1,1,2,0,2,0,2,0,2,0,2,0,1,1,2,0,10,3,1,4,0,3,1,4,1,4,1,4,1,6,1,6,1,6,1,10,0,10,0,10,0,11,0,12,0,12,0,20,0,20,0,20,0,20,0,20,0,20,0,8,29,,1,1,1,1,1,1,1,1,1,1,1,1,1,1,1,1,1,1,1,1,1,1,2,0,2,0,2,0,1,1,2,0,2,0,2,0,2,0,2,0,2,0,,0,,0,,0,,0,,0,,0,,0,,0,,0,,0,,0,,0,,0,12,30
ctlk13,F,kinder,school4,control_1,participant,1,1,1,1,1,1,1,1,1,1,1,1,1,1,1,1,1,1,1,1,1,1,2,0,2,0,1,1,2,0,2,0,3,0,12,3,1,3,1,3,1,4,1,4,1,4,1,6,1,6,1,6,1,8,1,8,1,8,1,10,1,10,1,10,1,11,1,11,1,11,1,17,0,17,0,17,0,20,29,,1,1,1,1,1,1,1,1,1,1,1,1,1,1,1,1,1,1,1,1,1,1,2,0,2,0,1,1,1,1,1,1,1,1,2,0,3,0,2,0,2,0,3,0,2,0,,0,,0,,0,,0,,0,,0,,0,,0,,0,,0,,0,15,47
ctlk14,M,kinder,school4,control_1,participant,1,1,1,1,1,1,1,1,1,1,1,1,1,1,1,1,1,1,1,1,1,1,2,1,1,1,1,1,1,1,1,1,1,1,13,3,1,3,1,3,1,4,1,4,1,4,1,5,0,5,0,5,0,12,0,12,0,12,0,20,0,20,0,20,0,20,0,20,0,20,0,0,0,0,0,0,0,8,23,,1,1,1,1,1,1,1,1,1,1,1,1,1,1,1,1,1,1,1,1,1,1,2,0,2,0,2,0,1,1,1,1,2,0,2,0,2,0,2,0,2,0,2,0,,0,,0,,0,,0,,0,,0,,0,,0,,0,,0,,0,,0,13,34
ctlk15,M,kinder,school4,control_1,participant,1,1,1,1,2,0,1,1,1,1,1,1,1,1,1,1,1,1,1,1,2,0,1,1,1,1,3,0,2,0,2,0,2,0,11,3,1,3,1,3,1,4,1,4,1,4,1,5,0,6,1,4,0,8,1,5,0,5,0,10,1,9,0,0,0,15,0,12,0,17,0,16,1,13,0,0,0,8,11,,1,1,1,1,1,1,1,1,2,0,1,1,2,0,1,1,1,1,1,1,1,1,1,1,1,1,1,1,1,1,1,1,2,0,2,0,2,0,2,0,2,0,2,0,3,0,1,1,3,0,2,0,2,0,2,0,1,1,2,0,1,1,2,0,2,0,2,0,17,36
ctlk16,F,kinder,school4,control_1,participant,1,1,1,1,2,0,3,0,1,1,2,0,1,1,1,1,2,0,2,0,2,0,2,0,2,0,2,0,3,0,3,0,1,1,6,3,1,3,1,3,1,4,1,4,1,4,1,6,1,6,1,6,1,8,1,8,1,8,1,10,1,10,1,10,1,12,0,12,0,12,0,16,1,16,1,16,1,20,25,,1,1,1,1,1,1,1,1,1,1,1,1,1,1,1,1,2,0,1,1,1,1,2,0,1,1,1,1,1,1,1,1,1,1,2,0,2,0,2,0,2,0,2,0,2,0,2,0,2,0,2,0,3,0,,0,,0,,0,,0,,0,,0,,0,15,41
ctlk17,F,kinder,school4,control_1,participant,1,1,1,1,1,1,1,1,1,1,1,1,1,1,1,1,1,1,1,1,1,1,1,1,1,1,1,1,1,1,1,1,1,1,17,3,1,3,1,3,1,4,1,4,1,4,1,6,1,6,1,6,1,8,1,8,1,8,1,10,1,10,1,10,1,10,0,10,0,10,0,16,1,16,1,16,1,18,29,,1,1,1,1,1,1,1,1,1,1,1,1,1,1,1,1,1,1,1,1,1,1,1,1,1,1,1,1,1,1,1,1,1,1,1,1,1,1,1,1,1,1,2,0,3,0,1,1,2,0,1,1,1,1,,0,,0,,0,,0,,0,,0,,0,24,59
ctlk18,M,kinder,school4,control_1,participant,1,1,1,1,3,0,2,0,3,0,3,0,1,1,1,1,1,1,3,0,2,0,2,0,2,0,3,0,2,0,2,0,2,0,5,3,1,3,1,3,1,4,1,4,1,4,1,10,0,5,0,5,0,10,0,10,0,10,0,10,1,10,1,10,1,15,0,15,0,15,0,12,0,12,0,12,0,8,2,,1,1,1,1,1,1,1,1,1,1,1,1,1,1,1,1,2,0,1,1,2,0,2,0,2,0,2,0,2,0,2,0,,0,,0,,0,,0,,0,,0,,0,,0,,0,,0,,0,,0,,0,,0,,0,,0,,0,,0,9,22
ctl2k01,M,kinder,school5,control_2,participant,1,1,1,1,1,1,1,1,1,1,1,1,1,1,1,1,1,1,1,1,1,1,1,1,1,1,1,1,3,0,1,1,2,0,15,3,1,3,1,3,1,4,1,4,1,4,1,6,1,6,1,6,1,8,1,8,1,8,1,10,1,10,1,10,1,11,1,11,1,11,1,16,1,16,1,16,1,21,11,,1,1,1,1,1,1,1,1,1,1,1,1,1,1,1,1,1,1,1,1,1,1,3,0,2,0,1,1,1,1,2,0,2,0,2,0,3,0,2,0,3,0,,0,,0,,0,,0,,0,,0,,0,,0,,0,,0,,0,,0,,0,13,49
ctl2k02,M,kinder,school5,control_2,participant,1,1,1,1,3,0,1,1,1,1,1,1,3,0,1,1,1,1,1,1,2,0,2,0,1,1,2,0,2,0,1,1,1,1,11,3,1,3,1,3,1,4,1,4,1,1,0,6,1,6,1,1,0,8,1,8,1,1,0,10,1,10,1,10,1,11,1,11,1,11,1,16,1,16,1,16,1,18,3,,2,0,1,1,2,0,2,0,2,0,2,0,2,0,2,0,1,1,2,0,2,0,2,0,2,0,2,0,2,0,,0,,0,,0,,0,,0,,0,,0,,0,,0,,0,,0,,0,,0,,0,,0,,0,,0,,0,,0,2,31
ctl2k03,F,kinder,school5,control_2,participant,1,1,1,1,3,0,1,1,1,1,1,1,1,1,1,1,1,1,1,1,3,0,3,0,3,0,1,1,3,0,3,0,3,0,10,3,1,3,1,3,1,4,1,4,1,1,0,6,1,6,1,1,1,9,0,9,0,9,0,7,0,7,0,7,0,15,0,15,0,15,0,18,0,,,,,9,18,,1,1,1,1,2,0,1,1,1,1,1,1,1,1,1,1,2,0,1,1,1,1,2,0,2,0,2,0,2,0,2,0,2,0,,0,,0,,0,,0,,0,,0,,0,,0,,0,,0,,0,,0,,0,,0,,0,,0,,0,9,28
ctl2k04,M,kinder,school5,control_2,participant,1,1,1,1,1,1,1,1,1,1,1,1,1,1,1,1,1,1,1,1,1,1,1,1,1,1,1,1,1,1,1,1,1,1,17,3,1,3,1,3,1,4,1,4,1,4,1,6,1,6,1,6,1,8,1,8,1,8,1,10,1,10,1,10,1,11,1,11,1,11,1,16,1,16,1,16,1,21,31,,1,1,1,1,1,1,1,1,1,1,1,1,1,1,1,1,1,1,1,1,1,1,2,0,2,0,1,1,1,1,1,1,2,0,2,0,1,1,2,0,2,0,2,0,2,0,1,1,2,0,1,1,2,0,2,0,2,0,2,0,2,0,2,0,2,0,2,0,17,55
ctl2k05,M,kinder,school5,control_2,participant,1,1,1,1,1,1,1,1,1,1,1,1,1,1,1,1,1,1,1,1,1,1,1,1,1,1,1,1,1,1,1,1,1,1,17,3,1,3,1,3,1,4,1,4,1,4,1,6,1,6,1,6,1,8,1,8,1,8,1,10,1,10,1,10,1,11,1,11,1,11,1,16,1,16,1,16,1,21,30,,1,1,1,1,1,1,1,1,1,1,1,1,1,1,1,1,1,1,1,1,1,1,2,0,1,1,1,1,1,1,1,1,1,1,1,1,1,1,2,0,1,1,2,0,1,1,1,1,1,1,2,0,1,1,2,0,2,0,2,0,2,0,4,0,2,0,,0,23,61
ctl2k06,F,kinder,school5,control_2,participant,1,1,1,1,1,1,1,1,1,1,2,0,1,1,1,1,1,1,2,0,2,0,2,0,1,1,1,1,2,0,3,0,2,0,10,3,1,3,1,3,1,4,1,4,1,4,1,6,1,6,1,6,1,8,1,8,1,8,1,10,1,10,1,10,1,11,1,11,1,11,1,16,1,16,1,16,1,21,20,,1,1,1,1,1,1,1,1,1,1,1,1,1,1,1,1,1,1,1,1,1,1,1,1,1,1,2,0,1,1,1,1,1,1,1,1,1,1,1,1,1,1,1,1,2,0,2,0,1,1,2,0,2,0,2,0,2,0,2,0,2,0,,0,,0,,0,22,53
ctl2k07,M,kinder,school5,control_2,participant,1,1,1,1,1,1,1,1,1,1,1,1,1,1,1,1,1,1,1,1,1,1,2,0,1,1,1,1,2,0,2,0,2,0,13,3,1,3,1,3,1,4,1,4,1,4,1,6,1,6,1,6,1,8,1,8,1,8,1,10,1,10,1,10,1,11,1,11,1,11,1,16,1,16,1,16,1,21,21,,1,1,1,1,1,1,1,1,1,1,1,1,1,1,1,1,1,1,1,1,1,1,1,1,1,1,1,1,1,1,1,1,1,1,2,0,1,1,1,1,1,1,1,1,2,0,1,1,2,0,1,1,2,0,2,0,2,0,2,0,2,0,2,0,3,0,3,0,23,57
ctl2k08,F,kinder,school5,control_2,participant,1,1,1,1,2,0,1,1,1,1,2,0,2,0,1,1,1,1,2,0,1,1,2,0,1,1,2,0,3,0,3,0,2,0,8,3,1,3,1,3,1,4,1,4,1,4,1,6,1,6,1,6,1,6,0,6,0,6,0,7,0,7,0,7,0,9,0,9,0,9,0,8,0,8,0,8,0,9,24,,1,1,1,1,1,1,1,1,1,1,2,0,1,1,1,1,1,1,1,1,1,1,2,0,2,0,2,0,2,0,2,0,2,0,2,0,2,0,2,0,1,1,2,0,2,0,2,0,2,0,2,0,2,0,2,0,2,0,2,0,3,0,2,0,3,0,2,0,11,28
ctl2k09,F,kinder,school5,control_2,participant,1,1,1,1,1,1,1,1,1,1,1,1,1,1,1,1,1,1,1,1,3,0,2,0,2,0,2,0,2,0,2,0,2,0,10,3,1,3,1,3,1,4,1,4,1,4,1,6,1,6,1,6,1,8,1,8,1,8,1,10,1,10,1,10,1,11,1,11,1,11,1,16,1,16,1,16,1,21,29,,1,1,1,1,1,1,1,1,1,1,1,1,1,1,1,1,1,1,1,1,1,1,1,1,2,0,2,0,2,0,2,0,1,1,2,0,2,0,2,0,2,0,2,0,3,0,,0,,0,,0,,0,,0,,0,,0,,0,,0,,0,,0,13,44
ctl2k10,M,kinder,school5,control_2,participant,1,1,1,1,2,0,1,1,1,1,1,1,1,1,1,1,1,1,2,0,1,1,2,0,1,1,1,1,2,0,2,0,1,1,12,3,1,3,1,3,1,4,1,4,1,4,1,6,1,6,1,6,1,8,1,8,1,8,1,10,1,12,0,12,0,9,0,11,1,11,1,16,1,16,1,12,0,17,12,,1,1,1,1,1,1,1,1,1,1,1,1,1,1,1,1,1,1,1,1,1,1,1,1,1,1,1,1,1,1,1,1,2,0,2,0,2,0,2,0,3,0,3,0,2,0,3,0,1,1,1,1,2,0,2,0,2,0,3,0,2,0,2,0,3,0,3,0,18,47
ctl2k11,M,kinder,school5,control_2,participant,1,1,1,1,2,0,1,1,1,1,1,1,1,1,1,1,1,1,2,0,1,1,2,0,2,0,2,0,2,0,2,0,1,1,12,3,1,3,1,3,1,4,1,4,1,4,1,6,1,6,1,6,1,8,1,8,1,8,1,10,1,12,0,12,0,9,0,11,1,11,1,16,1,16,1,12,0,15,12,,1,1,1,1,1,1,1,1,1,1,1,1,1,1,1,1,1,1,1,1,1,1,1,1,1,1,1,1,1,1,1,1,2,0,2,0,2,0,2,0,3,0,3,0,2,0,3,0,1,1,1,1,2,0,2,0,2,0,3,0,2,0,2,0,3,0,3,0,18,45
ctl2k12,F,kinder,school5,control_2,participant,1,1,1,1,1,1,1,1,1,1,1,1,1,1,1,1,1,1,1,1,1,1,1,1,1,1,1,1,3,0,2,0,2,0,14,3,1,3,1,3,1,4,1,4,1,4,1,6,1,6,1,6,1,8,1,8,1,8,1,10,1,10,1,10,1,0,0,0,0,0,0,0,0,0,0,0,0,15,0,,2,0,1,0,1,0,1,0,1,0,1,0,1,0,1,0,1,0,1,0,1,0,1,0,1,0,1,0,2,0,1,0,2,0,3,0,2,0,2,0,2,0,2,0,,0,,0,,0,,0,,0,,0,,0,,0,,0,,0,,0,,0,0,29
ctl2k13,F,kinder,school5,control_2,drop-out,1,1,1,1,2,0,1,1,1,1,1,1,1,1,1,1,1,1,2,0,1,1,2,0,1,1,1,1,2,0,2,0,1,1,12,3,1,3,1,3,1,4,1,4,1,4,1,6,1,6,1,6,1,8,1,8,1,8,1,10,1,12,0,12,0,9,0,11,1,11,1,16,1,16,1,12,0,15,12,,1,1,1,1,1,1,1,1,1,1,1,1,1,1,1,1,1,1,1,1,1,1,1,1,1,1,1,1,1,1,1,1,2,0,2,0,2,0,2,0,3,0,3,0,2,0,3,0,1,1,1,1,2,0,2,0,2,0,3,0,2,0,2,0,3,0,3,0,18,47
ctl2k14,F,kinder,school5,control_2,participant,1,1,1,1,1,1,1,1,1,1,1,1,1,1,1,1,1,1,1,1,3,0,2,0,1,1,1,1,3,0,2,0,2,0,12,3,1,3,1,3,1,4,1,4,1,4,1,6,1,6,1,6,1,8,1,8,1,8,1,10,1,10,1,10,1,11,1,11,1,11,1,16,1,16,1,16,1,21,30,,1,1,1,1,1,1,1,1,1,1,1,1,1,1,1,1,1,1,1,1,1,1,1,1,1,1,1,1,2,0,1,1,1,1,1,1,3,0,1,1,1,1,2,0,2,0,1,1,1,1,2,0,3,0,2,0,2,0,3,0,2,0,,0,,0,,0,21,54
ctl2k15,M,kinder,school5,control_2,participant,1,1,1,1,1,1,1,1,1,1,1,1,1,1,1,1,1,1,1,1,1,1,1,1,1,1,1,1,1,1,1,1,1,1,17,3,1,3,1,3,1,4,1,4,1,4,1,6,1,6,1,6,1,8,1,8,1,8,1,10,1,10,1,10,1,11,1,11,1,11,1,16,1,16,1,16,1,21,25,,1,1,1,1,1,1,1,1,1,1,1,1,2,0,1,1,1,1,1,1,1,1,1,1,1,1,2,0,1,1,1,1,1,1,2,0,2,0,2,0,1,1,1,1,1,1,1,1,1,1,1,1,1,1,2,0,2,0,2,0,2,0,2,0,2,0,,0,22,60
dig501,M,fifth,school2,digital,participant,1,1,1,1,1,1,1,1,1,1,1,1,1,1,1,1,1,1,1,1,1,1,1,1,1,1,1,1,1,1,1,1,1,1,17,3,1,3,1,3,1,4,1,4,1,4,1,6,1,6,1,6,1,8,1,8,1,8,1,10,1,10,1,10,1,11,1,11,1,11,1,16,1,16,1,16,1,21,31,,1,1,1,1,1,1,1,1,1,1,1,1,1,1,1,1,1,1,1,1,1,1,1,1,1,1,1,1,1,1,1,1,1,1,1,1,1,1,1,1,1,1,1,1,1,1,1,1,1,1,1,1,1,1,1,1,1,1,1,1,1,1,1,1,2,0,2,0,32,70
dig502,M,fifth,school2,digital,drop-out,1,1,1,1,1,1,1,1,1,1,1,1,1,1,1,1,1,1,1,1,1,1,1,1,1,1,1,1,1,1,1,1,1,1,17,3,1,3,1,3,1,4,1,0,0,4,1,6,1,0,0,6,1,8,1,0,0,8,1,10,1,0,0,10,1,11,1,0,0,11,1,16,1,0,0,16,1,15,30,,1,1,1,1,1,1,1,1,1,1,1,1,1,1,1,1,1,1,1,1,1,1,1,1,1,1,1,1,1,1,2,0,1,1,1,1,1,1,1,1,1,1,1,1,1,1,1,1,1,1,1,1,1,1,1,1,1,1,2,0,1,1,1,1,1,1,1,1,32,64
dig503,F,fifth,school2,digital,participant,1,1,1,1,1,1,1,1,1,1,1,1,1,1,1,1,1,1,1,1,1,1,1,1,1,1,1,1,1,1,1,1,1,1,17,3,1,3,1,3,1,4,1,4,1,4,1,6,1,6,1,6,1,8,1,8,1,8,1,10,1,10,1,10,1,11,1,11,1,11,1,16,1,16,1,16,1,21,30,,1,1,1,1,1,1,1,1,1,1,1,1,1,1,1,1,1,1,1,1,1,1,1,1,2,0,1,1,1,1,1,1,1,1,1,1,1,1,1,1,1,1,1,1,1,1,1,1,1,1,2,0,1,1,3,0,2,0,2,0,1,1,3,0,3,0,3,0,26,64
dig504,M,fifth,school2,digital,participant,1,1,1,1,1,1,1,1,1,1,1,1,1,1,1,1,1,1,1,1,1,1,1,1,1,1,1,1,1,1,1,1,1,1,17,3,1,3,1,3,1,4,1,4,1,4,1,6,1,6,1,6,1,8,1,8,1,8,1,10,1,10,1,10,1,11,1,11,1,11,1,20,0,20,0,20,0,18,30,,1,1,1,1,2,0,2,0,1,1,1,1,1,1,1,1,1,1,1,1,1,1,1,1,1,1,1,1,1,1,1,1,1,1,1,1,1,1,1,1,1,1,1,1,1,1,1,1,1,1,1,1,1,1,2,0,3,0,3,0,1,1,3,0,3,0,3,0,28,63
dig505,M,fifth,school2,digital,participant,1,1,1,1,1,1,1,1,1,1,1,1,1,1,1,1,1,1,1,1,1,1,1,1,1,1,1,1,1,1,1,1,1,1,17,3,1,3,1,3,1,4,1,4,1,4,1,6,1,6,1,6,1,8,1,8,1,8,1,10,1,10,1,10,1,11,1,11,1,11,1,16,1,16,1,16,1,21,31,,1,1,1,1,1,1,1,1,1,1,1,1,1,1,1,1,1,1,1,1,1,1,1,1,1,1,1,1,1,1,1,1,1,1,1,1,1,1,1,1,1,1,1,1,1,1,1,1,1,1,1,1,1,1,2,0,1,1,2,0,1,1,1,1,1,1,1,1,32,70
dig506,F,fifth,school2,digital,participant,1,1,1,1,1,1,1,1,1,1,1,1,1,1,1,1,1,1,1,1,1,1,1,1,1,1,1,1,1,1,1,1,1,1,17,3,1,3,1,3,1,4,1,4,1,4,1,6,1,6,1,6,1,8,1,8,1,8,1,10,1,10,1,10,1,11,1,11,1,11,1,16,1,16,1,16,1,21,35,,1,1,1,1,1,1,1,1,1,1,1,1,1,1,1,1,1,1,1,1,1,1,1,1,1,1,1,1,1,1,1,1,1,1,1,1,1,1,1,1,1,1,1,1,1,1,1,1,1,1,3,0,2,0,1,1,2,0,1,1,1,1,1,1,1,1,3,0,30,68
dig507,M,fifth,school2,digital,participant,1,1,1,1,1,1,1,1,1,1,1,1,1,1,1,1,1,1,1,1,1,1,1,1,1,1,1,1,1,1,1,1,1,1,17,3,1,3,1,3,1,4,1,4,1,4,1,6,1,6,1,6,1,8,1,8,1,8,1,10,1,10,1,10,1,11,1,11,1,11,1,16,1,16,1,16,1,21,31,,1,1,1,1,1,1,1,1,1,1,1,1,1,1,1,1,1,1,1,1,1,1,1,1,1,1,1,1,1,1,1,1,1,1,1,1,1,1,1,1,1,1,1,1,1,1,1,1,1,1,1,1,1,1,2,0,1,1,1,1,1,1,3,0,3,0,2,0,30,68
dig508,M,fifth,school2,digital,participant,1,1,1,1,1,1,1,1,1,1,1,1,1,1,1,1,1,1,1,1,1,1,1,1,1,1,1,1,1,1,1,1,1,1,17,3,1,3,1,3,1,4,1,4,1,4,1,6,1,6,1,6,1,8,1,8,1,8,1,10,1,10,1,10,1,11,1,11,1,11,1,16,1,16,1,16,1,21,31,,1,1,1,1,1,1,1,1,1,1,1,1,1,1,1,1,1,1,1,1,1,1,1,1,1,1,1,1,1,1,1,1,1,1,1,1,1,1,1,1,1,1,1,1,1,1,1,1,1,1,1,1,1,1,2,0,1,1,1,1,1,1,1,1,1,1,4,0,32,70
dig509,F,fifth,school2,digital,participant,1,1,1,1,1,1,1,1,1,1,1,1,1,1,1,1,1,1,1,1,1,1,1,1,1,1,1,1,1,1,1,1,1,1,17,3,1,3,1,3,1,4,1,4,1,4,1,6,1,6,1,6,1,8,1,8,1,8,1,10,1,10,1,10,1,11,1,11,1,11,1,16,1,16,1,16,1,21,31,,1,1,1,1,1,1,1,1,1,1,1,1,1,1,1,1,1,1,1,1,1,1,1,1,1,1,1,1,1,1,1,1,1,1,2,0,1,1,1,1,1,1,1,1,1,1,1,1,1,1,1,1,1,1,1,1,1,1,1,1,1,1,1,1,1,1,1,1,33,71
dig510,F,fifth,school2,digital,participant,1,1,1,1,1,1,1,1,1,1,1,1,1,1,1,1,1,1,1,1,1,1,1,1,1,1,1,1,1,1,1,1,1,1,17,3,1,3,1,3,1,4,1,4,1,4,1,6,1,6,1,6,1,8,1,8,1,8,1,10,1,10,1,10,1,11,1,11,1,11,1,16,1,16,1,16,1,21,30,,1,1,1,1,1,1,1,1,1,1,1,1,1,1,1,1,1,1,1,1,1,1,1,1,1,1,1,1,1,1,1,1,1,1,1,1,1,1,1,1,1,1,1,1,1,1,1,1,1,1,1,1,1,1,3,0,1,1,1,1,1,1,1,1,2,0,2,0,31,69
dig511,M,fifth,school2,digital,rejected,,,,,,,,,,,,,,,,,,,,,,,,,,,,,,,,,,,,,,,,,,,,,,,,,,,,,,,,,,,,,,,,,,,,,,,,,,,,,,,,,,,,,,,,,,,,,,,,,,,,,,,,,,,,,,,,,,,,,,,,,,,,,,,,,,,,,,,,,,,,,,,,,,,,,,
dig512,F,fifth,school2,digital,participant,1,1,1,1,1,1,1,1,1,1,1,1,1,1,1,1,1,1,1,1,1,1,1,1,1,1,1,1,1,1,1,1,1,1,17,3,1,3,1,3,1,4,1,4,1,4,1,6,1,6,1,6,1,8,1,8,1,8,1,10,1,10,1,10,1,11,1,11,1,11,1,16,1,16,1,16,1,21,26,,1,1,1,1,1,1,1,1,1,1,1,1,1,1,1,1,1,1,1,1,1,1,1,1,1,1,1,1,1,1,1,1,1,1,1,1,1,1,1,1,1,1,1,1,1,1,1,1,1,1,1,1,1,1,1,1,1,1,1,1,1,1,1,1,2,0,1,1,33,71
dig513,F,fifth,school2,digital,participant,1,1,1,1,1,1,1,1,1,1,1,1,1,1,1,1,1,1,1,1,1,1,1,1,1,1,1,1,1,1,1,1,1,1,17,3,1,3,1,3,1,4,1,4,1,4,1,6,1,6,1,6,1,8,1,0,0,8,1,10,1,0,0,10,1,11,1,11,1,11,1,16,1,16,1,16,1,19,31,,1,1,1,1,1,1,1,1,1,1,1,1,1,1,1,1,1,1,1,1,1,1,1,1,1,1,2,0,1,1,1,1,1,1,1,1,1,1,1,1,1,1,1,1,1,1,1,1,1,1,1,1,1,1,2,0,1,1,1,1,1,1,1,1,1,1,2,0,31,67
dig514,F,fifth,school2,digital,participant,1,1,1,1,1,1,1,1,1,1,1,1,1,1,1,1,1,1,1,1,1,1,1,1,1,1,1,1,1,1,1,1,1,1,17,3,1,3,1,3,1,4,1,4,1,4,1,6,1,6,1,6,1,8,1,8,1,8,1,10,1,10,1,10,1,11,1,11,1,11,1,16,1,16,1,16,1,21,41,,1,1,1,1,1,1,1,1,1,1,1,1,1,1,1,1,1,1,1,1,1,1,1,1,1,1,1,1,1,1,1,1,1,1,1,1,1,1,2,0,1,1,1,1,1,1,1,1,1,1,1,1,1,1,3,0,3,0,1,1,1,1,3,0,3,0,3,0,28,66
dig515,M,fifth,school2,digital,rejected,,,,,,,,,,,,,,,,,,,,,,,,,,,,,,,,,,,,,,,,,,,,,,,,,,,,,,,,,,,,,,,,,,,,,,,,,,,,,,,,,,,,,,,,,,,,,,,,,,,,,,,,,,,,,,,,,,,,,,,,,,,,,,,,,,,,,,,,,,,,,,,,,,,,,,
dig516,M,fifth,school2,digital,participant,1,1,1,1,1,1,1,1,1,1,1,1,1,1,1,1,1,1,1,1,1,1,1,1,1,1,1,1,1,1,1,1,1,1,17,3,1,3,1,3,1,4,1,4,1,4,1,6,1,6,1,6,1,8,1,8,1,8,1,10,1,10,1,10,1,11,1,11,1,11,1,16,1,16,1,16,1,21,30,,1,1,1,1,1,1,1,1,1,1,1,1,1,1,1,1,1,1,1,1,1,1,1,1,1,1,1,1,1,1,1,1,1,1,1,1,1,1,1,1,1,1,1,1,1,1,1,1,1,1,1,1,1,1,3,0,2,0,1,1,1,1,1,1,1,1,1,1,32,70
dig517,M,fifth,school2,digital,participant,1,1,1,1,1,1,1,1,1,1,1,1,1,1,1,1,1,1,1,1,1,1,1,1,1,1,1,1,1,1,1,1,1,1,17,3,1,3,1,3,1,4,1,4,1,4,1,6,1,6,1,6,1,8,1,8,1,8,1,10,1,10,1,10,1,11,1,11,1,11,1,16,1,16,1,16,1,21,30,,1,1,1,1,1,1,1,1,1,1,1,1,1,1,1,1,1,1,1,1,1,1,1,1,1,1,1,1,1,1,1,1,1,1,1,1,1,1,1,1,1,1,1,1,1,1,1,1,1,1,1,1,1,1,1,1,1,1,1,1,1,1,1,1,2,0,1,1,33,71
dig518,M,fifth,school2,digital,participant,1,1,1,1,1,1,1,1,1,1,1,1,1,1,1,1,1,1,1,1,1,1,1,1,1,1,1,1,1,1,1,1,1,1,17,3,1,3,1,3,1,4,1,4,1,4,1,6,1,6,1,6,1,8,1,8,1,8,1,10,1,10,1,10,1,11,1,11,1,11,1,16,1,16,1,16,1,21,100,,1,1,1,1,1,1,1,1,1,1,1,1,1,1,1,1,1,1,1,1,1,1,1,1,1,1,1,1,1,1,1,1,1,1,1,1,1,1,1,1,1,1,2,0,1,1,1,1,1,1,2,0,2,0,3,0,2,0,2,0,2,0,2,0,2,0,3,0,24,62
dig519,M,fifth,school2,digital,rejected,,,,,,,,,,,,,,,,,,,,,,,,,,,,,,,,,,,,,,,,,,,,,,,,,,,,,,,,,,,,,,,,,,,,,,,,,,,,,,,,,,,,,,,,,,,,,,,,,,,,,,,,,,,,,,,,,,,,,,,,,,,,,,,,,,,,,,,,,,,,,,,,,,,,,,
dig520,M,fifth,school2,digital,participant,1,1,1,1,1,1,1,1,1,1,1,1,1,1,1,1,1,1,1,1,1,1,1,1,1,1,1,1,1,1,1,1,1,1,17,3,1,3,1,3,1,4,1,4,1,4,1,6,1,6,1,6,1,8,1,8,1,8,1,10,1,10,1,10,1,11,1,11,1,11,1,16,1,16,1,16,1,21,30,,1,1,1,1,1,1,1,1,1,1,1,1,1,1,1,1,1,1,1,1,1,1,1,1,1,1,1,1,1,1,1,1,1,1,1,1,1,1,1,1,1,1,1,1,1,1,1,1,1,1,1,1,1,1,1,1,1,1,1,1,1,1,1,1,1,1,1,1,34,72
dig521,M,fifth,school2,digital,participant,1,1,1,1,1,1,1,1,1,1,1,1,1,1,1,1,1,1,1,1,1,1,1,1,1,1,1,1,1,1,1,1,1,1,17,3,1,3,1,3,1,4,1,4,1,4,1,6,1,6,1,6,1,8,1,8,1,8,1,9,0,9,0,9,0,11,1,11,1,11,1,15,0,15,0,15,0,15,30,,1,1,1,1,1,1,1,1,1,1,1,1,1,1,1,1,1,1,1,1,1,1,1,1,1,1,1,1,1,1,1,1,1,1,1,1,1,1,3,0,1,1,3,0,1,1,1,1,1,1,1,1,1,1,3,0,3,0,3,0,1,1,1,1,1,1,3,0,29,51
dig522,M,fifth,school2,digital,participant,1,1,1,1,1,1,1,1,1,1,1,1,1,1,1,1,1,1,1,1,1,1,1,1,1,1,1,1,1,1,1,1,1,1,17,3,1,3,1,3,1,4,1,4,1,4,1,6,1,6,1,6,1,8,1,8,1,8,1,10,1,10,1,10,1,11,1,11,1,11,1,16,1,16,1,16,1,21,31,,1,1,1,1,1,1,1,1,1,1,1,1,1,1,1,1,1,1,1,1,1,1,1,1,1,1,1,1,1,1,1,1,1,1,1,1,1,1,1,1,1,1,1,1,1,1,1,1,1,1,1,1,1,1,1,1,1,1,2,0,1,1,1,1,1,1,1,1,33,71
dig523,M,fifth,school2,digital,participant,1,1,1,1,1,1,1,1,1,1,1,1,1,1,1,1,1,1,1,1,1,1,1,1,1,1,1,1,1,1,1,1,1,1,17,3,1,3,1,3,1,4,1,4,1,4,1,6,1,6,1,6,1,8,1,8,1,8,1,10,1,10,1,10,1,11,1,11,1,11,1,16,1,16,1,16,1,21,43,,1,1,1,1,1,1,1,1,1,1,1,1,1,1,1,1,2,0,1,1,2,0,1,1,1,1,1,1,1,1,1,1,1,1,1,1,1,1,1,1,1,1,1,1,1,1,1,1,1,1,1,1,2,0,2,0,2,0,2,0,1,1,1,1,2,0,1,1,27,65
dig524,F,fifth,school2,digital,participant,1,1,1,1,1,1,1,1,1,1,1,1,1,1,1,1,1,1,1,1,1,1,1,1,1,1,1,1,1,1,1,1,1,1,17,3,1,3,1,3,1,4,1,4,1,4,1,6,1,6,1,6,1,8,1,8,1,8,1,10,1,10,1,10,1,11,1,11,1,11,1,16,1,16,1,16,1,21,31,,1,1,1,1,1,1,1,1,1,1,1,1,1,1,1,1,1,1,1,1,1,1,1,1,1,1,1,1,1,1,1,1,1,1,1,1,1,1,1,1,1,1,1,1,1,1,1,1,1,1,1,1,1,1,3,0,2,0,1,1,1,1,1,1,2,0,3,0,30,68
dig525,F,fifth,school2,digital,rejected,,,,,,,,,,,,,,,,,,,,,,,,,,,,,,,,,,,,,,,,,,,,,,,,,,,,,,,,,,,,,,,,,,,,,,,,,,,,,,,,,,,,,,,,,,,,,,,,,,,,,,,,,,,,,,,,,,,,,,,,,,,,,,,,,,,,,,,,,,,,,,,,,,,,,,
dig526,M,fifth,school2,digital,participant,1,1,1,1,1,1,1,1,1,1,1,1,1,1,1,1,1,1,1,1,1,1,1,1,1,1,1,1,1,1,1,1,1,1,17,3,1,,,,,4,1,,,,,6,1,,,,,8,1,,,,,10,1,,,,,11,1,,,,,16,1,,,,,21,20,,1,1,1,1,1,1,1,1,1,1,1,1,1,1,1,1,1,1,1,1,1,1,1,1,1,1,1,1,1,1,1,1,1,1,1,1,1,1,1,1,1,1,1,1,1,1,1,1,1,1,2,0,1,1,2,0,2,0,1,1,2,0,2,0,2,0,2,0,27,65
dig527,M,fifth,school2,digital,participant,1,1,1,1,1,1,1,1,1,1,1,1,1,1,1,1,1,1,1,1,1,1,1,1,1,1,1,1,1,1,1,1,1,1,17,3,1,3,1,3,1,4,1,4,1,4,1,6,1,6,1,6,1,8,1,8,1,8,1,10,1,10,1,10,1,11,1,11,1,11,1,16,1,16,1,16,1,21,170,,1,1,1,1,1,1,1,1,1,1,1,1,1,1,1,1,1,1,1,1,1,1,1,1,1,1,1,1,1,1,1,1,2,0,1,1,1,1,1,1,1,1,1,1,1,1,1,1,1,1,1,1,1,1,3,0,1,1,1,1,1,1,1,1,1,1,1,1,32,70
dig528,F,fifth,school2,digital,rejected,,,,,,,,,,,,,,,,,,,,,,,,,,,,,,,,,,,,,,,,,,,,,,,,,,,,,,,,,,,,,,,,,,,,,,,,,,,,,,,,,,,,,,,,,,,,,,,,,,,,,,,,,,,,,,,,,,,,,,,,,,,,,,,,,,,,,,,,,,,,,,,,,,,,,,
dig529,M,fifth,school2,digital,participant,1,1,1,1,1,1,1,1,1,1,1,1,1,1,1,1,1,1,1,1,1,1,1,1,1,1,1,1,1,1,1,1,1,1,17,3,1,3,1,3,1,4,1,4,1,4,1,6,1,6,1,6,1,8,1,8,1,8,1,10,1,10,1,10,1,11,1,11,1,11,1,16,1,16,1,16,1,21,100,,1,1,1,1,1,1,1,1,1,1,1,1,1,1,1,1,1,1,1,1,1,1,1,1,1,1,1,1,1,1,1,1,1,1,1,1,1,1,1,1,1,1,2,0,1,1,1,1,1,1,2,0,2,0,3,0,2,0,2,0,2,0,2,0,2,0,3,0,24,62
dig530,F,fifth,school2,digital,participant,1,1,1,1,1,1,1,1,1,1,1,1,1,1,1,1,1,1,1,1,1,1,1,1,1,1,1,1,1,1,1,1,1,1,17,3,1,3,1,3,1,4,1,4,1,4,1,6,1,6,1,6,1,8,1,8,1,8,1,10,1,10,1,10,1,11,1,11,1,11,1,16,1,16,1,16,1,21,40,,1,1,1,1,1,1,1,1,1,1,1,1,1,1,1,1,1,1,1,1,1,1,1,1,1,1,1,1,1,1,1,1,1,1,1,1,1,1,1,1,1,1,1,1,1,1,1,1,2,0,1,1,1,1,3,0,3,0,3,0,3,0,3,0,3,0,3,0,25,63
dig531,F,fifth,school2,digital,rejected,,,,,,,,,,,,,,,,,,,,,,,,,,,,,,,,,,,,,,,,,,,,,,,,,,,,,,,,,,,,,,,,,,,,,,,,,,,,,,,,,,,,,,,,,,,,,,,,,,,,,,,,,,,,,,,,,,,,,,,,,,,,,,,,,,,,,,,,,,,,,,,,,,,,,,
dig532,M,fifth,school2,digital,rejected,,,,,,,,,,,,,,,,,,,,,,,,,,,,,,,,,,,,,,,,,,,,,,,,,,,,,,,,,,,,,,,,,,,,,,,,,,,,,,,,,,,,,,,,,,,,,,,,,,,,,,,,,,,,,,,,,,,,,,,,,,,,,,,,,,,,,,,,,,,,,,,,,,,,,,
dig533,M,fifth,school2,digital,participant,1,1,1,1,1,1,1,1,1,1,1,1,1,1,1,1,1,1,1,1,1,1,1,1,1,1,1,1,1,1,1,1,1,1,17,3,1,3,1,3,1,4,1,4,1,4,1,6,1,6,1,6,1,8,1,8,1,8,1,10,1,10,1,10,1,11,1,11,1,11,1,16,1,16,1,16,1,21,89,,1,1,1,1,1,1,1,1,1,1,1,1,1,1,1,1,1,1,1,1,1,1,1,1,1,1,1,1,1,1,1,1,1,1,1,1,1,1,1,1,1,1,1,1,1,1,1,1,1,1,1,1,2,0,3,0,2,0,1,1,1,1,1,1,1,1,1,1,31,69
dig534,F,fifth,school2,digital,drop-out,1,1,1,1,1,1,1,1,1,1,1,1,1,1,1,1,1,1,1,1,1,1,1,1,1,1,1,1,1,1,1,1,1,1,17,3,1,3,1,3,1,4,1,4,1,4,1,6,1,6,1,6,1,8,1,8,1,8,1,10,1,10,1,10,1,11,1,11,1,11,1,16,1,16,1,16,1,21,76,,1,1,1,1,1,1,1,1,1,1,1,1,1,1,1,1,1,1,1,1,1,1,1,1,1,1,1,1,1,1,1,1,1,1,1,1,1,1,1,1,1,1,1,1,1,1,1,1,1,1,1,1,1,1,3,0,2,0,1,1,1,1,2,0,1,1,2,0,30,68
digk01,M,kinder,school2,digital,participant,1,1,1,1,1,1,1,1,1,1,1,1,1,1,1,1,1,1,2,0,3,0,3,0,1,1,1,1,3,0,3,0,3,0,11,3,1,3,1,3,1,4,1,4,1,4,1,6,1,6,1,6,1,8,1,8,1,8,1,10,1,10,1,10,1,11,1,0,0,11,1,15,0,15,0,15,0,17,12,,1,1,1,1,1,1,1,1,1,1,1,1,1,1,1,1,1,1,1,1,1,1,1,1,2,0,1,1,2,0,1,1,1,1,1,1,1,1,2,0,3,0,1,1,3,0,3,0,2,0,2,0,3,0,3,0,1,1,3,0,3,0,2,0,3,0,3,0,19,47
digk02,F,kinder,school2,digital,participant,1,1,1,1,1,1,1,1,1,1,1,1,1,1,1,1,1,1,1,1,1,1,2,0,2,0,1,1,1,1,1,1,1,1,15,3,1,3,1,3,1,4,1,4,1,4,1,6,1,6,1,6,1,8,1,8,1,8,1,10,1,10,1,10,1,11,1,11,1,11,1,16,1,16,1,16,1,21,31,,1,1,1,1,1,1,1,1,1,1,1,1,1,1,1,1,1,1,1,1,1,1,1,1,1,1,1,1,1,1,1,1,1,1,1,1,1,1,1,1,1,1,1,1,2,0,1,1,2,0,1,1,2,0,2,0,1,1,2,0,2,0,2,0,2,0,2,0,25,61
digk03,F,kinder,school2,digital,atypical,,,,,,,,,,,,,,,,,,,,,,,,,,,,,,,,,,,,,,,,,,,,,,,,,,,,,,,,,,,,,,,,,,,,,,,,,,,,,,,,,,,,,,,,,,,,,,,,,,,,,,,,,,,,,,,,,,,,,,,,,,,,,,,,,,,,,,,,,,,,,,,,,,,,,,
digk04,M,kinder,school2,digital,participant,1,1,1,1,1,1,1,1,1,1,1,1,1,1,1,1,1,1,1,1,1,1,1,1,1,1,1,1,1,1,1,1,1,1,17,3,1,3,1,3,1,4,1,4,1,4,1,6,1,6,1,6,1,8,1,8,1,8,1,10,1,10,1,10,1,11,1,11,1,11,1,16,1,16,1,16,1,21,20,,1,1,1,1,1,0,1,1,1,1,1,1,1,1,1,1,1,1,1,1,1,1,2,0,1,1,1,1,1,1,1,1,2,0,2,0,2,0,2,0,2,0,1,1,3,0,2,0,2,0,3,0,2,0,2,0,,0,,0,,0,,0,,0,,0,15,53
digk05,F,kinder,school2,digital,participant,1,1,1,1,2,0,2,0,2,0,2,0,1,1,1,1,1,1,2,0,2,0,2,0,,0,2,0,2,0,2,0,2,0,5,4,0,3,1,5,0,5,0,5,0,6,0,9,0,7,0,5,0,20,0,21,0,10,0,20,0,24,0,8,0,17,0,19,0,5,0,13,0,17,0,5,0,1,6,,2,0,1,1,1,1,1,1,1,1,1,1,1,1,1,1,1,1,1,1,2,0,2,0,2,0,2,0,2,0,2,0,2,0,2,0,2,0,2,0,2,0,2,0,2,0,2,0,2,0,2,0,2,0,2,0,2,0,2,0,2,0,2,0,2,0,,0,9,15
digk06,F,kinder,school2,digital,rejected,,,,,,,,,,,,,,,,,,,,,,,,,,,,,,,,,,,,,,,,,,,,,,,,,,,,,,,,,,,,,,,,,,,,,,,,,,,,,,,,,,,,,,,,,,,,,,,,,,,,,,,,,,,,,,,,,,,,,,,,,,,,,,,,,,,,,,,,,,,,,,,,,,,,,,
digk07,M,kinder,school2,digital,participant,1,1,1,1,1,1,1,1,1,1,1,1,1,1,1,1,1,1,1,1,1,1,1,1,1,1,1,1,1,1,1,1,1,1,17,3,1,3,1,3,1,4,1,4,1,4,1,6,1,6,1,6,1,9,0,9,0,9,0,9,0,8,0,8,0,12,0,12,0,12,0,13,0,13,0,13,0,9,30,,1,1,1,1,1,1,1,1,1,1,1,1,1,1,1,1,2,0,1,1,1,1,2,0,1,1,1,1,1,1,1,1,2,0,2,0,1,1,1,1,2,0,2,0,1,1,2,0,2,0,2,0,2,0,2,0,2,0,,0,,0,,0,,0,,0,17,43
digk08,F,kinder,school2,digital,participant,1,1,1,1,1,1,1,1,1,1,1,1,1,1,1,1,1,1,1,1,1,1,1,1,1,1,1,1,1,1,1,1,1,1,17,3,1,3,1,3,1,4,1,4,1,4,1,8,0,6,1,6,1,8,1,8,1,8,1,10,1,10,1,10,1,11,1,11,1,11,1,16,1,16,1,16,1,20,40,,1,1,1,1,1,1,1,1,1,1,1,1,1,1,1,1,1,1,1,1,1,1,1,1,1,1,1,1,1,1,1,1,1,1,1,1,1,1,1,1,1,1,1,1,1,1,1,1,1,1,1,1,1,1,1,1,1,1,1,1,1,1,3,0,3,0,3,0,31,68
digk09,F,kinder,school2,digital,participant,1,1,1,1,1,1,1,1,1,1,1,1,1,1,1,1,1,1,1,1,1,1,2,0,2,0,2,0,1,1,1,1,1,1,14,3,1,3,1,3,1,4,1,4,1,4,1,6,1,6,1,6,1,8,1,8,1,8,1,10,1,10,1,10,1,12,0,11,1,12,0,20,0,25,0,25,0,16,20,,1,1,1,1,1,1,1,1,1,1,1,1,1,1,1,1,1,1,1,1,1,1,1,1,1,1,2,0,1,1,1,1,2,0,2,0,2,0,2,0,2,0,3,0,,0,,0,,0,,0,,0,,0,,0,,0,,0,,0,,0,,0,15,45
digk10,F,kinder,school2,digital,participant,1,1,1,1,3,0,1,1,1,1,1,1,1,1,1,1,1,1,1,1,3,0,3,0,2,0,1,1,3,0,3,0,3,0,10,3,1,3,1,3,1,5,0,5,0,5,0,6,1,6,1,6,1,8,1,8,1,8,1,9,0,10,1,10,1,10,0,10,0,10,0,18,0,20,0,20,0,11,10,,1,1,1,1,1,1,1,1,1,1,1,1,1,1,1,1,1,1,1,1,1,1,1,1,1,1,1,1,2,0,1,1,2,0,2,0,2,0,2,0,2,0,2,0,,0,,0,,0,,0,,0,,0,,0,,0,,0,,0,,0,,0,15,36
digk11,M,kinder,school2,digital,participant,,0,1,1,1,1,1,1,1,1,2,0,1,1,1,1,1,1,1,1,1,1,3,0,2,0,1,1,1,1,2,0,2,0,11,3,1,3,1,3,1,4,1,4,1,4,1,6,1,4,0,6,1,7,0,5,0,8,1,8,0,10,1,10,1,13,0,9,0,11,1,19,0,11,0,11,0,12,11,,1,1,1,1,1,1,1,1,1,1,1,1,2,0,2,0,1,1,1,1,1,1,2,0,2,0,2,0,2,0,2,0,2,0,,0,,0,,0,,0,,0,,0,,0,,0,,0,,0,,0,,0,,0,,0,,0,,0,,0,9,32
digk12,F,kinder,school2,digital,participant,1,1,1,1,3,0,1,1,1,1,1,1,1,1,1,1,1,1,1,1,3,0,3,0,2,0,1,1,3,0,3,0,3,0,10,3,1,3,1,3,1,5,0,5,0,5,0,6,1,6,1,6,1,8,1,8,1,8,1,9,0,10,1,10,1,10,0,10,0,10,0,18,0,20,0,20,0,11,10,,1,1,1,1,1,1,1,1,1,1,1,1,1,1,1,1,1,1,1,1,1,1,1,1,1,1,1,1,2,0,1,1,2,0,2,0,2,0,2,0,2,0,2,0,,0,,0,,0,,0,,0,,0,,0,,0,,0,,0,,0,,0,15,36
digk13,M,kinder,school2,digital,participant,1,1,1,1,1,1,1,1,1,1,1,1,1,1,1,1,1,1,1,1,1,1,1,1,1,1,1,1,1,1,1,1,1,1,17,3,1,3,1,3,1,4,1,4,1,4,1,5,0,6,1,6,1,8,1,8,1,8,1,10,1,10,1,10,1,11,1,11,1,11,1,16,1,16,1,16,1,20,16,,1,1,1,1,1,1,1,1,1,1,1,1,2,0,2,0,1,1,1,1,1,1,1,1,2,0,2,0,1,1,2,0,2,0,2,0,2,0,2,0,2,0,,0,,0,,0,,0,,0,,0,,0,,0,,0,,0,,0,,0,,0,11,48
digk14,M,kinder,school2,digital,participant,1,1,1,1,1,1,1,1,1,1,1,1,1,1,1,1,1,1,1,1,1,1,1,1,2,0,1,1,1,1,1,1,1,1,16,3,1,,,,,4,1,,,,,6,1,,,,,8,1,,,,,10,1,,,,,11,1,,,,,16,1,,,,,21,29,,1,1,1,1,1,1,2,0,1,1,1,1,1,1,1,1,2,0,1,1,1,1,2,0,2,0,2,0,1,1,2,0,1,1,2,0,1,1,2,0,2,0,2,0,3,0,2,0,2,0,2,0,,0,,0,,0,,0,,0,,0,,0,,0,12,49
digk15,F,kinder,school2,digital,participant,1,1,1,1,1,1,1,1,1,1,1,1,1,1,1,1,1,1,1,1,2,0,2,0,2,0,1,1,2,0,1,1,1,1,13,3,1,,,,,4,1,,,,,6,1,,,,,8,1,,,,,10,1,,,,,11,1,,,,,13,0,,,,,18,30,,1,1,1,1,1,1,1,1,1,1,1,1,1,1,1,1,1,1,1,1,1,1,2,0,1,1,1,1,2,0,1,1,2,0,2,0,2,0,2,0,2,0,2,0,,0,,0,,0,,0,,0,,0,,0,,0,,0,,0,,0,,0,14,45
digk16,M,kinder,school2,digital,participant,1,1,1,1,1,1,1,1,1,1,1,1,1,1,1,1,1,1,1,1,1,1,1,1,1,1,1,1,1,1,1,1,1,1,17,3,1,3,1,3,1,4,1,4,1,4,1,6,1,6,1,6,1,10,0,8,1,8,1,16,0,16,0,16,0,11,1,11,1,11,1,14,0,14,0,14,0,14,15,,1,1,1,1,1,1,1,1,1,1,1,1,1,1,1,1,1,1,1,1,1,1,2,0,2,0,1,1,1,1,1,1,1,1,2,0,1,1,1,1,2,0,2,0,2,0,2,0,2,0,2,0,,0,,0,,0,,0,,0,,0,,0,,0,17,48
digk17,F,kinder,school2,digital,participant,1,1,1,1,1,1,1,1,1,1,1,1,1,1,1,1,1,1,1,1,1,1,1,1,1,1,1,1,1,1,1,1,1,1,17,3,1,3,1,3,1,4,1,4,1,4,1,6,1,6,1,6,1,8,1,8,1,8,1,10,1,10,1,10,1,11,1,11,1,11,1,16,1,16,1,16,1,21,20,,1,1,1,1,1,1,1,1,1,1,1,1,1,1,1,1,1,1,1,1,1,1,1,1,2,0,2,0,1,1,2,0,2,0,2,0,2,0,2,0,3,0,,0,,0,,0,,0,,0,,0,,0,,0,,0,,0,,0,,0,,0,13,51
digk18,M,kinder,school2,digital,participant,1,1,1,1,1,1,1,1,1,1,1,1,1,1,1,1,1,1,1,1,1,1,1,1,1,1,1,1,1,1,1,1,1,1,17,4,0,1,0,1,0,4,1,2,0,2,0,6,1,6,1,6,1,9,0,8,1,8,1,10,1,10,1,10,1,11,1,11,1,11,1,20,0,16,1,16,1,14,41,,1,1,1,1,1,1,1,1,1,1,1,1,1,1,1,1,1,1,1,1,1,1,1,1,1,1,1,1,1,1,1,1,2,0,1,1,1,1,2,0,2,0,2,0,2,0,2,0,1,1,2,0,2,0,2,0,2,0,2,0,3,0,,0,,0,,0,19,50
digk19,M,kinder,school2,digital,participant,1,1,1,1,1,1,1,1,1,1,1,1,1,1,1,1,1,1,1,1,1,1,1,1,1,1,1,1,1,1,1,1,1,1,17,3,1,3,1,3,1,4,1,4,1,4,1,6,1,6,1,6,1,9,0,8,1,8,1,10,1,10,1,10,1,11,1,11,1,11,1,15,0,15,0,15,0,18,20,,1,1,1,1,1,1,1,1,1,1,1,1,1,1,1,1,2,0,1,1,1,1,2,0,1,1,2,0,1,1,2,0,2,0,2,0,2,0,2,0,4,0,,0,,0,,0,,0,,0,,0,,0,,0,,0,,0,,0,,0,,0,12,47
digk20,F,kinder,school2,digital,participant,1,1,1,1,1,1,1,1,1,1,1,1,1,1,1,1,1,1,1,1,1,1,2,0,3,0,1,1,1,1,3,0,1,1,14,3,1,3,1,3,1,4,1,4,1,4,1,6,1,6,1,6,1,8,1,8,1,8,1,10,1,11,0,11,0,11,1,10,0,10,0,16,1,16,1,16,1,17,20,,1,1,1,1,1,1,1,1,1,1,1,1,1,1,1,1,1,1,1,1,1,1,2,0,1,1,1,1,1,1,1,1,2,0,3,0,2,0,2,0,2,0,2,0,,0,,0,,0,,0,,0,,0,,0,,0,,0,,0,,0,,0,15,46
digk21,M,kinder,school2,digital,atypical,,,,,,,,,,,,,,,,,,,,,,,,,,,,,,,,,,,,,,,,,,,,,,,,,,,,,,,,,,,,,,,,,,,,,,,,,,,,,,,,,,,,,,,,,,,,,,,,,,,,,,,,,,,,,,,,,,,,,,,,,,,,,,,,,,,,,,,,,,,,,,,,,,,,,,
digk22,F,kinder,school2,digital,participant,1,1,1,1,1,1,1,1,1,1,1,1,1,1,1,1,1,1,1,1,3,0,3,0,3,0,1,1,1,1,3,0,1,1,13,3,1,3,1,3,1,4,1,4,1,4,1,6,1,6,1,6,1,8,1,8,1,8,1,10,1,10,1,10,1,11,1,11,1,11,1,14,0,13,0,13,0,18,16,,1,1,1,1,1,1,1,1,1,1,1,1,1,1,1,1,1,1,1,1,1,1,2,0,1,1,1,1,1,1,1,1,2,0,2,0,2,0,2,0,2,0,2,0,,0,,0,,0,,0,,0,,0,,0,,0,,0,,0,,0,,0,15,46
digk23,M,kinder,school2,digital,participant,1,1,1,1,2,0,2,0,2,0,2,0,1,1,1,1,2,0,3,0,2,0,2,0,2,0,2,0,2,0,3,0,2,0,4,3,1,3,1,3,1,4,1,4,1,4,1,7,0,6,1,6,1,8,1,8,1,8,1,10,1,10,1,10,1,10,0,10,0,10,0,17,0,16,1,10,0,15,20,,1,1,1,1,1,1,1,1,1,1,1,1,1,1,1,1,1,1,1,1,2,0,2,0,2,0,2,0,1,1,1,1,2,0,2,0,2,0,2,0,2,0,2,0,3,0,2,0,2,0,2,0,2,0,2,0,2,0,3,0,2,0,3,0,3,0,3,0,12,31
mix501,M,fifth,school3,mixed,participant,1,1,1,1,1,1,1,1,1,1,1,1,1,1,1,1,1,1,1,1,1,1,1,1,1,1,1,1,1,1,1,1,1,1,17,3,1,3,1,3,1,4,1,4,1,4,1,6,1,6,1,6,1,8,1,8,1,8,1,10,1,10,1,10,1,11,1,11,1,11,1,16,1,16,1,16,1,21,35,,1,1,1,1,1,1,1,1,1,1,1,1,1,1,1,1,1,1,1,1,1,1,1,1,2,0,1,1,1,1,1,1,1,1,1,1,1,1,1,1,1,1,1,1,1,1,1,1,1,1,1,1,1,1,2,0,1,1,1,1,1,1,1,1,2,0,2,0,30,68
mix502,F,fifth,school3,mixed,participant,1,1,1,1,1,1,1,1,1,1,1,1,1,1,1,1,1,1,1,1,1,1,1,1,1,1,1,1,1,1,1,1,1,1,17,3,1,3,1,3,1,4,1,4,1,4,1,6,1,6,1,6,1,8,1,8,1,8,1,10,1,10,1,10,1,11,1,11,1,11,1,16,1,16,1,16,1,21,100,,1,1,1,1,1,1,1,1,1,1,1,1,1,1,1,1,1,1,1,1,1,1,1,1,1,1,1,1,1,1,1,1,1,1,1,1,1,1,1,1,1,1,1,1,1,1,1,1,1,1,1,1,1,1,2,0,1,1,1,1,1,1,3,0,1,1,1,1,32,70
mix503,F,fifth,school3,mixed,participant,1,1,1,1,1,1,1,1,1,1,1,1,1,1,1,1,1,1,1,1,1,1,1,1,1,1,1,1,1,1,1,1,1,1,17,3,1,3,1,3,1,4,1,4,1,4,1,6,1,6,1,6,1,8,1,8,1,8,1,10,1,10,1,10,1,11,1,11,1,11,1,16,1,16,1,16,1,21,31,,1,1,1,1,1,1,1,1,1,1,1,1,1,1,1,1,1,1,1,1,1,1,1,1,1,1,1,1,1,1,1,1,1,1,1,1,1,1,1,1,1,1,2,0,1,1,1,1,2,0,2,0,2,0,2,0,2,0,3,0,,0,,0,,0,,0,23,61
mix504,F,fifth,school3,mixed,participant,1,1,1,1,1,1,1,1,1,1,1,1,1,1,1,1,1,1,1,1,1,1,1,1,1,1,1,1,1,1,1,1,1,1,17,3,1,3,1,3,1,4,1,4,1,4,1,6,1,6,1,6,1,8,1,8,1,8,1,10,1,10,1,10,1,11,1,11,1,11,1,16,1,16,1,16,1,21,31,,1,1,1,1,1,1,1,1,1,1,1,1,1,1,1,1,1,1,1,1,1,1,1,1,1,1,1,1,1,1,1,1,1,1,1,1,1,1,1,1,1,1,1,1,1,1,1,1,1,1,1,1,1,1,2,0,2,0,2,0,1,1,4,0,1,1,2,0,29,67
mix505,F,fifth,school3,mixed,participant,1,1,1,1,1,1,1,1,1,1,1,1,1,1,1,1,1,1,1,1,1,1,1,1,1,1,1,1,1,1,1,1,1,1,17,3,1,3,1,3,1,4,1,4,1,4,1,6,1,6,1,6,1,8,1,8,1,8,1,10,1,10,1,10,1,11,1,11,1,11,1,16,1,16,1,16,1,21,100,,1,1,1,1,1,1,1,1,1,1,1,1,1,1,1,1,1,1,1,1,1,1,1,1,1,1,1,1,1,1,1,1,1,1,1,1,1,1,1,1,1,1,1,1,1,1,1,1,1,1,1,1,1,1,1,1,1,1,1,1,1,1,1,1,1,1,1,1,34,72
mix506,M,fifth,school3,mixed,rejected,,,,,,,,,,,,,,,,,,,,,,,,,,,,,,,,,,,,,,,,,,,,,,,,,,,,,,,,,,,,,,,,,,,,,,,,,,,,,,,,,,,,,,,,,,,,,,,,,,,,,,,,,,,,,,,,,,,,,,,,,,,,,,,,,,,,,,,,,,,,,,,,,,,,,,
mix507,M,fifth,school3,mixed,participant,1,1,1,1,1,1,1,1,1,1,1,1,1,1,1,1,1,1,1,1,1,1,1,1,1,1,1,1,1,1,1,1,1,1,17,3,1,3,1,3,1,4,1,4,1,4,1,6,1,6,1,6,1,8,1,8,1,8,1,10,1,10,1,10,1,11,1,11,1,11,1,16,1,16,1,16,1,21,20,,1,1,1,1,1,1,1,1,1,1,1,1,1,1,2,0,1,1,1,1,1,1,1,1,1,1,1,1,1,1,1,1,1,1,1,1,1,1,1,1,1,1,1,1,2,0,1,1,2,0,2,0,2,0,2,0,1,1,1,1,2,0,2,0,2,0,2,0,24,62
mix508,F,fifth,school3,mixed,participant,1,1,1,1,1,1,1,1,1,1,1,1,1,1,1,1,1,1,1,1,1,1,1,1,1,1,1,1,1,1,1,1,1,1,17,3,1,3,1,3,1,4,1,4,1,4,1,6,1,6,1,6,1,8,1,8,1,8,1,10,1,10,1,10,1,11,1,11,1,11,1,16,1,16,1,16,1,21,50,,1,1,1,1,1,1,1,1,1,1,1,1,1,1,1,1,1,1,1,1,1,1,1,1,1,1,1,1,1,1,1,1,1,1,1,1,1,1,1,1,1,1,1,1,1,1,1,1,1,1,1,1,1,1,2,0,1,1,1,1,1,1,2,0,2,0,3,0,30,68
mix509,F,fifth,school3,mixed,participant,1,1,1,1,1,1,1,1,1,1,1,1,1,1,1,1,1,1,1,1,1,1,1,1,1,1,1,1,1,1,1,1,1,1,17,3,1,3,1,3,1,4,1,4,1,4,1,6,1,6,1,6,1,8,1,8,1,8,1,10,1,10,1,10,1,11,1,11,1,11,1,16,1,16,1,16,1,21,35,,1,1,1,1,1,1,1,1,1,1,1,1,1,1,1,1,1,1,1,1,1,1,1,1,1,1,1,1,1,1,1,1,1,1,1,1,1,1,1,1,1,1,1,1,1,1,1,1,1,1,3,0,1,1,2,0,2,0,2,0,2,0,1,1,1,1,2,0,28,66
mix510,M,fifth,school3,mixed,participant,1,1,1,1,1,1,1,1,1,1,1,1,1,1,1,1,1,1,1,1,1,1,1,1,1,1,1,1,1,1,1,1,1,1,17,3,1,3,1,3,1,4,1,4,1,4,1,6,1,6,1,6,1,8,1,8,1,8,1,10,1,10,1,10,1,11,1,11,1,11,1,16,1,16,1,16,1,21,31,,1,1,1,1,1,1,1,1,1,1,1,1,1,1,1,1,1,1,1,1,1,1,1,1,1,1,1,1,1,1,1,1,2,0,2,0,2,0,1,1,1,1,1,1,1,1,1,1,2,0,1,1,3,0,3,0,1,1,1,1,1,1,2,0,3,0,4,0,25,63
mix511,M,fifth,school3,mixed,participant,1,1,1,1,1,1,1,1,1,1,1,1,1,1,1,1,1,1,1,1,1,1,1,1,1,1,1,1,1,1,1,1,1,1,17,3,1,3,1,3,1,4,1,4,1,4,1,6,1,6,1,6,1,8,1,8,1,8,1,10,1,10,1,10,1,11,1,11,1,11,1,16,1,16,1,16,1,21,30,,1,1,1,1,1,1,1,1,1,1,1,1,1,1,3,0,1,1,1,1,1,1,1,1,1,1,1,1,3,0,1,1,3,0,3,0,2,0,2,0,2,0,2,0,2,0,2,0,,0,,0,,0,,0,,0,,0,,0,,0,,0,,0,15,43
mix512,M,fifth,school3,mixed,rejected,,,,,,,,,,,,,,,,,,,,,,,,,,,,,,,,,,,,,,,,,,,,,,,,,,,,,,,,,,,,,,,,,,,,,,,,,,,,,,,,,,,,,,,,,,,,,,,,,,,,,,,,,,,,,,,,,,,,,,,,,,,,,,,,,,,,,,,,,,,,,,,,,,,,,,
mix513,M,fifth,school3,mixed,participant,1,1,1,1,1,1,1,1,1,1,1,1,1,1,1,1,1,1,1,1,1,1,1,1,1,1,1,1,1,1,1,1,1,1,17,3,1,3,1,3,1,4,1,4,1,4,1,6,1,6,1,6,1,8,1,8,1,8,1,10,1,10,1,10,1,11,1,11,1,11,1,16,1,16,1,16,1,21,155,,1,1,1,1,1,1,1,1,1,1,1,1,1,1,1,1,1,1,1,1,1,1,1,1,1,1,1,1,1,1,1,1,1,1,1,1,1,1,1,1,1,1,1,1,1,1,1,1,1,1,1,1,1,1,1,1,1,1,1,1,1,1,1,1,1,1,1,1,34,72
mix514,M,fifth,school3,mixed,participant,1,1,1,1,1,1,1,1,1,1,1,1,1,1,1,1,1,1,1,1,1,1,1,1,1,1,1,1,1,1,1,1,1,1,17,3,1,0,0,3,1,4,1,0,0,4,1,6,1,0,0,6,1,8,1,0,0,8,1,10,1,0,0,10,1,11,1,0,0,11,1,16,1,0,0,16,1,14,30,,1,1,1,1,1,1,1,1,1,1,1,1,1,1,1,1,2,0,1,1,1,1,1,1,1,1,1,1,1,1,1,1,1,1,1,1,1,1,1,1,1,1,1,1,1,1,1,1,1,1,1,1,1,1,2,0,2,0,1,1,2,0,2,0,2,0,1,1,28,59
mix515,F,fifth,school3,mixed,participant,1,1,1,1,1,1,1,1,1,1,1,1,1,1,1,1,1,1,1,1,1,1,1,1,1,1,1,1,1,1,1,1,1,1,17,3,1,3,1,3,1,4,1,4,1,4,1,6,1,6,1,6,1,8,1,8,1,8,1,10,1,10,1,10,1,11,1,11,1,11,1,16,1,16,1,16,1,21,30,,1,1,1,1,1,1,1,1,1,1,1,1,1,1,1,1,1,1,1,1,1,1,1,1,1,1,1,1,1,1,2,0,1,1,1,1,1,1,1,1,1,1,1,1,1,1,1,1,1,1,1,1,1,1,3,0,2,0,1,1,2,0,2,0,3,0,3,0,27,65
mix516,F,fifth,school3,mixed,participant,1,1,1,1,1,1,1,1,1,1,1,1,1,1,1,1,1,1,1,1,1,1,1,1,1,1,1,1,1,1,1,1,1,1,17,3,1,3,1,3,1,4,1,4,1,4,1,6,1,6,1,6,1,8,1,8,1,8,1,10,1,10,1,10,1,11,1,11,1,11,1,16,1,16,1,16,1,21,31,,1,1,1,1,1,1,1,1,1,1,1,1,1,1,1,1,1,1,1,1,1,1,1,1,1,1,1,1,1,1,1,1,1,1,1,1,1,1,1,1,1,1,1,1,1,1,1,1,1,1,2,0,1,1,1,1,2,0,2,0,1,1,2,0,2,0,2,0,28,66
mix517,M,fifth,school3,mixed,participant,1,1,1,1,1,1,1,1,1,1,1,1,1,1,1,1,1,1,1,1,1,1,1,1,1,1,1,1,1,1,1,1,1,1,17,3,1,3,1,3,1,4,1,4,1,4,1,6,1,6,1,6,1,7,0,7,0,7,0,10,1,10,1,10,1,11,1,11,1,11,1,16,1,16,1,16,1,18,31,,1,1,1,1,1,1,1,1,1,1,1,1,1,1,1,1,1,1,1,1,1,1,1,1,1,1,1,1,1,1,1,1,1,1,1,1,1,1,1,1,1,1,1,1,1,1,1,1,1,1,1,1,2,0,2,0,2,0,2,0,2,0,2,0,1,1,2,0,27,62
mix518,M,fifth,school3,mixed,participant,1,1,1,1,1,1,1,1,1,1,1,1,1,1,1,1,1,1,1,1,1,1,1,1,1,1,1,1,1,1,1,1,1,1,17,3,1,0,0,3,1,4,1,0,0,4,1,6,1,0,0,6,1,8,1,0,0,8,1,10,1,0,0,10,1,11,1,0,0,11,1,16,1,0,0,16,1,14,30,,1,1,1,1,1,1,1,1,1,1,1,1,1,1,1,1,2,0,1,1,1,1,1,1,1,1,1,1,1,1,1,1,1,1,1,1,1,1,1,1,1,1,1,1,1,1,1,1,1,1,1,1,1,1,2,0,2,0,1,1,2,0,2,0,2,0,1,1,28,59
mix519,M,fifth,school3,mixed,rejected,,,,,,,,,,,,,,,,,,,,,,,,,,,,,,,,,,,,,,,,,,,,,,,,,,,,,,,,,,,,,,,,,,,,,,,,,,,,,,,,,,,,,,,,,,,,,,,,,,,,,,,,,,,,,,,,,,,,,,,,,,,,,,,,,,,,,,,,,,,,,,,,,,,,,,
mix520,F,fifth,school3,mixed,participant,1,1,1,1,1,1,1,1,1,1,1,1,1,1,1,1,1,1,1,1,1,1,1,1,1,1,1,1,1,1,1,1,1,1,17,3,1,3,1,3,1,4,1,4,1,4,1,6,1,6,1,6,1,8,1,8,1,8,1,10,1,10,1,10,1,11,1,11,1,11,1,16,1,16,1,16,1,21,100,,1,1,1,1,1,1,1,1,1,1,1,1,1,1,1,1,1,1,1,1,1,1,1,1,1,1,1,1,1,1,1,1,1,1,1,1,1,1,1,1,1,1,1,1,1,1,1,1,1,1,1,1,1,1,2,0,2,0,1,1,1,1,2,0,3,0,3,0,29,67
mix521,F,fifth,school3,mixed,participant,1,1,1,1,1,1,1,1,1,1,1,1,1,1,1,1,1,1,1,1,1,1,1,1,1,1,1,1,1,1,1,1,1,1,17,3,1,3,1,3,1,4,1,4,1,4,1,6,1,6,1,6,1,8,1,8,1,8,1,10,1,10,1,10,1,11,1,11,1,11,1,16,1,16,1,16,1,21,20,,1,1,1,1,1,1,1,1,1,1,1,1,1,1,1,1,2,0,1,1,1,1,2,0,1,1,1,1,1,1,1,1,1,1,1,1,1,1,1,1,1,1,1,1,1,1,1,1,1,1,1,1,1,1,2,0,2,0,1,1,2,0,2,0,3,0,3,0,26,64
mix522,F,fifth,school3,mixed,participant,1,1,1,1,1,1,1,1,1,1,1,1,1,1,1,1,1,1,1,1,1,1,1,1,1,1,1,1,1,1,1,1,1,1,17,3,1,3,1,3,1,4,1,4,1,4,1,6,1,6,1,6,1,8,1,8,1,8,1,10,1,10,1,10,1,11,1,11,1,11,1,16,1,16,1,16,1,21,31,,1,1,1,1,1,1,1,1,1,1,1,1,1,1,1,1,1,1,1,1,1,1,1,1,1,1,1,1,1,1,1,1,1,1,1,1,1,1,2,0,1,1,1,1,1,1,1,1,1,1,1,1,1,1,1,1,1,1,2,0,3,0,2,0,2,0,2,0,28,66
mixk01,F,kinder,school3,mixed,participant,1,1,1,1,1,1,1,1,1,1,2,0,1,1,1,1,1,1,1,1,2,0,2,0,2,0,2,0,1,1,2,0,1,1,11,3,1,3,1,3,1,4,1,4,1,4,1,6,1,6,1,6,1,8,1,8,1,8,1,10,1,10,1,10,1,12,0,10,0,10,0,12,0,10,0,10,0,15,10,,1,1,1,1,1,1,1,1,1,1,1,1,1,1,1,1,1,1,1,1,1,1,1,1,2,0,2,0,1,1,2,0,1,1,1,1,2,0,2,0,2,0,2,0,2,0,2,0,,0,,0,,0,,0,,0,,0,,0,,0,,0,,0,15,41
mixk02,F,kinder,school3,mixed,participant,1,1,1,1,3,0,2,0,1,1,2,0,2,0,2,0,2,0,3,0,2,0,2,0,2,0,3,0,3,0,2,0,3,0,3,3,1,3,1,3,1,4,1,4,1,0,0,6,1,6,1,6,1,8,1,7,0,7,0,10,1,10,1,10,1,12,0,9,0,9,0,15,0,7,0,7,0,12,11,,1,1,1,1,1,1,1,1,1,1,1,1,1,1,1,1,1,1,1,1,1,1,1,1,1,1,1,1,2,0,1,1,1,1,2,0,2,0,2,0,2,0,2,0,3,0,1,1,1,1,1,1,,0,1,1,1,1,2,0,2,0,1,1,1,1,2,0,23,38
mixk03,F,kinder,school3,mixed,participant,1,1,1,1,1,1,1,1,1,1,1,1,1,1,1,1,1,1,1,1,1,1,1,1,1,1,1,1,1,1,1,1,1,1,17,3,1,3,1,3,1,4,1,4,1,4,1,5,0,5,0,5,0,12,0,12,0,12,0,20,0,20,0,20,0,20,0,20,0,20,0,0,0,0,0,0,0,6,23,,1,1,1,1,1,1,1,1,1,1,1,1,1,1,1,1,1,1,1,1,1,1,2,0,2,0,2,0,1,1,1,1,2,0,2,0,2,0,2,0,2,0,2,0,,0,,0,,0,,0,,0,,0,,0,,0,,0,,0,,0,,0,13,36
mixk04,M,kinder,school3,mixed,participant,1,1,1,1,1,1,2,0,1,1,2,0,2,0,2,0,1,1,2,0,2,0,2,0,2,0,2,0,2,0,2,0,2,0,5,3,1,3,1,3,1,4,1,4,1,4,1,6,1,6,1,6,1,9,0,10,0,10,0,16,0,8,0,18,0,18,0,21,0,21,0,20,0,26,0,26,0,9,0,,1,1,1,1,1,1,1,1,1,1,1,1,1,1,1,1,1,1,1,1,1,1,2,0,2,0,2,0,2,0,2,0,2,0,,0,,0,,0,,0,,0,,0,,0,,0,,0,,0,,0,,0,,0,,0,,0,,0,,0,11,25
mixk05,M,kinder,school3,mixed,participant,1,1,1,1,2,0,1,1,1,1,2,0,1,1,1,1,1,1,2,0,2,0,3,0,1,1,2,0,1,1,1,1,1,1,11,3,1,3,1,3,1,4,1,4,1,4,1,6,1,6,1,6,1,10,0,8,1,8,1,10,1,10,1,10,1,11,1,11,1,11,1,16,1,16,1,16,1,20,30,,1,1,1,1,1,1,1,1,1,1,1,1,1,1,1,1,1,1,1,1,1,1,1,1,1,1,1,1,2,0,1,1,1,1,2,0,3,0,1,1,1,1,2,0,3,0,1,1,3,0,2,0,2,0,2,0,1,1,3,0,3,0,3,0,3,0,3,0,20,51
mixk06,F,kinder,school3,mixed,participant,1,1,1,1,2,0,2,0,1,1,2,0,2,0,2,0,1,1,2,0,2,0,2,0,2,0,2,0,2,0,2,0,2,0,4,4,0,4,0,4,0,4,1,4,1,4,1,6,1,6,1,6,1,4,0,8,1,8,1,6,0,5,0,5,0,6,0,5,0,5,0,4,0,4,0,4,0,8,20,,1,1,1,1,1,1,1,1,1,1,1,1,1,1,1,1,1,1,1,1,1,1,2,0,2,0,2,0,2,0,2,0,2,0,,0,,0,,0,,0,,0,,0,,0,,0,,0,,0,,0,,0,,0,,0,,0,,0,,0,11,23
mixk07,M,kinder,school3,mixed,participant,1,1,1,1,1,1,1,1,1,1,1,1,1,1,1,1,1,1,1,1,3,0,2,0,1,1,1,1,1,1,1,1,1,1,15,3,1,3,1,3,1,4,1,4,1,4,1,5,0,5,0,5,0,8,1,8,1,8,1,10,1,10,1,10,1,11,1,11,1,11,1,15,0,15,0,15,0,15,30,,1,1,1,1,1,1,1,1,1,1,1,1,1,1,1,1,1,1,1,1,1,1,2,0,1,1,1,1,1,1,2,0,1,1,1,1,1,1,1,1,3,0,2,0,1,1,1,1,1,1,1,1,1,1,2,0,1,1,2,0,2,0,2,0,2,0,2,0,24,54
mixk08,M,kinder,school3,mixed,participant,1,1,1,1,3,0,1,1,1,1,1,1,1,1,1,1,1,1,1,1,1,1,1,1,2,0,1,1,2,0,2,0,2,0,12,3,1,3,1,3,1,5,0,4,1,4,1,6,1,6,1,6,1,8,1,8,1,8,1,10,1,3,0,10,1,9,0,9,0,9,0,0,0,0,0,0,0,13,3,,1,1,1,1,1,1,1,1,1,1,1,1,1,1,1,1,1,1,1,1,2,0,2,0,2,0,2,0,2,0,2,0,2,0,2,0,2,0,2,0,2,0,2,0,,0,,0,,0,,0,,0,,0,,0,,0,,0,,0,,0,,0,10,35
mixk09,F,kinder,school3,mixed,rejected,,,,,,,,,,,,,,,,,,,,,,,,,,,,,,,,,,,,,,,,,,,,,,,,,,,,,,,,,,,,,,,,,,,,,,,,,,,,,,,,,,,,,,,,,,,,,,,,,,,,,,,,,,,,,,,,,,,,,,,,,,,,,,,,,,,,,,,,,,,,,,,,,,,,,,
mixk10,M,kinder,school3,mixed,participant,2,0,2,0,2,0,2,0,2,0,2,0,2,0,2,0,2,0,2,0,2,0,2,0,2,0,2,0,2,0,2,0,2,0,0,1,0,6,0,6,0,1,0,4,1,4,1,5,0,4,0,4,0,0,0,0,0,0,0,0,0,0,0,0,0,0,0,0,0,0,0,0,0,0,0,0,0,2,0,,,0,,0,,0,,0,,0,,0,,0,,0,,0,,0,,0,,0,,0,,0,,0,,0,,0,,0,,0,,0,,0,,0,,0,,0,,0,,0,,0,,0,,0,,0,,0,,0,,0,,0,0,2
mixk11,M,kinder,school3,mixed,participant,1,1,1,1,2,0,1,1,1,1,2,0,1,1,1,1,1,1,1,1,2,0,2,0,2,0,2,0,2,0,2,0,2,0,8,3,1,3,1,3,1,4,1,4,1,4,1,6,1,6,1,6,1,7,0,7,0,7,0,9,0,9,0,9,0,11,1,11,1,12,0,20,0,15,0,20,0,11,28,,1,1,1,1,1,1,1,1,1,1,1,1,1,1,1,1,1,1,1,1,1,1,1,1,1,1,1,1,1,1,1,1,1,1,2,0,2,0,2,0,2,0,2,0,2,0,,0,,0,,0,,0,,0,,0,,0,,0,,0,,0,,0,17,36
mixk12,M,kinder,school3,mixed,participant,1,1,1,1,2,0,1,1,1,1,1,1,1,1,1,1,1,1,1,1,2,0,1,1,1,1,3,0,2,0,2,0,2,0,11,3,1,3,1,3,1,4,1,4,1,4,1,5,0,6,1,4,0,8,1,5,0,5,0,10,1,9,0,0,0,15,0,12,0,17,0,16,1,13,0,0,0,10,16,,1,1,1,1,1,1,1,1,2,0,1,1,2,0,1,1,1,1,1,1,1,1,1,1,1,1,1,1,1,1,1,1,2,0,2,0,2,0,2,0,2,0,2,0,3,0,1,1,3,0,2,0,2,0,2,0,1,1,2,0,1,1,2,0,2,0,2,0,17,38
mixk13,F,kinder,school3,mixed,participant,1,1,1,1,1,1,1,1,1,1,1,1,1,1,1,1,1,1,1,1,1,1,2,0,1,1,1,1,1,1,1,1,1,1,16,3,1,2,0,3,1,4,1,4,1,4,1,6,1,6,1,6,1,8,1,8,1,8,1,10,1,10,1,10,1,11,1,11,1,11,1,16,1,16,1,16,1,20,20,,1,1,1,1,1,1,1,1,1,1,1,1,1,1,1,1,1,1,1,1,2,0,1,1,1,1,1,1,1,1,1,1,2,0,2,0,2,0,2,0,2,0,2,0,,0,,0,,0,,0,,0,,0,,0,,0,,0,,0,,0,,0,15,51
mixk14,M,kinder,school3,mixed,participant,1,1,1,1,1,1,1,1,1,1,1,1,1,1,1,1,1,1,1,1,1,1,1,1,1,1,1,1,1,1,1,1,1,1,17,3,1,3,1,3,1,4,1,4,1,4,1,6,1,6,1,6,1,8,1,8,1,8,1,11,0,10,1,11,0,11,1,11,1,11,1,16,1,16,1,16,1,19,30,,1,1,1,1,1,1,1,1,1,1,1,1,1,1,1,1,1,1,1,1,1,1,1,1,1,1,1,1,1,1,1,1,1,1,2,0,1,1,1,1,1,1,1,1,2,0,1,1,1,1,2,0,1,1,2,0,2,0,2,0,2,0,2,0,2,0,,0,24,60
mixk15,F,kinder,school3,mixed,participant,1,1,1,1,1,1,1,1,1,1,1,1,1,1,1,1,1,1,1,1,2,0,1,1,1,1,1,1,1,1,1,1,1,1,16,3,1,3,1,3,1,4,1,4,1,4,1,11,0,11,0,11,0,20,0,20,0,20,0,9,0,9,0,9,0,11,1,11,1,11,1,19,0,19,0,19,0,9,24,,1,1,1,1,1,1,2,0,2,0,1,1,2,0,1,1,1,1,1,1,1,1,2,0,1,1,2,0,1,1,1,1,2,0,2,0,2,0,2,0,2,0,2,0,2,0,2,0,2,0,,0,,0,,0,,0,,0,,0,,0,,0,,0,11,36
mixk16,F,kinder,school3,mixed,participant,3,0,2,0,2,0,3,0,2,0,1,1,2,0,3,0,2,0,2,0,2,0,2,0,2,0,2,0,2,0,2,0,2,0,1,2,0,2,0,2,0,4,1,5,0,6,0,5,0,4,0,5,0,9,0,7,0,10,0,4,0,6,0,10,1,4,0,6,0,6,0,4,0,3,0,6,0,2,10,,1,1,1,1,1,1,1,1,1,1,1,1,1,1,1,1,1,1,1,1,1,1,2,0,2,0,2,0,2,0,2,0,2,0,2,0,2,0,,0,,0,,0,,0,,0,,0,,0,,0,,0,,0,,0,,0,,0,,0,,0,11,14
mixk17,M,kinder,school3,mixed,atypical,1,1,2,0,2,0,1,1,1,1,2,0,2,0,2,0,2,0,2,0,2,0,2,0,2,0,2,0,2,0,2,0,2,0,3,9,0,9,0,9,0,19,0,17,0,15,0,9,0,9,0,14,0,3,0,3,0,3,0,5,0,6,0,9,0,19,0,20,0,15,0,10,0,7,0,7,0,0,9,,1,1,2,0,1,1,2,0,2,0,2,0,2,0,1,1,2,0,2,0,2,0,2,0,2,0,2,0,2,0,,0,,0,,0,,0,,0,,0,,0,,0,,0,,0,,0,,0,,0,,0,,0,,0,,0,,0,,0,3,6
mixk18,M,kinder,school3,mixed,atypical,1,1,1,1,2,0,2,0,2,0,2,0,2,0,2,0,1,1,2,0,2,0,2,0,2,0,2,0,2,0,2,0,2,0,3,3,1,3,1,3,1,4,1,4,1,4,1,6,1,6,1,6,1,8,1,8,1,8,1,10,1,10,1,10,1,0,0,11,1,20,0,0,0,0,0,0,0,16,16,,1,1,1,1,1,1,1,1,1,1,1,1,1,1,3,0,2,0,2,0,2,0,2,0,2,0,2,0,3,0,2,0,3,0,3,0,,0,,0,,0,,0,,0,,0,,0,,0,,0,,0,,0,,0,,0,,0,,0,,0,7,26
mixk19,F,kinder,school3,mixed,participant,1,0,1,1,2,0,1,1,1,1,2,0,1,1,1,1,1,1,1,1,2,0,2,0,2,0,1,1,1,1,2,0,2,0,9,3,1,3,1,3,1,4,1,4,1,4,1,6,1,7,0,7,0,8,1,8,1,8,1,11,0,11,0,11,0,13,0,13,0,13,0,16,1,16,1,16,1,13,20,,1,1,1,1,1,1,1,1,1,1,1,1,1,1,1,1,1,1,1,1,1,1,2,0,1,1,1,1,1,1,1,1,2,0,2,0,1,1,2,0,2,0,2,0,2,0,2,0,2,0,1,1,2,0,2,0,2,0,3,0,2,0,2,0,2,0,2,0,17,39
mixk20,M,kinder,school3,mixed,atypical,,,,,,,,,,,,,,,,,,,,,,,,,,,,,,,,,,,,,,,,,,,,,,,,,,,,,,,,,,,,,,,,,,,,,,,,,,,,,,,,,,,,,,,,,,,,,,,,,,,,,,,,,,,,,,,,,,,,,,,,,,,,,,,,,,,,,,,,,,,,,,,,,,,,,,
mixk21,F,kinder,school3,mixed,participant,2,0,1,1,3,0,3,0,1,1,3,0,2,0,3,0,1,1,3,0,3,0,2,0,2,0,3,0,2,0,3,0,1,1,4,4,0,4,0,4,0,4,1,4,1,4,1,5,0,5,0,5,0,10,0,8,1,10,0,10,1,10,1,10,1,14,0,12,0,14,0,20,0,14,0,20,0,7,2,,1,1,1,1,1,1,1,1,1,1,1,1,1,1,2,0,2,0,1,1,1,1,1,1,2,0,2,0,2,0,1,1,2,0,2,0,2,0,2,0,3,0,2,0,,0,,0,,0,,0,,0,,0,,0,,0,,0,,0,,0,,0,11,22
mixk22,M,kinder,school3,mixed,participant,1,1,1,1,1,1,1,1,1,1,1,1,1,1,1,1,1,1,2,0,2,0,2,0,2,0,2,0,2,0,2,0,2,0,9,9,0,10,0,10,0,4,1,4,1,4,1,6,1,6,1,6,1,9,0,9,0,9,0,9,0,9,0,9,0,19,0,24,0,24,0,18,0,19,0,9,0,6,10,,2,0,1,1,1,1,1,1,1,1,1,1,1,1,1,1,1,1,1,1,1,1,1,1,2,0,2,0,2,0,2,0,2,0,2,0,,0,,0,,0,,0,,0,,0,,0,,0,,0,,0,,0,,0,,0,,0,,0,,0,11,26
mixk23,F,kinder,school3,mixed,participant,1,1,1,1,3,0,3,0,1,1,1,1,1,1,1,1,1,1,3,0,2,0,2,0,1,1,3,0,3,0,1,1,1,1,10,3,1,3,1,3,1,4,1,4,1,4,1,6,1,6,1,6,1,8,1,8,1,8,1,10,1,8,0,9,0,12,0,11,1,12,0,18,0,16,1,18,0,15,9,,1,1,1,1,1,1,1,1,1,1,1,1,1,1,1,1,1,1,1,1,1,1,2,0,2,0,2,0,2,0,2,0,2,0,,0,,0,,0,,0,,0,,0,,0,,0,,0,,0,,0,,0,,0,,0,,0,,0,,0,11,36
mixk24,F,kinder,school3,mixed,participant,1,1,1,1,1,1,1,1,1,1,1,1,1,1,3,0,1,1,3,0,3,0,2,0,2,0,3,0,2,0,3,0,1,1,9,4,0,4,0,4,0,4,1,4,1,4,1,5,0,5,0,5,0,10,0,8,1,10,0,10,1,10,1,10,1,14,0,12,0,14,0,20,0,14,0,20,0,7,2,,1,1,1,1,1,1,1,1,1,1,1,1,1,1,2,0,2,0,1,1,1,1,1,1,2,0,2,0,2,0,1,1,2,0,2,0,2,0,2,0,3,0,2,0,,0,,0,,0,,0,,0,,0,,0,,0,,0,,0,,0,,0,11,27
mixk25,F,kinder,school3,mixed,participant,1,1,1,1,2,0,1,1,1,1,1,1,1,1,1,1,1,1,2,0,2,0,2,0,2,0,2,0,2,0,2,0,2,0,8,3,1,3,1,3,1,4,1,4,1,4,1,6,1,6,1,6,1,9,0,8,1,8,1,7,0,8,0,8,0,11,1,10,0,10,0,14,0,13,0,16,1,13,5,,1,1,1,1,1,1,1,1,1,1,1,1,1,1,1,1,1,1,1,1,1,1,2,0,2,0,2,0,2,0,2,0,2,0,,0,,0,,0,,0,,0,,0,,0,,0,,0,,0,,0,,0,,0,,0,,0,,0,,0,11,32
mixk26,F,kinder,school3,mixed,participant,1,1,1,1,1,1,1,1,1,1,1,1,1,1,1,1,1,1,1,1,3,0,1,1,1,1,1,1,1,1,1,1,1,1,16,3,1,3,1,3,1,4,1,4,1,4,1,6,1,6,1,6,1,8,1,8,1,8,1,10,1,10,1,10,1,11,1,11,1,11,1,16,1,16,1,16,1,21,30,,1,1,1,1,1,1,1,1,1,1,1,1,1,1,1,1,1,1,1,1,1,1,1,1,1,1,1,1,1,1,1,1,3,0,1,1,3,0,1,1,1,1,2,0,3,0,1,1,2,0,1,1,1,1,2,0,1,1,2,0,3,0,3,0,2,0,2,0,23,60
mixk27,F,kinder,school3,mixed,participant,1,1,1,1,1,1,1,1,1,1,1,1,1,1,1,1,1,1,1,1,1,1,1,1,1,1,1,1,1,1,1,1,1,1,17,3,1,3,1,3,1,4,1,4,1,4,1,6,1,6,1,6,1,8,1,8,1,8,1,10,1,10,1,10,1,11,1,11,1,11,1,16,1,16,1,16,1,21,20,,1,1,1,1,1,1,1,1,1,1,1,1,1,1,1,1,1,1,1,1,1,1,1,1,1,1,1,1,1,1,1,1,1,1,2,0,1,1,2,0,1,1,2,0,1,1,1,1,1,1,1,1,1,1,2,0,2,0,3,0,2,0,3,0,3,0,3,0,24,62
mixk28,M,kinder,school3,mixed,participant,1,1,1,1,3,0,1,1,1,1,1,1,1,1,1,1,1,1,1,1,1,1,1,1,2,0,1,1,2,0,2,0,2,0,12,3,1,3,1,3,1,5,0,4,1,4,1,6,1,6,1,6,1,8,1,8,1,8,1,10,1,3,0,10,1,9,0,9,0,9,0,0,0,0,0,0,0,13,3,,1,1,1,1,1,1,1,1,1,1,1,1,1,1,1,1,1,1,1,1,2,0,2,0,2,0,2,0,2,0,2,0,2,0,2,0,2,0,2,0,2,0,2,0,,0,,0,,0,,0,,0,,0,,0,,0,,0,,0,,0,,0,10,35
ppr501,F,fifth,school1,paper,participant,1,1,1,1,1,1,1,1,1,1,1,1,1,1,1,1,1,1,1,1,1,1,1,1,1,1,1,1,1,1,1,1,1,1,17,3,1,3,1,3,1,4,1,0,0,4,1,6,1,0,0,6,1,8,1,0,0,8,1,10,1,0,0,10,1,11,1,0,0,11,1,16,1,0,0,16,1,15,31,,1,1,1,1,1,1,1,1,1,1,1,1,1,1,1,1,1,1,1,1,1,1,1,1,1,1,2,0,1,1,1,1,1,1,1,1,1,1,1,1,1,1,1,1,1,1,1,1,1,1,2,0,1,1,3,0,2,0,2,0,1,1,2,0,2,0,1,1,27,59
ppr502,F,fifth,school1,paper,rejected,,,,,,,,,,,,,,,,,,,,,,,,,,,,,,,,,,,,,,,,,,,,,,,,,,,,,,,,,,,,,,,,,,,,,,,,,,,,,,,,,,,,,,,,,,,,,,,,,,,,,,,,,,,,,,,,,,,,,,,,,,,,,,,,,,,,,,,,,,,,,,,,,,,,,,
ppr503,M,fifth,school1,paper,participant,1,1,1,1,1,1,1,1,1,1,1,1,1,1,1,1,1,1,1,1,1,1,1,1,1,1,1,1,1,1,1,1,1,1,17,3,1,3,1,3,1,4,1,4,1,4,1,6,1,6,1,6,1,8,1,8,1,8,1,10,1,10,1,10,1,11,1,11,1,11,1,16,1,16,1,16,1,21,61,,1,1,1,1,1,1,1,1,1,1,1,1,1,1,1,1,1,1,1,1,1,1,1,1,1,1,1,1,1,1,1,1,1,1,1,1,1,1,1,1,1,1,1,1,1,1,1,1,1,1,1,1,1,1,2,0,1,1,1,1,1,1,1,1,2,0,1,1,32,70
ppr504,F,fifth,school1,paper,participant,1,1,1,1,1,1,1,1,1,1,1,1,1,1,1,1,1,1,1,1,1,1,1,1,1,1,1,1,1,1,1,1,1,1,17,3,1,3,1,3,1,4,1,4,1,4,1,6,1,6,1,6,1,8,1,8,1,8,1,10,1,10,1,10,1,11,1,11,1,11,1,16,1,16,1,16,1,21,30,,1,1,1,1,1,1,1,1,1,1,1,1,1,1,1,1,1,1,1,1,1,1,1,1,1,1,1,1,1,1,1,1,1,1,1,1,1,1,1,1,1,1,1,1,1,1,1,1,1,1,1,1,1,1,2,0,2,0,1,1,2,0,1,1,4,0,2,0,29,67
ppr505,F,fifth,school1,paper,participant,1,1,1,1,1,1,1,1,1,1,1,1,1,1,1,1,1,1,1,1,1,1,1,1,1,1,1,1,1,1,1,1,1,1,17,3,1,3,1,3,1,4,1,4,1,4,1,6,1,6,1,6,1,8,1,8,1,8,1,10,1,10,1,10,1,11,1,11,1,11,1,16,1,15,0,16,1,20,31,,1,1,1,1,1,1,1,1,1,1,1,1,1,1,1,1,1,1,1,1,2,0,1,1,1,1,1,1,1,1,1,1,1,1,1,1,1,1,2,0,1,1,1,1,1,1,1,1,1,1,1,1,1,1,2,0,2,0,2,0,2,0,2,0,2,0,,0,25,62
ppr506,F,fifth,school1,paper,participant,1,1,1,1,1,1,1,1,1,1,1,1,1,1,1,1,1,1,1,1,1,1,1,1,1,1,1,1,1,1,1,1,1,1,17,3,1,3,1,3,1,4,1,4,1,4,1,6,1,6,1,6,1,8,1,8,1,8,1,10,1,10,1,10,1,11,1,11,1,11,1,16,1,16,1,16,1,21,31,,1,1,1,1,1,1,1,1,1,1,1,1,1,1,1,1,1,1,1,1,1,1,1,1,1,1,1,1,1,1,1,1,1,1,2,0,1,1,1,1,1,1,1,1,1,1,1,1,1,1,1,1,1,1,2,0,2,0,1,1,1,1,1,1,1,1,2,0,30,68
ppr507,M,fifth,school1,paper,participant,1,1,1,1,1,1,1,1,1,1,1,1,1,1,1,1,1,1,1,1,1,1,1,1,1,1,1,1,1,1,1,1,1,1,17,3,1,3,1,3,1,4,1,4,1,4,1,6,1,6,1,6,1,8,1,8,1,8,1,10,1,10,1,10,1,11,1,11,1,11,1,16,1,16,1,16,1,21,20,,1,1,1,1,1,1,1,1,1,1,1,1,1,1,1,1,1,1,1,1,1,1,1,1,1,1,1,1,1,1,1,1,1,1,1,1,1,1,1,1,1,1,1,1,1,1,1,1,1,1,2,0,2,0,2,0,2,0,2,0,2,0,,0,,0,,0,25,63
ppr508,F,fifth,school1,paper,participant,1,1,1,1,1,1,1,1,1,1,1,1,1,1,1,1,1,1,1,1,1,1,1,1,1,1,1,1,1,1,1,1,1,1,17,3,1,3,1,3,1,4,1,4,1,4,1,6,1,6,1,6,1,8,1,8,1,8,1,10,1,10,1,10,1,11,1,11,1,11,1,16,1,16,1,16,1,21,30,,1,1,1,1,1,1,1,1,1,1,1,1,1,1,1,1,1,1,1,1,1,1,1,1,1,1,1,1,1,1,1,1,1,1,1,1,1,1,1,1,1,1,1,1,1,1,1,1,1,1,1,1,1,1,2,0,2,0,1,1,1,1,2,0,2,0,2,0,29,67
ppr509,F,fifth,school1,paper,participant,1,1,1,1,1,1,1,1,1,1,1,1,1,1,1,1,1,1,1,1,1,1,1,1,1,1,1,1,1,1,1,1,1,1,17,3,1,3,1,3,1,4,1,4,1,4,1,6,1,6,1,6,1,8,1,8,1,8,1,10,1,10,1,10,1,11,1,11,1,11,1,16,1,16,1,16,1,21,31,,1,1,1,1,1,1,1,1,1,1,1,1,1,1,1,1,1,1,1,1,1,1,1,1,1,1,1,1,1,1,1,1,1,1,1,1,1,1,1,1,1,1,1,1,1,1,1,1,1,1,1,1,1,1,3,0,1,1,1,1,1,1,1,1,1,1,2,0,32,70
ppr510,M,fifth,school1,paper,participant,1,1,1,1,1,1,1,1,1,1,1,1,1,1,1,1,1,1,1,1,1,1,1,1,1,1,1,1,1,1,1,1,1,1,17,3,1,3,1,3,1,4,1,4,1,4,1,6,1,6,1,6,1,8,1,8,1,8,1,10,1,10,1,10,1,11,1,11,1,11,1,16,1,16,1,16,1,21,31,,1,1,1,1,1,1,1,1,1,1,1,1,1,1,1,1,1,1,1,1,1,1,1,1,1,1,1,1,1,1,1,1,1,1,1,1,1,1,2,0,1,1,1,1,1,1,1,1,1,1,2,0,1,1,2,0,1,1,1,1,1,1,1,1,1,1,1,1,31,69
ppr511,M,fifth,school1,paper,participant,1,1,1,1,1,1,1,1,1,1,1,1,1,1,1,1,1,1,1,1,1,1,1,1,1,1,1,1,1,1,1,1,1,1,17,3,1,3,1,3,1,4,1,4,1,4,1,6,1,6,1,6,1,8,1,8,1,8,1,10,1,10,1,10,1,11,1,11,1,11,1,14,0,14,0,14,0,18,31,,1,1,1,1,1,1,1,1,1,1,1,1,1,1,1,1,1,1,1,1,1,1,2,0,1,1,1,1,1,1,1,1,1,1,1,1,1,1,1,1,1,1,1,1,1,1,1,1,2,0,2,0,2,0,2,0,2,0,2,0,,0,,0,,0,,0,23,58
ppr512,M,fifth,school1,paper,rejected,,,,,,,,,,,,,,,,,,,,,,,,,,,,,,,,,,,,,,,,,,,,,,,,,,,,,,,,,,,,,,,,,,,,,,,,,,,,,,,,,,,,,,,,,,,,,,,,,,,,,,,,,,,,,,,,,,,,,,,,,,,,,,,,,,,,,,,,,,,,,,,,,,,,,,
ppr513,F,fifth,school1,paper,participant,1,1,1,1,1,1,1,1,1,1,1,1,1,1,1,1,1,1,1,1,1,1,1,1,1,1,1,1,1,1,1,1,1,1,17,3,1,3,1,3,1,4,1,4,1,4,1,6,1,6,1,6,1,7,0,7,0,7,0,10,1,10,1,10,1,11,1,11,1,11,1,16,1,16,1,16,1,18,31,,1,1,1,1,1,1,1,1,1,1,1,1,1,1,1,1,1,1,1,1,1,1,1,1,2,0,1,1,1,1,1,1,1,1,2,0,1,1,1,1,1,1,2,0,1,1,1,1,2,0,1,1,1,1,2,0,2,0,2,0,2,0,2,0,2,0,,0,23,58
ppr514,M,fifth,school1,paper,participant,1,1,1,1,1,1,1,1,1,1,1,1,1,1,1,1,1,1,1,1,1,1,1,1,1,1,1,1,1,1,1,1,1,1,17,3,1,3,1,3,1,4,1,4,1,4,1,6,1,6,1,6,1,8,1,8,1,8,1,10,1,10,1,10,1,11,1,11,1,11,1,16,1,16,1,16,1,21,31,,1,1,1,1,1,1,1,1,1,1,1,1,1,1,1,1,1,1,1,1,1,1,1,1,1,1,1,1,1,1,1,1,1,1,1,1,1,1,1,1,1,1,1,1,1,1,1,1,1,1,1,1,1,1,1,1,2,0,1,1,1,1,1,1,1,1,1,1,33,71
ppr515,M,fifth,school1,paper,participant,1,1,1,1,1,1,1,1,1,1,1,1,1,1,1,1,1,1,1,1,1,1,1,1,1,1,1,1,1,1,1,1,1,1,17,3,1,3,1,3,1,4,1,4,1,4,1,6,1,6,1,6,1,8,1,8,1,8,1,10,1,10,1,10,1,11,1,11,1,11,1,16,1,16,1,16,1,21,36,,1,1,1,1,1,1,1,1,1,1,1,1,1,1,1,1,1,1,1,1,1,1,1,1,1,1,1,1,1,1,1,1,1,1,1,1,1,1,1,1,1,1,1,1,1,1,1,1,1,1,1,1,2,0,1,1,1,1,1,1,1,1,1,1,2,0,1,1,32,70
ppr516,F,fifth,school1,paper,rejected,,,,,,,,,,,,,,,,,,,,,,,,,,,,,,,,,,,,,,,,,,,,,,,,,,,,,,,,,,,,,,,,,,,,,,,,,,,,,,,,,,,,,,,,,,,,,,,,,,,,,,,,,,,,,,,,,,,,,,,,,,,,,,,,,,,,,,,,,,,,,,,,,,,,,,
ppr517,M,fifth,school1,paper,participant,1,1,1,1,1,1,1,1,1,1,1,1,1,1,1,1,1,1,1,1,1,1,1,1,1,1,1,1,1,1,1,1,1,1,17,3,1,3,1,3,1,4,1,4,1,4,1,6,1,6,1,6,1,8,1,8,1,8,1,10,1,10,1,10,1,11,1,11,1,11,1,16,1,16,1,16,1,21,15,,1,1,1,1,1,1,1,1,1,1,1,1,1,1,1,1,1,1,1,1,1,1,1,1,1,1,1,1,1,1,1,1,1,1,1,1,1,1,1,1,1,1,1,1,1,1,1,1,1,1,1,1,1,1,3,0,2,0,1,1,1,1,2,0,1,1,2,0,30,68
ppr518,M,fifth,school1,paper,participant,1,1,1,1,1,1,1,1,1,1,1,1,1,1,1,1,1,1,1,1,1,1,1,1,1,1,1,1,1,1,1,1,1,1,17,3,1,3,1,3,1,4,1,4,1,4,1,6,1,6,1,6,1,8,1,8,1,8,1,10,1,10,1,10,1,11,1,11,1,11,1,16,1,16,1,16,1,21,31,,1,1,1,1,1,1,1,1,1,1,1,1,1,1,1,1,1,1,1,1,1,1,2,0,1,1,1,1,1,1,1,1,2,0,2,0,1,1,2,0,1,1,1,1,1,1,1,1,1,1,2,0,1,1,2,0,2,0,2,0,3,0,2,0,3,0,3,0,22,60
ppr519,F,fifth,school1,paper,participant,1,1,1,1,1,1,1,1,1,1,1,1,1,1,1,1,1,1,1,1,1,1,1,1,1,1,1,1,1,1,1,1,1,1,17,3,1,2,0,3,1,4,1,4,1,4,1,6,1,6,1,6,1,8,1,8,1,8,1,10,1,10,1,10,1,11,1,11,1,11,1,15,0,15,0,15,0,17,31,,1,1,1,1,1,1,1,1,1,1,1,1,1,1,1,1,1,1,1,1,1,1,1,1,1,1,1,1,1,1,1,1,1,1,1,1,1,1,2,0,1,1,2,0,1,1,2,0,2,0,3,0,2,0,2,0,2,0,3,0,2,0,2,0,2,0,,0,21,55
ppr520,F,fifth,school1,paper,participant,1,1,1,1,1,1,1,1,1,1,1,1,1,1,1,1,1,1,1,1,1,1,1,1,1,1,1,1,1,1,1,1,1,1,17,3,1,3,1,3,1,4,1,4,1,4,1,6,1,6,1,6,1,8,1,8,1,8,1,10,1,10,1,10,1,11,1,11,1,11,1,16,1,16,1,16,1,21,31,,1,1,1,1,1,1,1,1,1,1,1,1,1,1,1,1,1,1,1,1,1,1,1,1,1,1,1,1,1,1,1,1,1,1,1,1,1,1,1,1,1,1,2,0,1,1,1,1,1,1,1,1,1,1,2,0,1,1,1,1,1,1,2,0,1,1,1,1,31,69
ppr521,M,fifth,school1,paper,participant,1,1,1,1,1,1,1,1,1,1,1,1,1,1,1,1,1,1,1,1,1,1,1,1,1,1,1,1,1,1,1,1,1,1,17,3,1,,,,,4,1,,,,,6,1,,,,,8,1,,,,,10,1,,,,,11,1,,,,,16,1,,,,,21,30,,1,1,1,1,1,1,1,1,1,1,1,1,1,1,1,1,1,1,1,1,1,1,1,1,1,1,1,1,1,1,1,1,1,1,2,0,1,1,1,1,1,1,1,1,1,1,1,1,1,1,1,1,1,1,2,0,1,1,2,0,1,1,1,1,1,1,2,0,30,68
ppr522,M,fifth,school1,paper,participant,1,1,1,1,1,1,1,1,1,1,1,1,1,1,1,1,1,1,1,1,1,1,1,1,1,1,1,1,1,1,1,1,1,1,17,3,1,3,1,3,1,4,1,4,1,3,0,6,1,6,1,5,0,8,1,8,1,8,1,10,1,10,1,10,1,11,1,11,1,11,1,16,1,16,1,16,1,19,30,,1,1,1,1,1,1,1,1,1,1,2,0,1,1,1,1,1,1,1,1,1,1,1,1,2,0,1,1,1,1,1,1,1,1,1,1,1,1,1,1,1,1,1,1,1,1,1,1,1,1,1,1,2,0,2,0,1,1,1,1,1,1,1,1,1,1,2,0,29,65
ppr523,M,fifth,school1,paper,participant,1,1,1,1,1,1,1,1,1,1,1,1,1,1,1,1,1,1,1,1,1,1,1,1,1,1,1,1,1,1,1,1,1,1,17,3,1,3,1,3,1,4,1,4,1,4,1,6,1,6,1,6,1,8,1,8,1,8,1,10,1,10,1,10,1,11,1,11,1,11,1,16,1,16,1,16,1,21,41,,1,1,1,1,1,1,1,1,1,1,1,1,1,1,1,1,1,1,1,1,1,1,1,1,1,1,2,0,1,1,1,1,1,1,2,0,1,1,1,1,1,1,1,1,1,1,1,1,1,1,1,1,1,1,3,0,2,0,1,1,1,1,2,0,1,1,2,0,28,66
ppr524,M,fifth,school1,paper,participant,1,1,1,1,1,1,1,1,1,1,1,1,1,1,1,1,1,1,1,1,1,1,1,1,1,1,1,1,1,1,1,1,1,1,17,3,1,3,1,3,1,4,1,4,1,4,1,6,1,6,1,6,1,8,1,8,1,8,1,10,1,10,1,10,1,11,1,11,1,11,1,16,1,16,1,16,1,21,20,,1,1,1,1,1,1,1,1,1,1,1,1,1,1,1,1,1,1,1,1,1,1,1,1,1,1,1,1,1,1,1,1,1,1,1,1,1,1,1,1,1,1,1,1,1,1,1,1,1,1,1,1,2,0,1,1,2,0,2,0,1,1,1,1,3,0,2,0,29,67
ppr525,F,fifth,school1,paper,participant,1,1,1,1,1,1,1,1,1,1,1,1,1,1,1,1,1,1,1,1,1,1,1,1,1,1,1,1,1,1,1,1,1,1,17,3,1,,,,,4,1,,,,,6,1,,,,,8,1,,,,,10,1,,,,,11,1,,,,,16,1,,,,,21,31,,1,1,1,1,1,1,1,1,1,1,1,1,1,1,1,1,1,1,1,1,1,1,1,1,1,1,1,1,1,1,1,1,1,1,1,1,1,1,1,1,1,1,1,1,1,1,1,1,1,1,1,1,1,1,2,0,1,1,2,0,1,1,1,1,1,1,1,1,32,70
ppr526,M,fifth,school1,paper,participant,1,1,1,1,1,1,1,1,1,1,1,1,1,1,1,1,1,1,1,1,1,1,1,1,1,1,1,1,1,1,1,1,1,1,17,3,1,,,,,4,1,,,,,6,1,,,,,8,1,,,,,10,1,,,,,11,1,,,,,16,1,,,,,21,30,,1,1,1,1,1,1,,0,1,1,1,1,1,1,1,1,1,1,1,1,1,1,1,1,1,1,1,1,1,1,1,1,1,1,1,1,1,1,1,1,1,1,1,1,1,1,1,1,1,1,1,1,1,1,2,0,2,0,1,1,1,1,1,1,1,1,1,1,31,69
ppr527,M,fifth,school1,paper,participant,1,1,1,1,1,1,1,1,1,1,1,1,1,1,1,1,1,1,1,1,1,1,1,1,1,1,1,1,1,1,1,1,1,1,17,3,1,3,1,3,1,4,1,4,1,4,1,6,1,6,1,6,1,8,1,4,0,8,1,10,1,5,0,10,1,11,1,11,1,11,1,16,1,3,0,16,1,18,31,,1,1,1,1,1,1,1,1,1,1,1,1,1,1,1,1,1,1,1,1,1,1,1,1,1,1,1,1,1,1,1,1,1,1,1,1,1,1,1,1,1,1,2,0,1,1,1,1,1,1,1,1,2,0,1,1,2,0,1,1,1,1,1,1,1,1,1,1,31,66
ppr528,F,fifth,school1,paper,rejected,,,,,,,,,,,,,,,,,,,,,,,,,,,,,,,,,,,,,,,,,,,,,,,,,,,,,,,,,,,,,,,,,,,,,,,,,,,,,,,,,,,,,,,,,,,,,,,,,,,,,,,,,,,,,,,,,,,,,,,,,,,,,,,,,,,,,,,,,,,,,,,,,,,,,,
ppr529,F,fifth,school1,paper,rejected,,,,,,,,,,,,,,,,,,,,,,,,,,,,,,,,,,,,,,,,,,,,,,,,,,,,,,,,,,,,,,,,,,,,,,,,,,,,,,,,,,,,,,,,,,,,,,,,,,,,,,,,,,,,,,,,,,,,,,,,,,,,,,,,,,,,,,,,,,,,,,,,,,,,,,
ppr530,F,fifth,school1,paper,participant,1,1,1,1,1,1,1,1,1,1,1,1,1,1,1,1,1,1,1,1,1,1,1,1,1,1,1,1,1,1,1,1,1,1,17,3,1,,,,,4,1,,,,,6,1,,,,,8,1,,,,,10,1,,,,,11,1,,,,,16,1,,,,,21,31,,1,1,1,1,1,1,1,1,1,1,1,1,1,1,1,1,1,1,1,1,1,1,1,1,1,1,1,1,1,1,1,1,1,1,1,1,1,1,1,1,1,1,1,1,1,1,1,1,1,1,1,1,1,1,2,0,2,0,2,0,1,1,2,0,2,0,2,0,28,66
ppr531,M,fifth,school1,paper,participant,1,1,1,1,1,1,1,1,1,1,1,1,1,1,1,1,1,1,1,1,1,1,1,1,1,1,1,1,1,1,1,1,1,1,17,3,1,,,,,4,1,,,,,6,1,,,,,8,1,,,,,10,1,,,,,11,1,,,,,16,1,,,,,21,31,,1,1,1,1,1,1,1,1,1,1,1,1,1,1,1,1,1,1,1,1,1,1,1,1,1,1,1,1,1,1,1,1,1,1,1,1,1,1,1,1,1,1,1,1,1,1,1,1,1,1,1,1,1,1,1,1,1,1,1,1,2,0,1,1,2,0,2,0,31,69
ppr532,F,fifth,school1,paper,participant,1,1,1,1,1,1,1,1,1,1,1,1,1,1,1,1,1,1,1,1,1,1,1,1,1,1,1,1,1,1,1,1,1,1,17,3,1,3,1,3,1,4,1,4,1,4,1,6,1,6,1,6,1,8,1,8,1,8,1,10,1,10,1,10,1,11,1,11,1,11,1,16,1,16,1,16,1,21,20,,1,1,1,1,1,1,1,1,1,1,1,1,1,1,1,1,1,1,1,1,1,1,1,1,1,1,1,1,1,1,1,1,1,1,1,1,1,1,2,0,1,1,1,1,1,1,1,1,1,1,3,0,1,1,2,0,2,0,2,0,1,1,2,0,2,0,1,1,27,65
ppr533,M,fifth,school1,paper,participant,1,1,1,1,1,1,1,1,1,1,1,1,1,1,1,1,1,1,1,1,1,1,1,1,1,1,1,1,1,1,1,1,1,1,17,3,1,3,1,3,1,4,1,4,1,4,1,6,1,6,1,6,1,8,1,8,1,8,1,10,1,10,1,10,1,11,1,11,1,11,1,16,1,16,1,16,1,21,31,,1,1,1,1,1,1,1,1,1,1,1,1,1,1,1,1,1,1,1,1,1,1,1,1,1,1,1,1,1,1,1,1,1,1,1,1,1,1,1,1,1,1,1,1,1,1,1,1,1,1,1,1,1,1,2,0,1,1,1,1,1,1,1,1,1,1,4,0,32,70
ppr534,F,fifth,school1,paper,rejected,,,,,,,,,,,,,,,,,,,,,,,,,,,,,,,,,,,,,,,,,,,,,,,,,,,,,,,,,,,,,,,,,,,,,,,,,,,,,,,,,,,,,,,,,,,,,,,,,,,,,,,,,,,,,,,,,,,,,,,,,,,,,,,,,,,,,,,,,,,,,,,,,,,,,,
ppr535,M,fifth,school1,paper,participant,1,1,1,1,1,1,1,1,1,1,1,1,1,1,1,1,1,1,1,1,1,1,1,1,1,1,1,1,1,1,1,1,1,1,17,3,1,3,1,3,1,4,1,4,1,4,1,6,1,6,1,6,1,8,1,8,1,8,1,10,1,10,1,10,1,11,1,11,1,11,1,16,1,16,1,16,1,21,31,,1,1,1,1,1,1,1,1,1,1,1,1,1,1,1,1,1,1,1,1,1,1,2,0,1,1,1,1,1,1,1,1,2,0,2,0,1,1,2,0,1,1,1,1,1,1,1,1,1,1,2,0,1,1,2,0,2,0,2,0,3,0,2,0,3,0,3,0,22,60
ppr536,M,fifth,school1,paper,participant,1,1,1,1,1,1,1,1,1,1,1,1,1,1,1,1,1,1,1,1,1,1,1,1,1,1,1,1,1,1,1,1,1,1,17,3,1,3,1,3,1,4,1,4,1,4,1,6,1,6,1,6,1,8,1,8,1,8,1,10,1,10,1,10,1,11,1,11,1,11,1,16,1,16,1,15,0,20,30,,1,1,1,1,1,1,1,1,1,1,1,1,1,1,1,1,1,1,1,1,1,1,1,1,1,1,1,1,1,1,1,1,1,1,1,1,1,1,2,0,1,1,1,1,1,1,1,1,1,1,3,0,2,0,2,0,2,0,1,1,3,0,2,0,1,1,1,1,27,64
ppr537,F,fifth,school1,paper,rejected,,,,,,,,,,,,,,,,,,,,,,,,,,,,,,,,,,,,,,,,,,,,,,,,,,,,,,,,,,,,,,,,,,,,,,,,,,,,,,,,,,,,,,,,,,,,,,,,,,,,,,,,,,,,,,,,,,,,,,,,,,,,,,,,,,,,,,,,,,,,,,,,,,,,,,
ppr538,F,fifth,school1,paper,rejected,,,,,,,,,,,,,,,,,,,,,,,,,,,,,,,,,,,,,,,,,,,,,,,,,,,,,,,,,,,,,,,,,,,,,,,,,,,,,,,,,,,,,,,,,,,,,,,,,,,,,,,,,,,,,,,,,,,,,,,,,,,,,,,,,,,,,,,,,,,,,,,,,,,,,,
pprk01,M,kinder,school1,paper,atypical,2,0,1,1,1,1,1,1,1,1,1,1,1,1,1,1,1,1,1,1,1,1,1,1,1,1,1,1,2,0,1,1,1,1,15,17,0,0,0,0,0,0,0,0,0,0,0,2,0,0,0,0,0,11,0,0,0,0,0,18,0,0,0,0,0,0,0,0,0,0,0,0,0,0,0,0,0,0,0,,,0,,0,,0,,0,,0,,0,,0,,0,,0,,0,,0,,0,,0,,0,,0,,0,,0,,0,,0,,0,,0,,0,,0,,0,,0,,0,,0,,0,,0,,0,,0,,0,,0,,0,0,15
pprk02,F,kinder,school1,paper,participant,1,1,1,1,1,1,1,1,1,1,1,1,1,1,1,1,1,1,1,1,1,1,2,0,1,1,1,1,3,0,1,1,2,0,14,3,1,3,1,3,1,4,1,4,1,4,1,6,1,6,1,6,1,7,0,8,1,8,1,10,1,10,1,10,1,12,0,13,0,12,0,15,0,15,0,16,1,15,20,,1,1,1,1,1,1,1,1,1,1,1,1,1,1,1,1,1,1,1,1,1,1,2,0,1,1,1,1,1,1,1,1,2,0,2,0,2,0,2,0,1,1,2,0,3,0,1,1,1,1,2,0,2,0,2,0,2,0,2,0,2,0,,0,,0,,0,18,47
pprk03,F,kinder,school1,paper,participant,1,1,1,1,3,0,1,1,1,1,2,0,1,1,1,1,1,1,1,1,3,0,2,0,1,1,1,1,3,0,3,0,2,0,10,3,1,3,1,3,1,4,1,4,1,4,1,6,1,6,1,6,1,8,1,8,1,8,1,10,1,10,1,10,1,11,1,11,1,11,1,17,0,17,0,17,0,18,20,,1,1,1,1,1,1,1,1,1,1,1,1,1,1,1,1,1,1,1,1,1,1,1,1,1,1,1,1,1,1,1,1,2,0,1,1,2,0,1,1,1,1,1,1,3,0,1,1,1,1,1,1,1,1,2,0,1,1,2,0,2,0,3,0,3,0,3,0,25,53
pprk04,M,kinder,school1,paper,participant,1,1,1,1,1,1,1,1,1,1,1,1,1,1,1,1,1,1,1,1,1,1,1,1,1,1,1,1,1,1,1,1,1,1,17,3,1,3,1,3,1,4,1,4,1,4,1,6,1,6,1,6,1,9,0,9,0,9,0,10,1,10,1,10,1,11,1,11,1,11,1,17,0,21,0,21,0,15,30,,1,1,1,1,1,1,1,1,1,1,1,1,1,1,1,1,1,1,1,1,1,1,1,1,1,1,1,1,1,1,1,1,1,1,1,1,1,1,1,1,2,0,1,1,3,0,1,1,1,1,1,1,1,1,3,0,2,0,3,0,1,1,3,0,3,0,3,0,26,58
pprk05,M,kinder,school1,paper,participant,1,1,1,1,2,0,2,0,1,1,1,1,1,1,1,1,1,1,1,1,2,0,1,1,1,1,1,1,3,0,2,0,2,0,11,3,1,3,1,3,1,4,1,2,0,4,1,5,0,6,1,4,0,8,1,8,1,8,1,9,0,10,1,10,1,11,1,11,1,11,1,16,1,16,1,16,1,17,20,,1,1,1,1,1,1,1,1,1,1,1,1,1,1,1,1,1,1,1,1,1,1,2,0,2,0,2,0,1,1,2,0,1,1,2,0,2,0,2,0,2,0,1,1,2,0,2,0,1,1,2,0,2,0,2,0,2,0,2,0,2,0,2,0,2,0,2,0,15,43
pprk06,F,kinder,school1,paper,participant,1,1,1,1,1,1,1,1,1,1,1,1,1,1,1,1,1,1,1,1,3,0,1,1,1,1,2,0,2,0,2,0,3,0,12,3,1,3,1,3,1,4,1,4,1,4,1,9,0,9,0,9,0,9,0,8,1,8,1,16,0,18,0,18,0,14,0,12,0,12,0,19,0,18,0,18,0,8,29,,1,1,1,1,1,1,1,1,1,1,1,1,1,1,1,1,2,0,1,1,1,1,2,0,2,0,1,1,2,0,1,1,2,0,1,1,2,0,1,1,2,0,2,0,2,0,2,0,2,0,1,1,2,0,2,0,2,0,2,0,2,0,2,0,,0,,0,15,35
pprk07,M,kinder,school1,paper,participant,1,1,1,1,1,1,1,1,1,1,1,1,1,1,1,1,1,1,1,1,1,1,1,1,1,1,1,1,1,1,1,1,1,1,17,3,1,3,1,3,1,4,1,4,1,4,1,6,1,6,1,6,1,8,1,8,1,8,1,10,1,10,1,10,1,11,1,11,1,11,1,16,1,16,1,16,1,21,30,,1,1,1,1,1,1,1,1,1,1,1,1,1,1,1,1,1,1,1,1,1,1,1,1,1,1,1,1,1,1,1,1,1,1,1,1,1,1,1,1,1,1,1,1,1,1,1,1,1,1,2,0,1,1,2,0,2,0,1,1,3,0,2,0,2,0,2,0,27,65
pprk08,F,kinder,school1,paper,participant,1,1,1,1,1,1,1,1,3,0,3,0,3,0,3,0,4,0,4,0,4,0,4,0,4,0,4,0,4,0,4,0,4,0,4,3,1,3,1,3,1,4,1,1,0,4,1,6,1,6,1,6,1,8,1,8,1,8,1,9,0,9,0,9,0,11,1,11,1,11,1,16,1,16,1,16,1,17,20,,1,1,1,1,1,1,1,1,1,1,1,1,1,1,1,1,1,1,1,1,1,1,2,0,2,0,1,1,1,1,1,1,1,1,2,0,1,1,1,1,2,0,2,0,2,0,1,1,2,0,2,0,2,0,2,0,2,0,2,0,,0,,0,,0,,0,18,39
pprk09,M,kinder,school1,paper,participant,1,1,1,1,1,1,1,1,1,1,1,1,1,1,1,1,1,1,1,1,3,0,3,0,1,1,3,0,3,0,3,0,2,0,11,3,1,3,1,3,1,4,1,4,1,4,1,5,0,5,0,5,0,7,0,8,1,8,1,9,0,9,0,9,0,20,0,11,1,11,1,20,0,12,0,14,0,10,10,,1,1,1,1,1,1,2,0,1,1,1,1,1,1,1,1,1,1,1,1,1,1,1,1,2,0,2,0,2,0,1,1,2,0,1,1,2,0,1,1,2,0,2,0,2,0,2,0,2,0,2,0,2,0,,0,,0,,0,,0,,0,,0,,0,14,35
pprk10,M,kinder,school1,paper,rejected,,,,,,,,,,,,,,,,,,,,,,,,,,,,,,,,,,,,,,,,,,,,,,,,,,,,,,,,,,,,,,,,,,,,,,,,,,,,,,,,,,,,,,,,,,,,,,,,,,,,,,,,,,,,,,,,,,,,,,,,,,,,,,,,,,,,,,,,,,,,,,,,,,,,,,
pprk11,F,kinder,school1,paper,rejected,,,,,,,,,,,,,,,,,,,,,,,,,,,,,,,,,,,,,,,,,,,,,,,,,,,,,,,,,,,,,,,,,,,,,,,,,,,,,,,,,,,,,,,,,,,,,,,,,,,,,,,,,,,,,,,,,,,,,,,,,,,,,,,,,,,,,,,,,,,,,,,,,,,,,,
pprk12,M,kinder,school1,paper,participant,1,1,1,1,2,0,1,1,1,1,2,0,1,1,1,1,1,1,1,1,1,1,1,1,1,1,1,1,3,0,3,0,2,0,12,3,1,3,1,3,1,4,1,4,1,4,1,9,0,6,1,6,1,8,1,8,1,8,1,10,1,10,1,10,1,11,1,10,0,12,0,2,0,0,0,0,0,15,0,,,0,,0,,0,,0,,0,,0,,0,,0,,0,,0,,0,,0,,0,,0,,0,,0,,0,,0,,0,,0,,0,,0,,0,,0,,0,,0,,0,,0,,0,,0,,0,,0,,0,,0,0,27
pprk13,M,kinder,school1,paper,participant,1,1,1,1,1,1,2,0,1,1,2,0,2,0,1,1,1,1,2,0,3,0,2,0,2,0,3,0,4,0,3,0,3,0,6,2,0,2,0,2,0,3,0,4,1,4,1,4,0,5,0,10,0,5,0,4,0,10,0,6,0,7,0,7,0,6,0,4,0,4,0,7,0,10,0,8,0,2,3,,1,1,1,1,1,1,1,1,2,0,1,1,4,0,2,0,2,0,2,0,1,1,2,0,2,0,2,0,3,0,2,0,2,0,2,0,3,0,2,0,3,0,,0,,0,,0,,0,,0,,0,,0,,0,,0,,0,,0,,0,,0,6,14
pprk14,M,kinder,school1,paper,participant,1,1,1,1,3,0,3,0,1,1,3,0,1,1,2,0,2,0,2,0,2,0,3,0,1,1,3,0,3,0,3,0,3,0,5,20,0,5,0,5,0,20,0,0,0,0,0,20,0,0,0,20,0,20,0,20,0,20,0,20,0,9,0,9,0,20,0,20,0,0,0,0,0,0,0,0,0,0,20,,1,1,1,1,1,1,1,1,1,1,1,1,1,1,1,1,1,1,1,1,1,1,2,0,1,1,3,0,1,1,1,1,1,1,2,0,2,0,2,0,2,0,2,0,1,1,2,0,1,1,3,0,2,0,2,0,2,0,2,0,2,0,2,0,2,0,2,0,17,22
pprk15,M,kinder,school1,paper,participant,1,1,1,1,3,0,3,0,1,1,3,0,1,1,1,1,1,1,3,0,3,0,3,0,3,0,3,0,1,1,1,1,2,0,8,3,1,3,1,3,1,4,1,4,1,4,1,6,1,6,1,6,1,9,0,9,0,9,0,10,1,10,1,10,1,11,1,10,0,10,0,10,0,9,0,9,0,13,10,,1,1,1,1,1,1,1,1,1,1,1,1,1,1,1,1,1,1,1,1,2,0,1,1,1,1,1,1,1,1,1,1,1,1,3,0,3,0,3,0,2,0,2,0,2,0,2,0,2,0,3,0,3,0,3,0,3,0,,0,,0,,0,,0,,0,16,37
pprk16,F,kinder,school1,paper,participant,1,1,1,1,1,1,1,1,1,1,1,1,1,1,1,1,1,1,1,1,1,1,1,1,1,1,1,1,1,1,1,1,1,1,17,3,1,3,1,3,1,4,1,4,1,4,1,6,1,6,1,6,1,8,1,8,1,8,1,10,1,10,1,10,1,11,1,11,1,11,1,16,1,16,1,16,1,21,29,,1,1,1,1,1,1,1,1,1,1,1,1,1,1,1,1,1,1,1,1,1,1,1,1,1,1,1,1,1,1,1,1,1,1,1,1,1,1,1,1,1,1,1,1,2,0,1,1,2,0,1,1,1,1,2,0,2,0,3,0,1,1,2,0,3,0,3,0,26,64
pprk17,F,kinder,school1,paper,participant,1,1,1,1,3,0,3,0,1,1,2,0,1,1,3,0,3,0,3,0,3,0,3,0,1,1,3,0,2,0,3,0,3,0,5,3,1,3,1,3,1,5,0,5,0,5,0,6,1,6,1,6,1,8,1,8,1,8,1,9,0,9,0,9,0,10,0,10,0,10,0,13,0,13,0,13,0,9,10,,1,1,1,1,1,1,1,1,1,1,1,1,1,1,1,1,1,1,1,1,1,1,1,1,2,0,1,1,2,0,2,0,2,0,3,0,3,0,2,0,,0,,0,,0,,0,,0,,0,,0,,0,,0,,0,,0,,0,,0,,0,13,27
pprk18,F,kinder,school1,paper,participant,1,1,1,1,1,1,1,1,1,1,1,1,1,1,1,1,1,1,1,1,1,1,2,0,1,1,1,1,1,1,1,1,1,1,16,3,1,0,0,3,1,3,0,3,0,3,0,6,1,6,1,6,1,8,1,8,1,8,1,10,1,2,0,10,1,11,1,11,1,11,1,16,1,16,1,16,1,16,20,,1,1,1,1,1,1,1,1,1,1,1,1,1,1,1,1,1,1,1,1,1,1,2,0,1,1,1,1,1,1,1,1,1,1,1,1,1,1,1,1,1,1,2,0,2,0,2,0,1,1,1,1,2,0,2,0,2,0,2,0,2,0,2,0,2,0,2,0,22,54
pprk19,F,kinder,school1,paper,participant,1,1,1,1,1,1,1,1,1,1,1,1,1,1,1,1,1,1,1,1,3,0,1,1,1,1,1,1,3,0,1,1,1,1,15,3,1,3,1,3,1,4,1,4,1,4,1,6,1,6,1,6,1,7,0,7,0,7,0,10,1,10,1,10,1,0,0,0,0,0,0,0,0,0,0,0,0,12,0,,,0,,0,,0,,0,,0,,0,,0,,0,,0,,0,,0,,0,,0,,0,,0,,0,,0,,0,,0,,0,,0,,0,,0,,0,,0,,0,,0,,0,,0,,0,,0,,0,,0,,0,0,27
