id,sex,grade,school,condition,status,pregunta_1,puntaje_1,pregunta_2,puntaje_2,pregunta_3,puntaje_3,pregunta_4,puntaje_4,pregunta_5,puntaje_5,pregunta_6,puntaje_6,pregunta_7,puntaje_7,pregunta_8,puntaje_8,pregunta_9,puntaje_9,pregunta_10,puntaje_10,pregunta_11,puntaje_11,pregunta_12,puntaje_12,pregunta_13,puntaje_13,pregunta_14,puntaje_14,pregunta_15,puntaje_15,pregunta_16,puntaje_16,pregunta_17,puntaje_17,puntaje_ambito_1,pregunta_18,puntaje_18,pregunta_19,puntaje_19,pregunta_20,puntaje_20,pregunta_21,puntaje_21,pregunta_22,puntaje_22,pregunta_23,puntaje_23,pregunta_24,puntaje_24,pregunta_25,puntaje_25,pregunta_26,puntaje_26,pregunta_27,puntaje_27,puntaje_ambito_2,pregunta_28,puntaje_28,pregunta_29,puntaje_29,pregunta_30,puntaje_30,pregunta_31,puntaje_31,pregunta_32,puntaje_32,pregunta_33,puntaje_33,pregunta_34,puntaje_34,pregunta_35,puntaje_35,pregunta_36,puntaje_36,pregunta_37,puntaje_37,pregunta_38,puntaje_38,pregunta_39,puntaje_39,pregunta_40,puntaje_40,pregunta_41,puntaje_41,pregunta_42,puntaje_42,puntaje_ambito_3,pregunta_43,puntaje_43,pregunta_44,puntaje_44,pregunta_45,puntaje_45,pregunta_46,puntaje_46,pregunta_47,puntaje_47,pregunta_48,puntaje_48,puntaje_ambito_4,pregunta_49,puntaje_49,pregunta_50,puntaje_50,pregunta_51,puntaje_51,pregunta_52,puntaje_52,pregunta_53,puntaje_53,pregunta_54,puntaje_54,pregunta_55,puntaje_55,pregunta_56,puntaje_56,pregunta_57,puntaje_57,pregunta_58,puntaje_58,pregunta_59,puntaje_59,pregunta_60,puntaje_60,puntaje_ambito_5,pregunta_61,puntaje_61,pregunta_62,puntaje_62,pregunta_63,puntaje_63,pregunta_64,puntaje_64,pregunta_65,puntaje_65,pregunta_66,puntaje_66,puntaje_ambito_6,pregunta_67,puntaje_67,pregunta_68,puntaje_68,pregunta_69,puntaje_69,pregunta_70,puntaje_70,pregunta_71,puntaje_71,pregunta_72,puntaje_72,puntaje_ambito_7,puntaje_total
ctl501,M,fifth,school4,control_1,participant,1,1,1,1,1,1,1,1,1,1,1,1,1,1,1,1,1,1,1,1,1,1,2,0,1,1,1,1,1,1,1,1,1,1,16,1,1,1,1,1,1,1,1,1,1,1,1,2,0,1,1,2,0,1,1,8,1,1,1,1,1,1,1,1,1,1,1,1,1,1,1,1,1,1,1,1,1,1,1,1,1,1,1,1,1,1,15,1,1,1,1,1,1,1,1,1,1,1,1,6,1,1,1,1,1,1,1,1,1,1,1,1,1,1,1,1,1,1,1,1,1,1,1,1,12,1,1,1,1,1,1,1,1,3,0,1,1,5,1,1,2,0,1,1,1,1,3,0,1,1,4,66
ctl502,M,fifth,school4,control_1,participant,1,1,1,1,1,1,1,1,1,1,1,1,1,1,1,1,1,1,1,1,1,1,1,1,1,1,1,1,1,1,1,1,2,0,16,1,1,1,1,1,1,1,1,1,1,1,1,1,1,1,1,3,0,1,1,9,1,1,1,1,1,1,1,1,1,1,1,1,1,1,1,1,1,1,1,1,1,1,1,1,1,1,1,1,1,1,15,1,1,1,1,1,1,1,1,2,0,1,1,5,2,0,1,1,1,1,1,1,1,1,1,1,1,1,2,0,2,0,1,1,1,1,1,1,9,1,1,1,1,1,1,1,1,1,1,1,1,6,2,0,2,0,1,1,2,0,2,0,2,0,1,61
ctl503,M,fifth,school4,control_1,participant,1,1,1,1,1,1,1,1,1,1,1,1,1,1,1,1,1,1,1,1,1,1,1,1,1,1,1,1,1,1,1,1,1,1,17,1,1,1,1,1,1,1,1,1,1,1,1,1,1,1,1,1,1,1,1,10,1,1,1,1,1,1,1,1,1,1,1,1,1,1,1,1,1,1,1,1,1,1,1,1,1,1,1,1,1,1,15,1,1,1,1,1,1,1,1,1,1,1,1,6,1,1,1,1,1,1,1,1,1,1,1,1,1,1,1,1,1,1,1,1,1,1,1,1,12,1,1,1,1,1,1,1,1,1,1,1,1,6,1,1,1,1,1,1,2,0,2,0,1,1,4,70
ctl504,M,fifth,school4,control_1,participant,1,1,1,1,1,1,1,1,1,1,1,1,1,1,1,1,1,1,1,1,1,1,1,1,1,1,1,1,1,1,3,0,1,1,16,1,1,1,1,1,1,1,1,1,1,1,1,1,1,1,1,1,1,1,1,10,1,1,1,1,1,1,1,1,1,1,1,1,1,1,1,1,1,1,1,1,1,1,1,1,1,1,1,1,1,1,15,1,1,1,1,1,1,1,1,1,1,1,1,6,1,1,1,1,1,1,1,1,1,1,1,1,1,1,1,1,1,1,1,1,1,1,1,1,12,1,1,1,1,1,1,1,1,1,1,1,1,6,1,1,1,1,1,1,1,1,3,0,1,1,5,70
ctl505,F,fifth,school4,control_1,rejected,,,,,,,,,,,,,,,,,,,,,,,,,,,,,,,,,,,,,,,,,,,,,,,,,,,,,,,,,,,,,,,,,,,,,,,,,,,,,,,,,,,,,,,,,,,,,,,,,,,,,,,,,,,,,,,,,,,,,,,,,,,,,,,,,,,,,,,,,,,,,,,,,,,,,,,,
ctl506,F,fifth,school4,control_1,participant,1,1,1,1,1,1,1,1,1,1,1,1,1,1,1,1,1,1,1,1,1,1,1,1,1,1,1,1,1,1,1,1,1,1,17,1,1,1,1,1,1,1,1,1,1,1,1,1,1,1,1,2,0,1,1,9,1,1,1,1,1,1,1,1,1,1,3,0,1,1,1,1,1,1,1,1,1,1,1,1,1,1,1,1,1,1,14,1,1,1,1,1,1,3,0,2,0,1,1,4,1,1,1,1,1,1,1,1,1,1,1,1,1,1,1,1,1,1,1,1,1,1,1,1,12,1,1,1,1,1,1,1,1,1,1,1,1,6,1,1,3,0,1,1,3,0,2,0,1,1,3,65
ctl507,M,fifth,school4,control_1,participant,2,0,1,1,2,0,1,1,1,1,1,1,1,1,1,1,1,1,1,1,1,1,2,0,2,0,2,0,2,0,2,0,2,0,9,1,1,2,0,1,1,1,1,1,1,1,1,2,0,1,1,2,0,1,1,7,1,1,1,1,1,1,1,1,1,1,2,0,1,1,1,1,1,1,1,1,1,1,1,1,1,1,1,1,1,1,14,1,1,1,1,1,1,1,1,1,1,1,1,6,3,0,1,1,1,1,2,0,2,0,1,1,2,0,2,0,2,0,1,1,1,1,2,0,5,2,0,1,1,2,0,1,1,2,0,2,0,2,2,0,2,0,1,1,2,0,1,1,2,0,2,45
ctl508,M,fifth,school4,control_1,participant,1,1,2,0,1,1,1,1,1,1,1,1,1,1,1,1,1,1,1,1,1,1,2,0,1,1,1,1,1,1,1,1,1,1,15,1,1,1,1,1,1,1,1,1,1,1,1,1,1,1,1,2,0,1,1,9,1,1,1,1,1,1,1,1,1,1,1,1,1,1,1,1,1,1,1,1,1,1,1,1,1,1,1,1,1,1,15,1,1,1,1,1,1,2,0,1,1,1,1,5,1,1,1,1,1,1,1,1,1,1,1,1,1,1,1,1,2,0,1,1,1,1,1,1,11,1,1,1,1,1,1,1,1,2,0,1,1,5,1,1,2,0,1,1,2,0,2,0,1,1,3,63
ctl509,M,fifth,school4,control_1,participant,1,1,1,1,1,1,1,1,1,1,1,1,1,1,1,1,1,1,1,1,1,1,1,1,1,1,1,1,2,0,1,1,1,1,16,1,1,1,1,1,1,1,1,1,1,1,1,1,1,1,1,2,0,1,1,9,1,1,1,1,1,1,1,1,1,1,2,0,1,1,1,1,1,1,1,1,1,1,1,1,1,1,1,1,1,1,14,1,1,1,1,1,1,2,0,2,0,1,1,4,1,1,1,1,1,1,1,1,1,1,1,1,1,1,1,1,1,1,1,1,1,1,1,1,12,1,1,1,1,1,1,1,1,1,1,1,1,6,1,1,2,0,1,1,3,0,1,1,1,1,4,65
ctl510,M,fifth,school4,control_1,participant,1,1,1,1,1,1,1,1,1,1,1,1,1,1,1,1,1,1,1,1,1,1,1,1,1,1,1,1,1,1,1,1,1,1,17,1,1,1,1,1,1,1,1,1,1,1,1,1,1,1,1,2,0,1,1,9,1,1,1,1,1,1,1,1,1,1,1,1,1,1,1,1,1,1,1,1,1,1,1,1,1,1,1,1,1,1,15,1,1,1,1,1,1,1,1,2,0,1,1,5,1,1,1,1,1,1,1,1,1,1,1,1,1,1,1,1,1,1,1,1,1,1,1,1,12,1,1,1,1,1,1,1,1,1,1,1,1,6,1,1,1,1,1,1,2,0,2,0,1,1,4,68
ctl511,F,fifth,school4,control_1,participant,1,1,1,1,1,1,1,1,1,1,1,1,1,1,1,1,1,1,1,1,1,1,1,1,1,1,1,1,1,1,1,1,1,1,17,1,1,1,1,1,1,1,1,1,1,1,1,1,1,1,1,3,0,1,1,9,1,1,1,1,1,1,1,1,1,1,1,1,1,1,1,1,1,1,1,1,1,1,1,1,1,1,1,1,1,1,15,1,1,1,1,1,1,2,0,2,0,1,1,4,1,1,1,1,1,1,1,1,1,1,1,1,1,1,1,1,1,1,1,1,1,1,1,1,12,1,1,1,1,1,1,1,1,1,1,1,1,6,1,1,1,1,1,1,1,1,3,0,1,1,5,68
ctl512,F,fifth,school4,control_1,participant,1,1,1,1,1,1,1,1,1,1,1,1,1,1,1,1,1,1,1,1,1,1,1,1,1,1,1,1,1,1,1,1,1,1,17,1,1,1,1,1,1,1,1,1,1,1,1,1,1,1,1,1,1,1,1,10,1,1,1,1,1,1,1,1,1,1,1,1,1,1,1,1,1,1,1,1,1,1,1,1,1,1,1,1,1,1,15,1,1,1,1,1,1,1,1,1,1,1,1,6,1,1,1,1,1,1,1,1,1,1,1,1,1,1,1,1,1,1,1,1,1,1,1,1,12,1,1,1,1,1,1,1,1,1,1,1,1,6,1,1,1,1,1,1,3,0,3,0,3,0,3,69
ctl513,F,fifth,school4,control_1,rejected,,,,,,,,,,,,,,,,,,,,,,,,,,,,,,,,,,,,,,,,,,,,,,,,,,,,,,,,,,,,,,,,,,,,,,,,,,,,,,,,,,,,,,,,,,,,,,,,,,,,,,,,,,,,,,,,,,,,,,,,,,,,,,,,,,,,,,,,,,,,,,,,,,,,,,,,
ctl514,M,fifth,school4,control_1,participant,1,1,1,1,1,1,1,1,1,1,1,1,1,1,1,1,1,1,1,1,1,1,1,1,1,1,1,1,1,1,1,1,1,1,17,1,1,1,1,1,1,1,1,1,1,1,1,1,1,1,1,2,0,1,1,9,1,1,1,1,1,1,1,1,1,1,1,1,1,1,1,1,1,1,1,1,1,1,1,1,1,1,1,1,1,1,15,1,1,1,1,1,1,2,0,1,1,1,1,5,1,1,1,1,1,1,1,1,1,1,1,1,1,1,1,1,1,1,1,1,1,1,1,1,12,1,1,1,1,1,1,1,1,1,1,2,0,5,1,1,1,1,1,1,1,1,2,0,2,0,4,67
ctl515,M,fifth,school4,control_1,rejected,,,,,,,,,,,,,,,,,,,,,,,,,,,,,,,,,,,,,,,,,,,,,,,,,,,,,,,,,,,,,,,,,,,,,,,,,,,,,,,,,,,,,,,,,,,,,,,,,,,,,,,,,,,,,,,,,,,,,,,,,,,,,,,,,,,,,,,,,,,,,,,,,,,,,,,,
ctl516,F,fifth,school4,control_1,rejected,,,,,,,,,,,,,,,,,,,,,,,,,,,,,,,,,,,,,,,,,,,,,,,,,,,,,,,,,,,,,,,,,,,,,,,,,,,,,,,,,,,,,,,,,,,,,,,,,,,,,,,,,,,,,,,,,,,,,,,,,,,,,,,,,,,,,,,,,,,,,,,,,,,,,,,,
ctl517,M,fifth,school4,control_1,rejected,,,,,,,,,,,,,,,,,,,,,,,,,,,,,,,,,,,,,,,,,,,,,,,,,,,,,,,,,,,,,,,,,,,,,,,,,,,,,,,,,,,,,,,,,,,,,,,,,,,,,,,,,,,,,,,,,,,,,,,,,,,,,,,,,,,,,,,,,,,,,,,,,,,,,,,,
ctl518,M,fifth,school4,control_1,participant,1,1,1,1,1,1,1,1,1,1,1,1,1,1,1,1,1,1,1,1,1,1,1,1,1,1,1,1,1,1,1,1,1,1,17,1,1,1,1,1,1,1,1,1,1,1,1,1,1,1,1,1,1,1,1,10,1,1,1,1,1,1,1,1,1,1,1,1,1,1,1,1,1,1,1,1,1,1,1,1,1,1,1,1,1,1,15,1,1,1,1,1,1,1,1,1,1,1,1,6,1,1,1,1,1,1,1,1,1,1,1,1,1,1,1,1,1,1,1,1,1,1,1,1,12,1,1,1,1,1,1,1,1,1,1,1,1,6,1,1,1,1,1,1,2,0,2,0,1,1,4,70
ctl519,M,fifth,school4,control_1,participant,1,1,1,1,1,1,1,1,1,1,1,1,1,1,1,1,1,1,1,1,1,1,1,1,1,1,1,1,1,1,1,1,1,1,17,1,1,1,1,1,1,1,1,1,1,1,1,1,1,1,1,1,1,1,1,10,1,1,1,1,1,1,1,1,1,1,1,1,1,1,1,1,1,1,1,1,1,1,1,1,1,1,1,1,1,1,15,1,1,1,1,1,1,1,1,1,1,1,1,6,1,1,1,1,1,1,1,1,1,1,1,1,1,1,1,1,1,1,1,1,1,1,1,1,12,1,1,1,1,1,1,1,1,1,1,1,1,6,1,1,1,1,1,1,2,0,2,0,1,1,3,69
ctl520,F,fifth,school4,control_1,participant,1,1,1,1,1,1,1,1,1,1,1,1,1,1,1,1,1,1,1,1,1,1,1,1,1,1,1,1,1,1,1,1,1,1,17,1,1,1,1,1,1,1,1,1,1,1,1,1,1,1,1,1,1,1,1,10,1,1,1,1,1,1,1,1,1,1,1,1,1,1,1,1,1,1,1,1,1,1,1,1,1,1,1,1,1,1,15,1,1,1,1,1,1,1,1,1,1,1,1,6,1,1,1,1,1,1,1,1,1,1,1,1,1,1,1,1,1,1,1,1,1,1,1,1,12,1,1,1,1,1,1,1,1,1,1,1,1,6,1,1,2,0,1,1,1,1,3,0,1,1,4,70
ctl521,M,fifth,school4,control_1,participant,1,1,1,1,1,1,1,1,1,1,1,1,1,1,1,1,1,1,1,1,1,1,1,1,1,1,1,1,1,1,1,1,1,1,17,1,1,1,1,1,1,1,1,1,1,1,1,1,1,1,1,2,0,1,1,9,1,1,1,1,1,1,1,1,1,1,1,1,1,1,1,1,1,1,1,1,1,1,1,1,1,1,1,1,1,1,15,1,1,1,1,1,1,1,1,1,1,1,1,6,1,1,1,1,1,1,1,1,1,1,1,1,1,1,1,1,1,1,1,1,1,1,1,1,12,1,1,1,1,1,1,1,1,2,0,1,1,5,1,1,2,0,1,1,2,0,1,1,1,1,4,68
ctl522,M,fifth,school4,control_1,participant,2,0,1,1,1,1,1,1,1,1,1,1,1,1,1,1,1,1,1,1,1,1,3,0,1,1,1,1,1,1,3,0,3,0,13,1,1,1,1,1,1,1,1,1,1,1,1,1,1,1,1,2,0,1,1,9,1,1,1,1,1,1,1,1,1,1,1,1,1,1,1,1,1,1,1,1,1,1,1,1,1,1,1,1,1,1,15,1,1,1,1,1,1,2,0,1,1,1,1,5,1,1,1,1,1,1,1,1,1,1,1,1,1,1,1,1,1,1,1,1,1,1,1,1,12,2,0,1,1,1,1,1,1,1,1,3,0,4,1,1,1,1,1,1,2,0,3,0,1,1,4,62
ctl523,F,fifth,school4,control_1,participant,1,1,1,1,1,1,1,1,1,1,1,1,1,1,1,1,1,1,1,1,1,1,1,1,1,1,1,1,1,1,1,1,1,1,17,1,1,1,1,1,1,1,1,1,1,1,1,1,1,1,1,1,1,1,1,10,1,1,1,1,1,1,1,1,1,1,1,1,1,1,1,1,1,1,1,1,1,1,1,1,1,1,1,1,1,1,15,1,1,1,1,1,1,1,1,1,1,1,1,6,1,1,1,1,1,1,1,1,1,1,1,1,1,1,1,1,1,1,1,1,1,1,1,1,12,1,1,1,1,1,1,1,1,1,1,1,1,6,1,1,1,1,1,1,1,1,1,1,1,1,6,72
ctl524,M,fifth,school4,control_1,participant,2,0,2,0,1,1,2,0,2,0,1,1,2,0,4,0,1,1,1,1,1,1,4,0,4,0,4,0,1,1,4,0,4,0,6,1,1,1,1,1,1,1,1,1,1,1,1,2,0,2,0,2,0,1,1,7,1,1,1,1,1,1,1,1,1,1,1,1,1,1,1,1,1,1,1,1,1,1,1,1,1,1,1,1,1,1,15,1,1,1,1,1,1,2,0,2,0,1,1,4,1,1,1,1,1,1,1,1,2,0,1,1,1,1,1,1,1,1,1,1,1,1,1,1,11,1,1,1,1,1,1,1,1,1,1,1,1,6,2,0,2,0,2,0,2,0,2,0,4,0,0,49
ctl525,M,fifth,school4,control_1,participant,1,1,1,1,1,1,1,1,1,1,1,1,1,1,1,1,1,1,1,1,1,1,1,1,1,1,1,1,1,1,1,1,1,1,17,1,1,1,1,1,1,1,1,1,1,1,1,1,1,1,1,2,0,1,1,9,1,1,1,1,1,1,1,1,1,1,1,1,1,1,1,1,1,1,1,1,1,1,1,1,1,1,1,1,1,1,15,1,1,1,1,1,1,1,1,1,1,1,1,6,1,1,1,1,1,1,1,1,1,1,1,1,1,1,1,1,1,1,1,1,1,1,1,1,12,1,1,1,1,1,1,1,1,1,1,1,1,6,1,1,1,1,1,1,2,0,2,0,1,1,4,69
ctlk01,F,kinder,school4,control_1,rejected,,,,,,,,,,,,,,,,,,,,,,,,,,,,,,,,,,,,,,,,,,,,,,,,,,,,,,,,,,,,,,,,,,,,,,,,,,,,,,,,,,,,,,,,,,,,,,,,,,,,,,,,,,,,,,,,,,,,,,,,,,,,,,,,,,,,,,,,,,,,,,,,,,,,,,,,
ctlk02,F,kinder,school4,control_1,participant,1,1,1,1,1,1,1,1,2,0,1,1,1,1,1,1,2,0,2,0,2,0,2,0,1,1,1,1,2,0,1,1,2,0,10,1,1,2,0,1,1,1,1,1,1,1,1,2,0,3,0,3,0,3,0,5,1,1,1,1,1,1,1,1,1,1,1,1,1,1,1,1,1,1,3,0,2,0,2,0,2,0,3,0,3,0,9,1,1,1,1,1,1,1,1,1,1,2,0,5,2,0,2,0,3,0,3,0,3,0,2,0,3,0,3,0,2,0,3,0,3,0,3,0,0,2,0,1,1,2,0,2,0,2,0,2,0,1,1,1,1,1,3,0,2,0,1,1,1,1,4,34
ctlk03,M,kinder,school4,control_1,participant,2,0,2,0,1,1,1,1,1,1,1,1,1,1,1,1,1,1,2,0,1,1,1,1,1,1,1,1,1,1,2,0,2,0,12,1,1,2,0,1,1,1,1,1,1,1,1,2,0,2,0,2,0,1,1,6,1,1,1,1,1,1,1,1,1,1,2,0,2,0,2,0,1,1,2,0,2,0,2,0,3,0,3,0,3,0,6,1,1,1,1,1,1,2,0,2,0,1,1,4,3,0,3,0,3,0,3,0,3,0,1,1,3,0,3,0,2,0,3,0,1,1,3,0,2,1,1,1,1,1,1,2,0,1,1,1,1,5,1,1,1,1,1,1,2,0,2,0,1,1,4,39
ctlk04,F,kinder,school4,control_1,participant,2,0,2,0,1,1,1,1,1,1,1,1,1,1,1,1,1,1,1,1,3,0,3,0,1,1,1,1,1,1,1,1,3,0,12,1,1,1,1,1,1,1,1,1,1,1,1,1,1,1,1,2,0,1,1,9,1,1,1,1,1,1,1,1,1,1,1,1,1,1,1,1,1,1,1,1,1,1,1,1,1,1,1,1,3,0,14,1,1,1,1,1,1,1,1,3,0,3,0,4,3,0,2,0,3,0,3,0,1,1,1,1,1,1,3,0,3,0,3,0,1,1,3,0,4,1,1,1,1,3,0,1,1,1,1,1,1,5,1,1,2,0,1,1,1,1,1,1,1,1,5,53
ctlk05,F,kinder,school4,control_1,participant,1,1,2,0,1,1,1,1,1,1,1,1,1,1,1,1,1,1,1,1,1,1,1,1,1,1,1,1,1,1,2,0,1,1,15,1,1,1,1,1,1,1,1,1,1,1,1,1,1,1,1,2,0,1,1,9,1,1,1,1,1,1,1,1,1,1,1,1,1,1,1,1,1,1,2,0,1,1,1,1,1,1,1,1,1,1,14,1,1,1,1,1,1,1,1,1,1,1,1,6,1,1,1,1,2,0,2,0,2,0,1,1,1,1,1,1,1,1,1,1,1,1,1,1,9,1,1,1,1,1,1,1,1,1,1,1,1,6,1,1,2,0,1,1,2,0,2,0,2,0,2,61
ctlk06,M,kinder,school4,control_1,participant,3,0,2,0,4,0,3,0,3,0,3,0,3,0,3,0,3,0,3,0,3,0,3,0,3,0,3,0,4,0,3,0,3,0,0,3,0,1,1,3,0,4,0,3,0,3,0,3,0,3,0,3,0,3,0,1,1,1,1,1,1,1,1,1,1,1,1,1,1,1,1,1,1,1,1,1,2,0,1,1,1,1,1,1,1,1,14,2,0,1,1,2,0,2,0,2,0,2,0,1,3,0,3,0,3,0,2,0,1,1,2,0,1,1,2,0,2,0,1,1,1,1,3,0,4,4,0,1,1,2,0,1,1,2,0,2,0,2,2,0,1,1,3,0,3,0,4,0,4,0,1,23
ctlk07,M,kinder,school4,control_1,participant,1,1,1,1,1,1,1,1,1,1,1,1,1,1,1,1,1,1,1,1,1,1,1,1,1,1,1,1,1,1,Un arma,0,2,0,15,1,1,1,1,1,1,1,1,1,1,1,1,1,1,2,0,3,0,1,1,8,1,1,1,1,1,1,1,1,1,1,1,1,1,1,1,1,1,1,1,1,1,1,1,1,1,1,1,1,3,0,14,1,1,1,1,1,1,1,1,1,1,1,1,6,3,0,3,0,3,0,1,1,1,1,3,0,3,0,1,1,2,0,2,0,1,1,3,0,4,1,1,1,1,1,1,1,1,1,1,1,1,6,1,1,1,1,1,1,2,0,3,0,2,0,3,56
ctlk08,M,kinder,school4,control_1,participant,1,1,1,1,1,1,1,1,1,1,1,1,1,1,1,1,1,1,1,1,1,1,1,1,1,1,1,1,1,1,1,1,1,1,17,1,1,2,0,1,1,1,1,2,0,1,1,3,0,1,1,2,0,1,1,6,1,1,1,1,1,1,1,1,1,1,1,1,1,1,1,1,1,1,1,1,1,1,1,1,1,1,1,1,3,0,14,1,1,1,1,3,0,2,0,1,1,2,0,3,3,0,3,0,1,1,1,1,1,1,2,0,3,0,3,0,3,0,1,1,1,1,2,0,5,2,0,1,1,2,0,2,0,2,0,1,1,2,1,1,1,1,1,1,3,0,1,1,1,1,5,52
ctlk09,M,kinder,school4,control_1,participant,2,0,2,0,1,1,1,1,1,1,1,1,1,1,1,1,1,1,1,1,1,1,3,0,1,1,1,1,1,1,3,0,3,0,12,1,1,1,1,2,0,2,0,1,1,1,1,2,0,1,1,2,0,1,1,6,1,1,1,1,1,1,1,1,1,1,2,0,2,0,2,0,2,0,2,0,2,0,2,0,2,0,2,0,2,0,5,1,1,1,1,1,1,1,1,1,1,1,1,6,2,0,2,0,2,0,2,0,2,0,2,0,2,0,2,0,2,0,2,0,1,1,2,0,1,1,1,1,1,2,0,1,1,1,1,2,0,4,3,0,2,0,1,1,2,0,3,0,1,1,2,36
ctlk10,M,kinder,school4,control_1,participant,1,1,1,1,1,1,1,1,1,1,1,1,1,1,1,1,1,1,1,1,1,1,3,0,1,1,1,1,1,1,2,0,1,1,15,1,1,1,1,1,1,1,1,1,1,1,1,1,1,1,1,3,0,1,1,9,1,1,1,1,1,1,1,1,1,1,1,1,1,1,1,1,1,1,1,1,1,1,1,1,1,1,1,1,1,1,15,1,1,1,1,1,1,1,1,1,1,1,1,6,1,1,1,1,1,1,1,1,1,1,1,1,1,1,1,1,1,1,1,1,1,1,1,1,12,1,1,1,1,1,1,1,1,1,1,1,1,6,1,1,1,1,1,1,1,1,3,0,1,1,5,68
ctlk11,M,kinder,school4,control_1,participant,1,1,2,0,1,1,1,1,1,1,1,1,1,1,1,1,1,1,1,1,1,1,1,1,1,1,1,1,1,1,1,1,3,0,15,1,1,1,1,1,1,2,0,1,1,1,1,1,1,1,1,2,0,2,0,7,1,1,1,1,2,0,1,1,1,1,2,0,1,1,1,1,1,1,1,1,2,0,1,1,1,1,1,1,2,0,11,1,1,1,1,2,0,1,1,1,1,1,1,5,2,0,1,1,1,1,2,0,3,0,3,0,2,0,3,0,2,0,3,0,1,1,3,0,3,1,1,1,1,1,1,1,1,1,1,1,1,6,1,1,2,0,1,1,2,0,2,0,2,0,2,49
ctlk12,M,kinder,school4,control_1,participant,1,1,1,1,3,0,1,1,1,1,1,1,1,1,1,1,4,0,1,1,2,0,1,1,1,1,1,1,1,1,1,1,1,1,14,2,0,2,0,1,1,1,1,1,1,1,1,2,0,1,1,3,0,1,1,6,1,1,1,1,1,1,1,1,1,1,3,0,1,1,1,1,3,0,1,1,1,1,1,1,1,1,3,0,3,0,11,1,1,1,1,1,1,1,1,1,1,1,1,6,3,0,3,0,3,0,3,0,3,0,3,0,1,1,3,0,3,0,3,0,1,1,3,0,2,2,0,1,1,2,0,1,1,2,0,1,1,3,3,0,2,0,1,1,2,0,3,0,1,1,2,44
ctlk13,F,kinder,school4,control_1,participant,1,1,2,0,2,0,1,1,1,1,1,1,1,1,1,1,3,0,1,1,2,0,3,0,2,0,3,0,3,0,3,0,2,0,7,1,1,1,1,3,0,3,0,3,0,1,1,3,0,3,0,3,0,1,1,4,1,1,1,1,1,1,1,1,1,1,1,1,1,1,1,1,1,1,1,1,1,1,1,1,1,1,1,1,1,1,15,1,1,1,1,1,1,1,1,1,1,1,1,6,1,1,1,1,2,0,1,1,1,1,2,0,1,1,2,0,1,1,1,1,1,1,1,1,9,1,1,1,1,1,1,1,1,1,1,1,1,6,2,0,1,1,1,1,1,1,2,0,3,0,3,50
ctlk14,M,kinder,school4,control_1,participant,1,1,1,1,1,1,1,1,1,1,1,1,1,1,1,1,1,1,1,1,1,1,1,1,1,1,1,1,1,1,1,1,2,0,16,1,1,1,1,1,1,2,0,2,0,1,1,1,1,1,1,3,0,1,1,7,1,1,1,1,1,1,1,1,1,1,1,1,1,1,1,1,1,1,1,1,1,1,1,1,1,1,1,1,1,1,15,1,1,1,1,1,1,1,1,1,1,1,1,6,1,1,1,1,2,0,1,1,1,1,1,1,1,1,1,1,1,1,1,1,1,1,1,1,11,1,1,1,1,1,1,1,1,1,1,1,1,6,1,1,1,1,1,1,1,1,1,1,1,1,6,67
ctlk15,M,kinder,school4,control_1,participant,1,1,2,0,2,0,1,1,1,1,1,1,1,1,1,1,1,1,1,1,1,1,1,1,1,1,1,1,1,1,1,1,2,0,14,1,1,1,1,2,0,2,0,2,0,1,1,2,0,2,0,2,0,1,1,4,1,1,1,1,1,1,1,1,1,1,2,0,1,1,1,1,1,1,1,1,1,1,1,1,1,1,1,1,1,1,14,1,1,1,1,1,1,2,0,1,1,1,1,5,1,1,2,0,1,1,1,1,1,1,2,0,1,1,2,0,2,0,1,1,1,1,1,1,8,1,1,1,1,2,0,1,1,1,1,2,0,4,1,1,2,0,1,1,3,0,3,0,1,1,3,52
ctlk16,F,kinder,school4,control_1,participant,1,1,1,1,1,1,1,1,1,1,1,1,1,1,1,1,1,1,1,1,1,1,1,1,1,1,1,1,1,1,1,1,1,1,17,1,1,2,0,2,0,1,1,1,1,1,1,2,0,2,0,2,0,1,1,5,1,1,1,1,1,1,1,1,1,1,2,0,3,0,3,0,3,0,3,0,3,0,2,0,3,0,3,0,3,0,5,1,1,1,1,1,1,1,1,1,1,1,1,6,3,0,3,0,3,0,1,1,3,0,3,0,3,0,3,0,3,0,3,0,1,1,3,0,2,1,1,1,1,2,0,1,1,1,1,1,1,5,3,0,3,0,1,1,2,0,1,1,1,1,3,43
ctlk17,F,kinder,school4,control_1,participant,1,1,2,0,1,1,1,1,3,0,1,1,1,1,1,1,2,0,1,1,1,1,2,0,1,1,1,1,1,1,3,0,2,0,11,1,1,1,1,1,1,1,1,1,1,1,1,2,0,1,1,2,0,1,1,8,1,1,1,1,1,1,1,1,1,1,1,1,1,1,1,1,1,1,1,1,1,1,1,1,1,1,1,1,1,1,15,1,1,1,1,2,0,2,0,1,1,1,1,4,1,1,1,1,2,0,2,0,2,0,2,0,1,1,1,1,1,1,2,0,1,1,1,1,7,1,1,1,1,1,1,1,1,1,1,1,1,6,1,1,1,1,1,1,1,1,2,0,2,0,4,55
ctlk18,M,kinder,school4,control_1,participant,2,0,2,0,2,0,1,1,1,1,1,1,1,1,1,1,1,1,1,1,1,1,1,1,1,1,1,1,1,1,1,1,2,0,13,2,0,2,0,2,0,2,0,3,0,1,1,3,0,1,1,3,0,2,0,2,2,0,1,1,3,0,3,0,2,0,2,0,3,0,2,0,3,0,3,0,3,0,3,0,3,0,3,0,3,0,1,1,1,1,1,2,0,2,0,1,1,2,0,3,3,0,3,0,3,0,3,0,3,0,3,0,3,0,3,0,3,0,3,0,3,0,3,0,0,2,0,1,1,3,0,3,0,3,0,2,0,1,1,1,2,0,1,1,2,0,2,0,1,1,3,23
ctl2k01,M,kinder,school5,control_2,participant,3,0,3,0,2,0,3,0,3,0,1,1,2,0,1,1,3,0,1,1,1,1,2,0,3,0,2,0,3,0,2,0,1,1,5,1,1,2,0,3,0,3,0,3,0,1,1,3,0,3,0,3,0,3,0,2,1,1,1,1,1,1,1,1,1,1,2,0,2,0,2,0,1,1,1,1,2,0,3,0,1,1,1,1,1,1,10,1,1,1,1,2,0,3,0,3,0,4,0,2,3,0,3,0,3,0,3,0,1,1,1,1,3,0,3,0,1,1,3,0,1,1,3,0,4,2,0,1,1,2,0,3,0,3,0,3,0,1,3,0,3,0,1,1,1,1,3,0,1,1,3,27
ctl2k02,M,kinder,school5,control_2,participant,4,0,4,0,4,0,4,0,4,0,4,0,4,0,4,0,4,0,4,0,4,0,4,0,4,0,4,0,4,0,4,0,4,0,0,3,0,2,0,1,1,1,1,2,0,4,0,4,0,4,0,4,0,4,0,2,1,1,1,1,1,1,1,1,1,1,1,1,1,1,1,1,1,1,1,1,1,1,1,1,1,1,1,1,1,1,15,3,0,4,0,4,0,4,0,4,0,4,0,0,2,0,1,1,1,1,1,1,1,1,1,1,1,1,1,1,1,1,1,1,1,1,1,1,11,4,0,4,0,4,0,4,0,4,0,4,0,0,4,0,4,0,4,0,4,0,4,0,2,0,0,28
ctl2k03,F,kinder,school5,control_2,participant,1,1,2,0,2,0,1,1,2,0,2,0,2,0,1,1,3,0,2,0,2,0,2,0,3,0,3,0,2,0,3,0,3,0,3,3,0,2,0,2,0,2,0,3,0,1,1,2,0,2,0,2,0,1,1,2,1,1,1,1,2,0,1,1,1,1,2,0,2,0,2,0,2,0,3,0,3,0,3,0,3,0,3,0,3,0,4,1,1,1,1,2,0,2,0,2,0,2,0,2,3,0,2,0,3,0,3,0,3,0,3,0,3,0,3,0,1,1,1,1,2,0,3,0,2,2,0,2,0,2,0,2,0,2,0,2,0,0,2,0,1,1,2,0,2,0,1,1,3,0,2,15
ctl2k04,M,kinder,school5,control_2,participant,4,0,1,1,2,0,1,1,1,1,1,1,1,1,1,1,3,0,1,1,1,1,1,1,2,0,1,1,1,1,1,1,2,0,12,1,1,1,1,1,1,1,1,1,1,1,1,3,0,1,1,3,0,1,1,8,1,1,1,1,1,1,1,1,1,1,1,1,1,1,1,1,1,1,1,1,1,1,1,1,1,1,1,1,1,1,15,1,1,1,1,1,1,1,1,1,1,1,1,6,1,1,1,1,1,1,1,1,1,1,1,1,1,1,1,1,1,1,1,1,1,1,1,1,12,2,0,1,1,2,0,1,1,2,0,1,1,3,1,1,2,0,1,1,3,0,2,0,1,1,3,59
ctl2k05,M,kinder,school5,control_2,participant,1,1,1,1,1,1,1,1,3,0,1,1,1,1,1,1,1,1,1,1,1,1,3,0,1,1,1,1,1,1,1,1,1,1,15,1,1,1,1,2,0,2,0,3,0,1,1,2,0,2,0,3,0,2,0,3,1,1,1,1,1,1,1,1,1,1,1,1,3,0,3,0,1,1,1,1,1,1,2,0,3,0,3,0,4,0,9,1,1,1,1,4,0,2,0,1,1,1,1,4,3,0,2,0,3,0,4,0,3,0,3,0,3,0,3,0,3,0,3,0,3,0,3,0,0,2,0,1,1,2,0,1,1,1,1,2,0,3,1,1,2,0,1,1,1,1,3,0,1,1,4,38
ctl2k06,F,kinder,school5,control_2,participant,1,1,2,0,2,0,1,1,1,1,1,1,1,1,1,1,2,0,1,1,1,1,2,0,3,0,1,1,1,1,3,0,3,0,10,1,1,1,1,2,0,1,1,3,0,1,1,3,0,3,0,3,0,3,0,4,1,1,1,1,1,1,1,1,1,1,1,1,1,1,3,0,3,0,1,1,3,0,3,0,3,0,3,0,3,0,8,1,1,1,1,1,1,1,1,1,1,1,1,6,3,0,3,0,3,0,3,0,3,0,3,0,3,0,2,0,3,0,3,0,1,1,3,0,1,2,0,1,1,2,0,1,1,2,0,2,0,2,2,0,2,0,1,1,3,0,3,0,1,1,2,33
ctl2k07,M,kinder,school5,control_2,participant,1,1,1,1,1,1,1,1,1,1,1,1,1,1,1,1,2,0,1,1,1,1,1,1,1,1,1,1,1,1,1,1,1,1,16,1,1,1,1,1,1,1,1,1,1,1,1,3,0,3,0,3,0,1,1,7,1,1,1,1,1,1,1,1,1,1,1,1,3,0,1,1,3,0,3,0,1,1,1,1,2,0,3,0,3,0,9,1,1,1,1,1,1,1,1,1,1,1,1,6,3,0,3,0,1,1,3,0,3,0,3,0,3,0,3,0,3,0,3,0,1,1,1,1,3,1,1,2,0,1,1,1,1,1,1,1,1,5,1,1,2,0,1,1,1,1,3,0,1,1,4,50
ctl2k08,F,kinder,school5,control_2,participant,2,0,1,1,3,0,1,1,3,0,1,1,1,1,1,1,2,0,3,0,1,1,3,0,1,1,3,0,3,0,3,0,2,0,7,3,0,3,0,3,0,3,0,3,0,1,1,3,0,3,0,3,0,3,0,1,1,1,1,1,1,1,1,1,1,1,3,0,3,0,3,0,1,1,2,0,3,0,3,0,3,0,3,0,3,0,6,1,1,1,1,1,1,1,1,1,1,1,1,6,3,0,3,0,3,0,3,0,3,0,3,0,3,0,3,0,3,0,3,0,1,1,3,0,1,2,0,1,1,2,0,1,1,2,0,1,1,3,1,1,2,0,1,1,2,0,3,0,1,1,3,27
ctl2k09,F,kinder,school5,control_2,participant,1,1,2,0,1,1,1,1,2,0,1,1,1,1,1,1,2,0,2,0,1,1,2,0,2,0,1,1,2,0,2,0,2,0,8,1,1,1,1,2,0,2,0,2,0,1,1,2,0,1,1,2,0,1,1,5,1,1,1,1,1,1,1,1,1,1,2,0,2,0,2,0,1,1,3,0,2,0,2,0,3,0,1,1,3,0,7,1,1,1,1,1,1,1,1,1,1,1,1,6,2,0,2,0,2,0,2,0,3,0,2,0,3,0,2,0,3,0,3,0,1,1,2,0,1,1,1,1,1,1,1,1,1,2,0,1,1,5,2,0,1,1,1,1,2,0,2,0,1,1,3,35
ctl2k10,M,kinder,school5,control_2,participant,3,0,3,0,3,0,2,0,3,0,1,1,2,0,1,1,2,0,3,0,3,0,3,0,3,0,3,0,3,0,3,0,3,0,2,2,0,2,0,2,0,3,0,3,0,2,0,3,0,3,0,3,0,3,0,0,2,0,1,1,1,1,1,1,1,1,2,0,1,1,3,0,2,0,1,1,3,0,2,0,2,0,2,0,2,0,6,2,0,1,1,2,0,2,0,2,0,2,0,1,3,0,3,0,3,0,3,0,2,0,2,0,3,0,2,0,2,0,2,0,1,1,2,0,1,2,0,1,1,3,0,2,0,2,0,2,0,1,1,1,2,0,2,0,2,0,3,0,3,0,1,12
ctl2k11,M,kinder,school5,control_2,participant,2,0,3,0,2,0,3,0,1,1,1,1,3,0,3,0,2,0,3,0,3,0,3,0,3,0,1,1,1,1,2,0,2,0,4,1,1,2,0,2,0,2,0,2,0,2,0,2,0,2,0,2,0,3,0,1,1,1,1,1,1,1,1,1,2,0,2,0,1,1,2,0,2,0,3,0,3,0,2,0,3,0,3,0,3,0,5,2,0,2,0,2,0,2,0,2,0,1,1,1,3,0,3,0,3,0,3,0,3,0,3,0,3,0,3,0,3,0,3,0,1,1,2,0,1,1,1,1,1,1,1,1,1,1,1,1,1,6,1,1,2,0,2,0,2,0,2,0,3,0,1,19
ctl2k12,F,kinder,school5,control_2,participant,3,0,1,1,2,0,1,1,3,0,1,1,1,1,1,1,2,0,1,1,1,1,1,1,3,0,1,1,1,1,2,0,2,0,10,3,0,1,1,1,1,1,1,1,1,1,1,3,0,3,0,3,0,1,1,6,1,1,1,1,1,1,1,1,1,1,1,1,1,1,1,1,1,1,1,1,1,1,1,1,1,1,1,1,3,0,14,3,0,1,1,1,1,1,1,1,1,1,1,5,1,1,1,1,1,1,3,0,1,1,3,0,1,1,1,1,3,0,1,1,1,1,1,1,9,2,0,1,1,2,0,1,1,3,0,1,1,3,2,0,2,0,1,1,1,1,3,0,1,1,3,50
ctl2k13,F,kinder,school5,control_2,drop-out,,,,,,,,,,,,,,,,,,,,,,,,,,,,,,,,,,,,,,,,,,,,,,,,,,,,,,,,,,,,,,,,,,,,,,,,,,,,,,,,,,,,,,,,,,,,,,,,,,,,,,,,,,,,,,,,,,,,,,,,,,,,,,,,,,,,,,,,,,,,,,,,,,,,,,,,
ctl2k14,F,kinder,school5,control_2,participant,2,0,2,0,1,1,2,0,2,0,1,1,1,1,2,0,1,1,2,0,1,1,2,0,2,0,2,0,2,0,2,0,1,1,6,1,1,1,1,1,1,1,1,1,1,1,1,2,0,2,0,2,0,3,0,6,1,1,1,1,1,1,1,1,1,1,1,1,2,0,2,0,3,0,1,1,1,1,2,0,1,1,1,1,1,1,11,1,1,1,1,2,0,1,1,1,1,2,0,4,3,0,2,0,2,0,2,0,3,0,2,0,2,0,3,0,3,0,3,0,1,1,2,0,1,1,1,1,1,2,0,1,1,2,0,2,0,3,1,1,1,1,1,1,2,0,2,0,1,1,4,35
ctl2k15,M,kinder,school5,control_2,participant,2,0,3,0,2,0,1,1,1,1,1,1,1,1,1,1,2,0,1,1,1,1,2,0,2,0,1,1,1,1,2,0,2,0,9,1,1,2,0,2,0,2,0,2,0,1,1,1,1,1,1,2,0,1,1,5,1,1,1,1,1,1,1,1,1,1,1,1,2,0,2,0,1,1,1,1,1,1,1,1,2,0,1,1,2,0,11,1,1,1,1,2,0,2,0,1,1,2,0,3,2,0,1,1,2,0,2,0,2,0,2,0,1,1,2,0,2,0,3,0,1,1,2,0,3,2,0,1,1,1,1,1,1,2,0,1,1,4,1,1,1,1,1,1,2,0,1,1,1,1,5,40
dig501,M,fifth,school2,digital,participant,1,1,1,1,1,1,1,1,1,1,1,1,1,1,1,1,1,1,1,1,1,1,1,1,1,1,1,1,1,1,1,1,1,1,17,1,1,1,1,1,1,1,1,1,1,1,1,1,1,1,1,2,0,1,1,9,1,1,1,1,1,1,1,1,1,1,1,1,1,1,1,1,1,1,1,1,1,1,1,1,1,1,1,1,1,1,15,1,1,1,1,1,1,1,1,1,1,1,1,6,1,1,1,1,1,1,1,1,1,1,1,1,1,1,1,1,1,1,1,1,1,1,1,1,12,1,1,1,1,1,1,1,1,1,1,1,1,6,1,1,1,1,1,1,2,0,2,0,1,1,4,69
dig502,M,fifth,school2,digital,drop-out,,,,,,,,,,,,,,,,,,,,,,,,,,,,,,,,,,,,,,,,,,,,,,,,,,,,,,,,,,,,,,,,,,,,,,,,,,,,,,,,,,,,,,,,,,,,,,,,,,,,,,,,,,,,,,,,,,,,,,,,,,,,,,,,,,,,,,,,,,,,,,,,,,,,,,,,
dig503,F,fifth,school2,digital,participant,1,1,1,1,1,1,1,1,1,1,1,1,1,1,1,1,1,1,1,1,1,1,1,1,1,1,1,1,1,1,1,1,1,1,17,1,1,1,1,1,1,1,1,1,1,1,1,1,1,1,1,1,1,1,1,10,1,1,1,1,1,1,1,1,1,1,1,1,1,1,1,1,1,1,1,1,1,1,1,1,1,1,1,1,1,1,15,1,1,1,1,1,1,1,1,1,1,1,1,6,1,1,1,1,1,1,1,1,1,1,1,1,1,1,1,1,1,1,1,1,1,1,1,1,12,1,1,1,1,1,1,1,1,1,1,1,1,6,1,1,1,1,1,1,1,1,1,1,1,1,6,72
dig504,M,fifth,school2,digital,participant,1,1,1,1,1,1,1,1,1,1,1,1,1,1,1,1,1,1,1,1,1,1,1,1,1,1,1,1,1,1,2,0,3,0,15,1,1,1,1,1,1,1,1,1,1,1,1,1,1,1,1,1,1,1,1,10,1,1,1,1,1,1,1,1,1,1,1,1,1,1,1,1,1,1,1,1,1,1,1,1,1,1,1,1,1,1,15,1,1,1,1,1,1,1,1,1,1,1,1,6,1,1,1,1,1,1,1,1,1,1,1,1,1,1,1,1,1,1,1,1,1,1,1,1,12,1,1,1,1,1,1,1,1,1,1,1,1,6,1,1,1,1,1,1,2,0,2,0,1,1,4,68
dig505,M,fifth,school2,digital,participant,1,1,1,1,1,1,1,1,1,1,1,1,1,1,1,1,1,1,1,1,1,1,1,1,1,1,1,1,1,1,1,1,1,1,17,1,1,1,1,1,1,1,1,1,1,1,1,1,1,1,1,2,0,1,1,9,1,1,1,1,1,1,1,1,1,1,1,1,1,1,1,1,1,1,1,1,1,1,1,1,1,1,1,1,1,1,15,1,1,1,1,1,1,1,1,2,0,1,1,5,1,1,1,1,1,1,1,1,1,1,1,1,1,1,1,1,1,1,1,1,1,1,1,1,12,1,1,1,1,1,1,1,1,1,1,1,1,6,1,1,1,1,1,1,1,1,1,1,1,1,6,70
dig506,F,fifth,school2,digital,participant,1,1,1,1,1,1,1,1,1,1,1,1,1,1,1,1,1,1,1,1,1,1,1,1,1,1,1,1,1,1,3,0,3,0,15,1,1,1,1,1,1,1,1,1,1,1,1,1,1,1,1,1,1,1,1,10,1,1,1,1,1,1,1,1,1,1,1,1,1,1,1,1,1,1,1,1,1,1,1,1,1,1,1,1,1,1,15,1,1,1,1,1,1,1,1,1,1,1,1,6,1,1,1,1,1,1,1,1,1,1,1,1,1,1,1,1,3,0,3,0,1,1,1,1,10,1,1,1,1,1,1,1,1,1,1,1,1,6,1,1,1,1,1,1,2,0,3,0,1,1,4,66
dig507,M,fifth,school2,digital,participant,1,1,1,1,1,1,1,1,1,1,1,1,1,1,1,1,1,1,1,1,1,1,1,1,2,0,1,1,1,1,1,1,2,0,15,1,1,1,1,1,1,1,1,1,1,1,1,1,1,1,1,1,1,1,1,10,1,1,1,1,1,1,1,1,1,1,1,1,1,1,1,1,1,1,1,1,1,1,1,1,1,1,1,1,1,1,15,1,1,1,1,1,1,1,1,1,1,1,1,6,1,1,1,1,1,1,1,1,1,1,1,1,1,1,1,1,3,0,1,1,1,1,1,1,11,1,1,1,1,1,1,1,1,1,1,1,1,6,1,1,2,0,1,1,1,1,3,0,1,1,4,67
dig508,M,fifth,school2,digital,participant,1,1,1,1,1,1,1,1,1,1,1,1,1,1,1,1,1,1,1,1,1,1,1,1,1,1,1,1,1,1,1,1,1,1,17,1,1,1,1,1,1,1,1,1,1,1,1,1,1,1,1,2,0,1,1,9,1,1,1,1,1,1,1,1,1,1,1,1,1,1,1,1,1,1,1,1,1,1,1,1,1,1,1,1,1,1,15,1,1,1,1,1,1,1,1,1,1,1,1,6,1,1,1,1,1,1,1,1,1,1,1,1,1,1,1,1,1,1,1,1,1,1,1,1,12,1,1,1,1,1,1,1,1,2,0,1,1,5,1,1,2,0,1,1,1,1,3,0,1,1,4,68
dig509,F,fifth,school2,digital,participant,1,1,1,1,1,1,1,1,1,1,1,1,1,1,1,1,1,1,1,1,1,1,1,1,1,1,1,1,1,1,1,1,1,1,17,1,1,1,1,1,1,1,1,1,1,1,1,1,1,1,1,1,1,1,1,10,1,1,1,1,1,1,1,1,1,1,1,1,1,1,1,1,1,1,1,1,1,1,1,1,1,1,1,1,1,1,15,1,1,1,1,1,1,2,0,2,0,1,1,4,1,1,1,1,1,1,1,1,1,1,1,1,1,1,1,1,1,1,1,1,1,1,1,1,12,1,1,1,1,1,1,1,1,1,1,1,1,6,1,1,1,1,1,1,1,1,1,1,1,1,6,70
dig510,F,fifth,school2,digital,participant,1,1,1,1,1,1,1,1,1,1,1,1,1,1,1,1,1,1,1,1,1,1,1,1,1,1,1,1,1,1,1,1,1,1,17,1,1,1,1,1,1,1,1,1,1,1,1,1,1,1,1,2,0,1,1,9,1,1,1,1,1,1,1,1,1,1,1,1,1,1,1,1,1,1,1,1,1,1,1,1,1,1,1,1,1,1,15,1,1,1,1,1,1,1,1,1,1,1,1,6,1,1,1,1,1,1,1,1,1,1,1,1,1,1,1,1,1,1,1,1,1,1,1,1,12,1,1,1,1,1,1,1,1,1,1,1,1,6,1,1,1,1,1,1,3,0,3,0,1,1,4,69
dig511,M,fifth,school2,digital,rejected,,,,,,,,,,,,,,,,,,,,,,,,,,,,,,,,,,,,,,,,,,,,,,,,,,,,,,,,,,,,,,,,,,,,,,,,,,,,,,,,,,,,,,,,,,,,,,,,,,,,,,,,,,,,,,,,,,,,,,,,,,,,,,,,,,,,,,,,,,,,,,,,,,,,,,,,
dig512,F,fifth,school2,digital,participant,1,1,1,1,1,1,1,1,1,1,1,1,1,1,1,1,1,1,1,1,1,1,1,1,1,1,1,1,1,1,1,1,Bocina,0,16,1,1,1,1,1,1,1,1,1,1,1,1,2,0,1,1,1,1,1,1,9,1,1,1,1,1,1,1,1,1,1,1,1,1,1,1,1,1,1,1,1,1,1,1,1,1,1,1,1,1,1,15,1,1,1,1,1,1,2,0,1,1,1,1,5,1,1,1,1,1,1,1,1,1,1,1,1,1,1,1,1,1,1,1,1,1,1,1,1,12,1,1,1,1,1,1,1,1,2,0,1,1,5,1,1,1,1,1,1,1,1,3,0,1,1,5,67
dig513,F,fifth,school2,digital,participant,1,1,1,1,1,1,1,1,1,1,1,1,1,1,1,1,1,1,1,1,1,1,1,1,2,0,1,1,1,1,1,1,1,1,16,1,1,1,1,1,1,1,1,1,1,1,1,1,1,1,1,1,1,1,1,10,1,1,1,1,1,1,1,1,1,1,1,1,1,1,1,1,1,1,1,1,1,1,1,1,1,1,1,1,1,1,15,1,1,1,1,1,1,1,1,1,1,1,1,6,1,1,1,1,1,1,1,1,1,1,1,1,1,1,1,1,1,1,1,1,1,1,1,1,12,1,1,1,1,1,1,1,1,1,1,1,1,6,1,1,1,1,1,1,2,0,1,1,1,1,5,70
dig514,F,fifth,school2,digital,participant,1,1,1,1,1,1,1,1,1,1,1,1,1,1,1,1,1,1,1,1,1,1,1,1,1,1,1,1,1,1,1,1,1,1,17,1,1,1,1,1,1,1,1,1,1,1,1,1,1,1,1,1,1,1,1,10,1,1,1,1,1,1,1,1,1,1,1,1,1,1,1,1,1,1,1,1,1,1,1,1,1,1,1,1,1,1,15,1,1,1,1,1,1,1,1,2,0,1,1,5,1,1,1,1,1,1,1,1,1,1,1,1,1,1,1,1,1,1,1,1,1,1,1,1,12,1,1,1,1,1,1,1,1,1,1,1,1,6,2,0,1,1,1,1,1,1,1,1,1,1,5,70
dig515,M,fifth,school2,digital,rejected,,,,,,,,,,,,,,,,,,,,,,,,,,,,,,,,,,,,,,,,,,,,,,,,,,,,,,,,,,,,,,,,,,,,,,,,,,,,,,,,,,,,,,,,,,,,,,,,,,,,,,,,,,,,,,,,,,,,,,,,,,,,,,,,,,,,,,,,,,,,,,,,,,,,,,,,
dig516,M,fifth,school2,digital,participant,1,1,1,1,1,1,1,1,1,1,1,1,1,1,1,1,1,1,1,1,1,1,1,1,3,0,1,1,1,1,1,1,3,0,15,1,1,1,1,1,1,1,1,1,1,1,1,1,1,1,1,3,0,1,1,9,1,1,1,1,1,1,1,1,1,1,1,1,1,1,1,1,1,1,1,1,1,1,1,1,1,1,1,1,1,1,15,1,1,1,1,1,1,1,1,2,0,2,0,4,1,1,1,1,1,1,1,1,1,1,1,1,1,1,1,1,1,1,1,1,1,1,1,1,12,1,1,1,1,1,1,1,1,1,1,1,1,6,1,1,1,1,1,1,1,1,3,0,1,1,5,66
dig517,M,fifth,school2,digital,participant,1,1,1,1,1,1,1,1,1,1,1,1,1,1,1,1,1,1,1,1,1,1,1,1,1,1,1,1,1,1,1,1,1,1,17,1,1,1,1,1,1,1,1,1,1,1,1,1,1,1,1,1,1,1,1,10,1,1,1,1,1,1,1,1,1,1,1,1,1,1,1,1,1,1,1,1,1,1,1,1,1,1,1,1,1,1,15,1,1,1,1,1,1,1,1,1,1,1,1,6,1,1,1,1,1,1,1,1,1,1,1,1,1,1,1,1,1,1,1,1,1,1,1,1,12,1,1,1,1,1,1,1,1,1,1,1,1,6,1,1,1,1,1,1,2,0,1,1,1,1,5,71
dig518,M,fifth,school2,digital,participant,1,1,1,1,1,1,1,1,1,1,1,1,1,1,1,1,1,1,1,1,1,1,1,1,1,1,1,1,1,1,1,1,1,1,17,1,1,1,1,1,1,1,1,1,1,1,1,1,1,1,1,2,0,1,1,9,1,1,1,1,1,1,1,1,1,1,1,1,1,1,1,1,1,1,1,1,1,1,1,1,1,1,1,1,1,1,15,1,1,1,1,1,1,1,1,1,1,1,1,6,1,1,1,1,1,1,1,1,1,1,1,1,1,1,1,1,1,1,1,1,1,1,1,1,12,1,1,1,1,1,1,1,1,1,1,1,1,6,1,1,1,1,1,1,1,1,1,1,1,1,6,71
dig519,M,fifth,school2,digital,rejected,,,,,,,,,,,,,,,,,,,,,,,,,,,,,,,,,,,,,,,,,,,,,,,,,,,,,,,,,,,,,,,,,,,,,,,,,,,,,,,,,,,,,,,,,,,,,,,,,,,,,,,,,,,,,,,,,,,,,,,,,,,,,,,,,,,,,,,,,,,,,,,,,,,,,,,,
dig520,M,fifth,school2,digital,participant,1,1,1,1,1,1,1,1,1,1,1,1,1,1,1,1,1,1,1,1,1,1,1,1,1,1,1,1,1,1,1,1,1,1,17,1,1,1,1,1,1,1,1,1,1,1,1,1,1,1,1,1,1,1,1,10,1,1,1,1,1,1,1,1,1,1,1,1,1,1,1,1,1,1,1,1,1,1,1,1,1,1,1,1,1,1,15,1,1,1,1,1,1,1,1,1,1,1,1,6,1,1,1,1,1,1,1,1,1,1,1,1,1,1,1,1,1,1,1,1,1,1,1,1,12,1,1,1,1,1,1,1,1,1,1,1,1,6,1,1,1,1,1,1,1,1,3,0,1,1,5,71
dig521,M,fifth,school2,digital,participant,1,1,1,1,1,1,1,1,1,1,1,1,1,1,1,1,1,1,1,1,1,1,1,1,1,1,1,1,1,1,1,1,1,1,17,1,1,1,1,1,1,1,1,1,1,1,1,1,1,1,1,2,0,1,1,9,1,1,1,1,1,1,1,1,1,1,1,1,1,1,1,1,1,1,1,1,1,1,1,1,1,1,1,1,1,1,15,1,1,1,1,1,1,1,1,2,0,1,1,5,1,1,1,1,1,1,1,1,1,1,1,1,1,1,1,1,1,1,1,1,1,1,1,1,12,1,1,1,1,1,1,1,1,1,1,1,1,6,1,1,1,1,1,1,1,1,2,0,1,1,5,69
dig522,M,fifth,school2,digital,participant,1,1,1,1,1,1,1,1,1,1,1,1,1,1,1,1,1,1,1,1,1,1,1,1,1,1,1,1,1,1,1,1,1,1,17,1,1,1,1,1,1,1,1,1,1,1,1,1,1,1,1,1,1,1,1,10,1,1,1,1,1,1,1,1,1,1,1,1,1,1,1,1,1,1,1,1,1,1,1,1,1,1,1,1,1,1,15,1,1,1,1,1,1,2,0,2,0,1,1,4,1,1,1,1,1,1,1,1,1,1,1,1,1,1,1,1,1,1,1,1,1,1,1,1,12,1,1,1,1,1,1,1,1,1,1,1,1,6,1,1,1,1,1,1,3,0,1,1,1,1,5,69
dig523,M,fifth,school2,digital,participant,1,1,1,1,1,1,1,1,3,0,1,1,1,1,1,1,1,1,1,1,1,1,1,1,1,1,1,1,1,1,1,1,1,1,16,1,1,1,1,1,1,1,1,1,1,1,1,1,1,1,1,2,0,1,1,9,1,1,1,1,1,1,1,1,1,1,1,1,1,1,1,1,1,1,1,1,1,1,1,1,1,1,1,1,1,1,15,1,1,1,1,1,1,1,1,2,0,1,1,5,1,1,1,1,1,1,1,1,1,1,1,1,1,1,1,1,2,0,1,1,1,1,1,1,11,1,1,1,1,1,1,1,1,1,1,1,1,6,1,1,1,1,1,1,2,0,3,0,1,1,4,66
dig524,F,fifth,school2,digital,participant,1,1,1,1,1,1,1,1,1,1,1,1,1,1,1,1,1,1,1,1,1,1,1,1,1,1,1,1,1,1,1,1,2,0,16,1,1,1,1,1,1,1,1,1,1,1,1,2,0,1,1,2,0,2,0,7,1,1,1,1,1,1,1,1,1,1,1,1,1,1,1,1,1,1,1,1,1,1,1,1,1,1,1,1,1,1,15,1,1,1,1,1,1,2,0,1,1,1,1,5,1,1,1,1,1,1,1,1,1,1,1,1,1,1,1,1,2,0,1,1,1,1,1,1,11,1,1,1,1,1,1,1,1,2,0,1,1,5,1,1,1,1,1,1,1,1,2,0,1,1,5,64
dig525,F,fifth,school2,digital,rejected,,,,,,,,,,,,,,,,,,,,,,,,,,,,,,,,,,,,,,,,,,,,,,,,,,,,,,,,,,,,,,,,,,,,,,,,,,,,,,,,,,,,,,,,,,,,,,,,,,,,,,,,,,,,,,,,,,,,,,,,,,,,,,,,,,,,,,,,,,,,,,,,,,,,,,,,
dig526,M,fifth,school2,digital,participant,1,1,1,1,1,1,1,1,1,1,1,1,1,1,1,1,3,0,1,1,1,1,1,1,1,1,1,1,1,1,3,0,3,0,14,1,1,1,1,1,1,1,1,1,1,1,1,1,1,1,1,2,0,1,1,9,1,1,1,1,1,1,1,1,1,1,1,1,1,1,1,1,1,1,1,1,1,1,1,1,1,1,1,1,1,1,15,1,1,1,1,1,1,1,1,2,0,1,1,5,1,1,1,1,1,1,1,1,1,1,1,1,1,1,1,1,1,1,1,1,1,1,1,1,12,1,1,1,1,1,1,1,1,2,0,2,0,4,1,1,1,1,1,1,2,0,2,0,1,1,4,63
dig527,M,fifth,school2,digital,participant,1,1,1,1,1,1,1,1,1,1,1,1,1,1,1,1,1,1,1,1,1,1,1,1,1,1,1,1,1,1,1,1,1,1,17,1,1,1,1,1,1,1,1,1,1,1,1,1,1,1,1,2,0,1,1,9,1,1,1,1,1,1,1,1,1,1,1,1,1,1,1,1,1,1,1,1,1,1,1,1,1,1,1,1,1,1,15,1,1,1,1,1,1,1,1,1,1,1,1,6,1,1,1,1,1,1,1,1,1,1,1,1,1,1,1,1,1,1,1,1,1,1,1,1,12,1,1,1,1,1,1,1,1,1,1,1,1,6,1,1,1,1,1,1,2,0,1,1,1,1,5,70
dig528,F,fifth,school2,digital,rejected,,,,,,,,,,,,,,,,,,,,,,,,,,,,,,,,,,,,,,,,,,,,,,,,,,,,,,,,,,,,,,,,,,,,,,,,,,,,,,,,,,,,,,,,,,,,,,,,,,,,,,,,,,,,,,,,,,,,,,,,,,,,,,,,,,,,,,,,,,,,,,,,,,,,,,,,
dig529,M,fifth,school2,digital,participant,1,1,1,1,1,1,1,1,1,1,1,1,1,1,1,1,1,1,1,1,1,1,1,1,1,1,1,1,1,1,2,0,1,1,16,1,1,1,1,1,1,1,1,1,1,1,1,1,1,1,1,1,1,1,1,10,1,1,1,1,1,1,1,1,1,1,1,1,1,1,1,1,1,1,1,1,1,1,1,1,1,1,1,1,1,1,15,1,1,1,1,1,1,1,1,1,1,1,1,6,1,1,1,1,1,1,1,1,1,1,3,0,1,1,1,1,1,1,1,1,1,1,1,1,11,1,1,1,1,1,1,1,1,1,1,1,1,6,1,1,1,1,1,1,1,1,1,1,1,1,6,70
dig530,F,fifth,school2,digital,participant,1,1,1,1,1,1,1,1,1,1,1,1,1,1,1,1,1,1,1,1,1,1,1,1,1,1,1,1,1,1,1,1,1,1,17,1,1,1,1,1,1,1,1,1,1,1,1,1,1,1,1,2,0,1,1,9,1,1,1,1,1,1,1,1,1,1,1,1,1,1,1,1,1,1,1,1,1,1,1,1,1,1,1,1,1,1,15,1,1,1,1,1,1,2,0,1,1,1,1,5,1,1,1,1,1,1,1,1,1,1,1,1,1,1,1,1,2,0,1,1,1,1,1,1,11,1,1,1,1,1,1,1,1,1,1,1,1,6,1,1,2,0,1,1,2,0,2,0,1,1,3,66
dig531,F,fifth,school2,digital,rejected,,,,,,,,,,,,,,,,,,,,,,,,,,,,,,,,,,,,,,,,,,,,,,,,,,,,,,,,,,,,,,,,,,,,,,,,,,,,,,,,,,,,,,,,,,,,,,,,,,,,,,,,,,,,,,,,,,,,,,,,,,,,,,,,,,,,,,,,,,,,,,,,,,,,,,,,
dig532,M,fifth,school2,digital,rejected,,,,,,,,,,,,,,,,,,,,,,,,,,,,,,,,,,,,,,,,,,,,,,,,,,,,,,,,,,,,,,,,,,,,,,,,,,,,,,,,,,,,,,,,,,,,,,,,,,,,,,,,,,,,,,,,,,,,,,,,,,,,,,,,,,,,,,,,,,,,,,,,,,,,,,,,
dig533,M,fifth,school2,digital,participant,1,1,1,1,1,1,1,1,1,1,1,1,1,1,1,1,1,1,1,1,1,1,1,1,1,1,1,1,1,1,1,1,1,1,17,1,1,1,1,1,1,1,1,1,1,1,1,1,1,1,1,2,0,1,1,9,1,1,1,1,1,1,1,1,1,1,1,1,1,1,1,1,1,1,1,1,1,1,1,1,1,1,1,1,1,1,15,1,1,1,1,1,1,1,1,1,1,1,1,6,1,1,1,1,1,1,1,1,1,1,1,1,1,1,1,1,1,1,1,1,1,1,1,1,12,1,1,1,1,1,1,1,1,1,1,1,1,6,1,1,3,0,1,1,1,1,1,1,1,1,5,70
dig534,F,fifth,school2,digital,drop-out,,,,,,,,,,,,,,,,,,,,,,,,,,,,,,,,,,,,,,,,,,,,,,,,,,,,,,,,,,,,,,,,,,,,,,,,,,,,,,,,,,,,,,,,,,,,,,,,,,,,,,,,,,,,,,,,,,,,,,,,,,,,,,,,,,,,,,,,,,,,,,,,,,,,,,,,
digk01,M,kinder,school2,digital,participant,1,1,1,1,1,1,1,1,1,1,1,1,1,1,1,1,1,1,1,1,1,1,1,1,1,1,1,1,1,1,2,0,1,1,16,1,1,2,0,1,1,1,1,1,1,1,1,2,0,2,0,1,1,1,1,7,1,1,1,1,1,1,1,1,1,1,2,0,2,0,2,0,2,0,2,0,2,0,2,0,2,0,2,0,2,0,5,1,1,1,1,1,1,1,1,2,0,1,1,5,3,0,2,0,2,0,2,0,2,0,2,0,2,0,2,0,2,0,2,0,1,1,2,0,1,1,1,2,0,2,0,1,1,1,1,2,0,3,1,1,1,1,1,1,1,1,3,0,1,1,5,42
digk02,F,kinder,school2,digital,participant,1,1,1,1,1,1,1,1,1,1,1,1,1,1,1,1,1,1,1,1,1,1,1,1,1,1,1,1,1,1,1,1,3,0,16,1,1,1,1,1,1,1,1,1,1,1,1,2,0,1,1,2,0,1,1,8,1,1,1,1,1,1,1,1,1,1,2,0,3,0,1,1,1,1,3,0,3,0,3,0,1,1,2,0,1,1,9,1,1,1,1,1,1,2,0,1,1,1,1,5,2,0,2,0,2,0,2,0,2,0,2,0,3,0,3,0,3,0,3,0,1,1,2,0,1,1,1,1,1,1,1,1,1,1,1,1,1,6,1,1,1,1,1,1,2,0,1,1,1,1,5,50
digk03,F,kinder,school2,digital,atypical,,,,,,,,,,,,,,,,,,,,,,,,,,,,,,,,,,,,,,,,,,,,,,,,,,,,,,,,,,,,,,,,,,,,,,,,,,,,,,,,,,,,,,,,,,,,,,,,,,,,,,,,,,,,,,,,,,,,,,,,,,,,,,,,,,,,,,,,,,,,,,,,,,,,,,,,
digk04,M,kinder,school2,digital,participant,2,0,2,0,2,0,2,0,2,0,2,0,2,0,1,1,2,0,2,0,2,0,2,0,2,0,2,0,2,0,2,0,2,0,1,2,0,2,0,2,0,2,0,2,0,1,1,2,0,1,1,4,0,2,0,2,2,0,1,1,2,0,2,0,2,0,1,1,2,0,2,0,2,0,2,0,2,0,2,0,2,0,2,0,2,0,2,4,0,1,1,2,0,2,0,2,0,2,0,1,2,0,2,0,2,0,2,0,2,0,2,0,2,0,2,0,2,0,2,0,2,0,2,0,0,2,0,2,0,2,0,2,0,2,0,1,1,1,2,0,2,0,2,0,2,0,2,0,1,1,1,8
digk05,F,kinder,school2,digital,participant,1,1,1,1,1,1,1,1,3,0,1,1,1,1,1,1,1,1,1,1,1,1,2,0,1,1,3,0,3,0,2,0,2,0,11,1,1,2,0,2,0,2,0,2,0,1,1,2,0,2,0,2,0,2,0,2,1,1,1,1,2,0,3,0,1,1,2,0,2,0,2,0,2,0,2,0,2,0,2,0,2,0,2,0,2,0,3,1,1,1,1,1,1,2,0,2,0,1,1,4,2,0,3,0,3,0,3,0,3,0,3,0,3,0,3,0,3,0,3,0,3,0,3,0,0,2,0,2,0,2,0,3,0,3,0,2,0,0,1,1,1,1,1,1,2,0,1,1,1,1,5,25
digk06,F,kinder,school2,digital,rejected,,,,,,,,,,,,,,,,,,,,,,,,,,,,,,,,,,,,,,,,,,,,,,,,,,,,,,,,,,,,,,,,,,,,,,,,,,,,,,,,,,,,,,,,,,,,,,,,,,,,,,,,,,,,,,,,,,,,,,,,,,,,,,,,,,,,,,,,,,,,,,,,,,,,,,,,
digk07,M,kinder,school2,digital,participant,1,1,2,0,2,0,1,1,3,0,1,1,1,1,1,1,3,0,2,0,1,1,3,0,1,1,2,0,1,1,2,0,2,0,8,1,1,2,0,1,1,1,1,1,1,1,1,2,0,2,0,3,0,1,1,6,1,1,1,1,1,1,1,1,1,1,1,1,1,1,1,1,1,1,1,1,1,1,1,1,1,1,1,1,1,1,15,1,1,1,1,1,1,1,1,1,1,1,1,6,3,0,1,1,1,1,1,1,1,1,2,0,1,1,1,1,2,0,1,1,1,1,1,1,9,1,1,1,1,1,1,1,1,1,1,1,1,6,1,1,1,1,1,1,1,1,3,0,1,1,5,55
digk08,F,kinder,school2,digital,participant,1,1,1,1,1,1,1,1,1,1,1,1,1,1,1,1,1,1,1,1,1,1,1,1,1,1,1,1,2,0,1,1,2,0,15,1,1,1,1,1,1,1,1,1,1,1,1,2,0,1,1,2,0,1,1,8,1,1,1,1,1,1,1,1,1,1,2,0,2,0,1,1,1,1,1,1,2,0,2,0,2,0,1,1,1,1,10,1,1,1,1,1,1,1,1,1,1,2,0,5,2,0,2,0,3,0,1,1,1,1,1,1,2,0,2,0,1,1,2,0,1,1,3,0,5,1,1,1,1,1,1,1,1,1,1,1,1,6,1,1,1,1,1,1,1,1,2,0,1,1,5,54
digk09,F,kinder,school2,digital,participant,1,1,1,1,1,1,1,1,1,1,1,1,1,1,1,1,1,1,1,1,1,1,1,1,1,1,1,1,1,1,1,1,1,1,17,1,1,1,1,1,1,1,1,1,1,1,1,2,0,1,1,2,0,1,1,8,1,1,1,1,1,1,1,1,1,1,3,0,1,1,2,0,1,1,3,0,3,0,3,0,3,0,3,0,3,0,7,1,1,1,1,1,1,1,1,1,1,2,0,5,3,0,3,0,3,0,3,0,3,0,3,0,3,0,2,0,3,0,3,0,3,0,3,0,0,1,1,1,1,1,1,1,1,1,1,1,1,6,1,1,1,1,1,1,3,0,1,1,1,1,5,48
digk10,F,kinder,school2,digital,participant,1,1,1,1,1,1,1,1,1,1,1,1,1,1,1,1,2,0,1,1,1,1,2,0,1,1,1,1,1,1,2,0,1,1,14,1,1,1,1,2,0,2,0,1,1,1,1,2,0,1,1,2,0,1,1,6,1,1,1,1,1,1,1,1,1,1,2,0,1,1,2,0,2,0,2,0,2,0,3,0,3,0,3,0,3,0,6,1,1,1,1,1,1,1,1,1,1,2,0,5,3,0,3,0,3,0,3,0,3,0,3,0,3,0,3,0,3,0,3,0,3,0,3,0,0,1,1,1,1,1,1,1,1,2,0,1,1,5,1,1,1,1,1,1,3,0,1,1,1,1,5,41
digk11,M,kinder,school2,digital,participant,4,0,4,0,2,0,1,1,4,0,1,1,2,0,1,1,1,1,2,0,1,1,2,0,2,0,1,1,1,1,2,0,1,1,8,1,1,1,1,2,0,1,1,2,0,1,1,2,0,1,1,2,0,1,1,6,1,1,1,1,2,0,2,0,3,0,3,0,3,0,2,0,3,0,3,0,3,0,3,0,3,0,3,0,3,0,2,3,0,4,0,4,0,4,0,4,0,4,0,0,3,0,3,0,3,0,3,0,3,0,3,0,3,0,3,0,3,0,3,0,3,0,3,0,0,2,0,2,0,2,0,2,0,2,0,1,1,1,2,0,1,1,1,1,2,0,2,0,1,1,3,20
digk12,F,kinder,school2,digital,participant,1,1,1,1,1,1,1,1,1,1,1,1,1,1,1,1,2,0,1,1,1,1,1,1,2,0,1,1,1,1,1,1,2,0,14,1,1,2,0,1,1,1,1,1,1,1,1,1,1,1,1,3,0,1,1,8,1,1,1,1,1,1,1,1,1,1,1,1,1,1,1,1,1,1,1,1,1,1,1,1,1,1,2,0,1,1,14,1,1,1,1,1,1,2,0,1,1,2,0,4,3,0,1,1,3,0,1,1,3,0,1,1,1,1,3,0,2,0,1,1,1,1,1,1,7,1,1,1,1,1,1,1,1,1,1,1,1,6,1,1,2,0,1,1,3,0,3,0,1,1,3,56
digk13,M,kinder,school2,digital,participant,2,0,2,0,2,0,1,1,2,0,1,1,1,1,1,1,2,0,4,0,2,0,3,0,3,0,2,0,1,1,2,0,2,0,5,1,1,1,1,2,0,1,1,1,1,1,1,2,0,1,1,2,0,2,0,6,1,1,1,1,1,1,1,1,1,1,1,1,1,1,1,1,1,1,1,1,1,1,1,1,1,1,1,1,1,1,15,1,1,1,1,1,1,1,1,1,1,2,0,5,1,1,1,1,1,1,1,1,1,1,1,1,1,1,1,1,1,1,1,1,1,1,1,1,12,1,1,1,1,1,1,1,1,2,0,1,1,5,1,1,1,1,2,0,2,0,1,1,2,0,3,51
digk14,M,kinder,school2,digital,participant,1,1,1,1,1,1,1,1,3,0,1,1,1,1,1,1,1,1,1,1,1,1,2,0,1,1,2,0,1,1,1,1,3,0,13,1,1,1,1,1,1,1,1,1,1,1,1,2,0,1,1,2,0,1,1,8,1,1,1,1,1,1,1,1,1,1,2,0,1,1,2,0,1,1,1,1,1,1,2,0,1,1,1,1,2,0,11,1,1,1,1,1,1,1,1,1,1,2,0,5,3,0,2,0,1,1,3,0,3,0,3,0,2,0,1,1,2,0,2,0,1,1,3,0,3,1,1,1,1,1,1,1,1,1,1,1,1,6,1,1,1,1,1,1,1,1,1,1,1,1,6,52
digk15,F,kinder,school2,digital,participant,1,1,1,1,1,1,1,1,2,0,1,1,1,1,1,1,1,1,1,1,1,1,2,0,2,0,1,1,2,0,2,0,1,1,16,1,1,1,1,1,1,1,1,1,1,1,1,3,0,1,1,3,0,1,1,8,1,1,1,1,1,1,1,1,1,1,1,1,1,1,1,1,1,1,1,1,2,0,1,1,2,0,2,0,3,0,11,1,1,1,1,3,0,1,1,2,0,1,1,4,1,1,1,1,1,1,1,1,1,1,3,0,1,1,3,0,3,0,3,0,1,1,4,0,7,1,1,1,1,1,1,1,1,2,0,1,1,5,1,1,1,1,1,1,1,1,1,1,1,1,5,56
digk16,M,kinder,school2,digital,participant,1,1,1,1,1,1,1,1,1,1,1,1,1,1,1,1,1,1,1,1,1,1,1,1,1,1,1,1,1,1,2,0,2,0,15,1,1,1,1,1,1,1,1,1,1,1,1,1,1,1,1,2,0,1,1,9,1,1,1,1,1,1,1,1,1,1,1,1,1,1,2,0,2,0,1,1,2,0,1,1,1,1,1,1,1,1,12,1,1,1,1,1,1,1,1,1,1,1,1,6,2,0,2,0,2,0,1,1,1,1,2,0,2,0,1,1,1,1,1,1,1,1,2,0,6,1,1,1,1,1,1,1,1,1,1,1,1,6,1,1,1,1,1,1,2,0,1,1,1,1,5,59
digk17,F,kinder,school2,digital,participant,1,1,2,0,2,0,2,0,2,0,1,1,1,1,1,1,1,1,1,1,2,0,2,0,2,0,2,0,1,1,2,0,2,0,7,1,1,1,1,1,1,1,1,2,0,1,1,1,1,1,1,2,0,1,1,8,1,1,1,1,1,1,1,1,1,1,1,1,1,1,2,0,1,1,1,1,1,1,1,1,1,1,1,1,1,1,14,1,1,1,1,1,1,1,1,1,1,2,0,5,1,1,1,1,1,1,1,1,1,1,1,1,1,1,1,1,1,1,1,1,1,1,1,1,12,1,1,1,1,1,1,1,1,2,0,1,1,5,1,1,1,1,1,1,2,0,1,1,1,1,5,56
digk18,M,kinder,school2,digital,participant,1,1,1,1,1,1,1,1,2,0,1,1,1,1,1,1,1,1,1,1,1,1,1,1,1,1,1,1,1,1,2,0,1,1,15,1,1,1,1,1,1,1,1,1,1,1,1,2,0,1,1,2,0,1,1,8,1,1,1,1,1,1,1,1,1,1,2,0,1,1,1,1,1,1,1,1,1,1,2,0,1,1,1,1,1,1,13,1,1,1,1,1,1,1,1,1,1,1,1,6,1,1,1,1,1,1,1,1,1,1,3,0,1,1,2,0,2,0,1,1,1,1,1,1,9,1,1,1,1,1,1,1,1,1,1,1,1,6,1,1,1,1,1,1,2,0,1,1,1,1,5,62
digk19,M,kinder,school2,digital,participant,3,0,1,1,3,0,1,1,2,0,1,1,1,1,1,1,1,1,1,1,2,0,1,1,2,0,1,1,1,1,3,0,2,0,10,1,1,1,1,3,0,3,0,3,0,1,1,2,0,2,0,3,0,1,1,4,3,0,1,1,1,1,1,1,1,1,2,0,1,1,2,0,3,0,3,0,1,1,3,0,1,1,1,1,3,0,8,4,0,1,1,4,0,4,0,4,0,4,0,1,3,0,3,0,2,0,1,1,3,0,3,0,3,0,3,0,3,0,3,0,1,1,3,0,2,2,0,1,1,2,0,1,1,2,0,1,1,3,2,0,4,0,1,1,2,0,1,1,1,1,3,31
digk20,F,kinder,school2,digital,participant,1,1,1,1,2,0,1,1,2,0,1,1,1,1,1,1,1,1,3,0,1,1,2,0,1,1,1,1,3,0,3,0,2,0,10,1,1,2,0,2,0,1,1,1,1,1,1,2,0,2,0,2,0,3,0,4,1,1,1,1,1,1,1,1,1,1,3,0,1,1,2,0,2,0,1,1,1,1,3,0,1,1,1,1,3,0,10,1,1,1,1,1,1,1,1,1,1,1,1,6,2,0,3,0,2,0,3,0,2,0,2,0,1,1,2,0,2,0,2,0,1,1,3,0,2,1,1,1,1,1,1,1,1,2,0,3,0,4,2,0,1,1,1,1,3,0,3,0,1,1,3,39
digk21,M,kinder,school2,digital,atypical,,,,,,,,,,,,,,,,,,,,,,,,,,,,,,,,,,,,,,,,,,,,,,,,,,,,,,,,,,,,,,,,,,,,,,,,,,,,,,,,,,,,,,,,,,,,,,,,,,,,,,,,,,,,,,,,,,,,,,,,,,,,,,,,,,,,,,,,,,,,,,,,,,,,,,,,
digk22,F,kinder,school2,digital,participant,1,1,1,1,2,0,1,1,1,1,1,1,1,1,1,1,1,1,1,1,1,1,2,0,1,1,2,0,1,1,1,1,1,1,14,2,0,1,1,2,0,1,1,1,1,1,1,2,0,1,1,3,0,2,0,5,1,1,3,0,3,0,1,1,2,0,3,0,3,0,3,0,3,0,3,0,3,0,3,0,3,0,3,0,3,0,2,1,1,1,1,1,1,1,1,1,1,2,0,5,3,0,3,0,3,0,3,0,3,0,3,0,3,0,3,0,3,0,3,0,1,1,3,0,1,1,1,1,1,1,1,1,1,1,1,2,0,5,1,1,1,1,1,1,3,0,1,1,1,1,5,37
digk23,M,kinder,school2,digital,participant,3,0,2,0,3,0,1,1,1,1,2,0,1,1,1,1,2,0,1,1,1,1,1,1,1,1,1,1,1,1,3,0,1,1,11,2,0,1,1,3,0,3,0,3,0,1,1,3,0,3,0,3,0,3,0,2,2,0,3,0,3,0,3,0,3,0,4,0,3,0,3,0,3,0,3,0,3,0,3,0,4,0,3,0,3,0,0,1,1,1,1,1,1,1,1,1,1,1,1,6,3,0,3,0,3,0,3,0,3,0,3,0,3,0,3,0,3,0,3,0,3,0,3,0,0,3,0,3,0,3,0,3,0,3,0,3,0,0,1,1,2,0,1,1,3,0,2,0,3,0,2,21
mix501,M,fifth,school3,mixed,participant,1,1,1,1,1,1,1,1,1,1,1,1,1,1,1,1,1,1,1,1,1,1,1,1,1,1,1,1,1,1,1,1,3,0,16,1,1,1,1,1,1,1,1,1,1,1,1,1,1,1,1,1,1,1,1,10,1,1,1,1,1,1,1,1,1,1,1,1,1,1,1,1,1,1,1,1,1,1,1,1,1,1,1,1,1,1,15,1,1,1,1,1,1,1,1,1,1,1,1,6,3,0,1,1,1,1,1,1,1,1,1,1,1,1,1,1,1,1,1,1,1,1,1,1,11,1,1,1,1,1,1,1,1,1,1,1,1,6,1,1,1,1,2,0,1,1,1,1,3,0,4,68
mix502,F,fifth,school3,mixed,participant,1,1,3,0,1,1,1,1,1,1,1,1,1,1,1,1,1,1,1,1,1,1,1,1,1,1,1,1,1,1,3,0,4,0,14,1,1,1,1,1,1,1,1,1,1,1,1,1,1,1,1,2,0,1,1,9,1,1,1,1,1,1,1,1,1,1,2,0,1,1,2,0,1,1,1,1,1,1,1,1,1,1,1,1,1,1,13,1,1,1,1,1,1,1,1,1,1,1,1,6,1,1,1,1,1,1,2,0,1,1,1,1,1,1,1,1,4,0,1,1,1,1,3,0,9,1,1,1,1,1,1,1,1,1,1,1,1,6,3,0,1,1,1,1,1,1,3,0,1,1,4,61
mix503,F,fifth,school3,mixed,participant,1,1,1,1,1,1,1,1,1,1,1,1,1,1,1,1,1,1,1,1,1,1,1,1,1,1,1,1,2,0,2,0,2,0,14,1,1,1,1,1,1,1,1,1,1,1,1,1,1,1,1,2,0,1,1,9,1,1,1,1,1,1,1,1,1,1,1,1,1,1,1,1,1,1,1,1,1,1,1,1,1,1,1,1,1,1,15,1,1,1,1,1,1,2,0,2,0,1,1,4,1,1,1,1,2,0,1,1,1,1,1,1,1,1,1,1,2,0,1,1,1,1,1,1,10,1,1,1,1,1,1,1,1,1,1,1,1,6,1,1,1,1,1,1,2,0,3,0,2,0,3,61
mix504,F,fifth,school3,mixed,participant,1,1,1,1,1,1,1,1,1,1,1,1,1,1,1,1,1,1,1,1,1,1,2,0,1,1,1,1,1,1,1,1,1,1,16,1,1,1,1,1,1,1,1,1,1,1,1,1,1,1,1,2,0,1,1,9,1,1,1,1,1,1,1,1,1,1,1,1,1,1,1,1,1,1,1,1,1,1,1,1,1,1,1,1,1,1,15,1,1,1,1,1,1,1,1,1,1,1,1,6,1,1,1,1,1,1,1,1,1,1,1,1,1,1,1,1,1,1,1,1,1,1,1,1,12,1,1,1,1,1,1,1,1,1,1,1,1,6,1,1,1,1,1,1,1,1,1,1,1,1,6,70
mix505,F,fifth,school3,mixed,participant,1,1,1,1,1,1,1,1,1,1,1,1,1,1,1,1,1,1,1,1,1,1,1,1,1,1,1,1,1,1,1,1,1,1,17,1,1,1,1,1,1,1,1,1,1,1,1,1,1,1,1,2,0,1,1,9,1,1,1,1,1,1,1,1,1,1,1,1,1,1,1,1,1,1,1,1,1,1,1,1,1,1,1,1,1,1,15,1,1,1,1,1,1,1,1,1,1,1,1,6,1,1,1,1,1,1,1,1,1,1,1,1,1,1,1,1,1,1,1,1,1,1,1,1,12,1,1,1,1,1,1,1,1,1,1,1,1,6,1,1,1,1,1,1,1,1,1,1,1,1,6,71
mix506,M,fifth,school3,mixed,rejected,,,,,,,,,,,,,,,,,,,,,,,,,,,,,,,,,,,,,,,,,,,,,,,,,,,,,,,,,,,,,,,,,,,,,,,,,,,,,,,,,,,,,,,,,,,,,,,,,,,,,,,,,,,,,,,,,,,,,,,,,,,,,,,,,,,,,,,,,,,,,,,,,,,,,,,,
mix507,M,fifth,school3,mixed,participant,1,1,1,1,1,1,1,1,1,1,1,1,1,1,1,1,1,1,1,1,1,1,1,1,1,1,1,1,3,0,1,1,1,1,16,1,1,1,1,1,1,1,1,1,1,1,1,3,0,3,0,3,0,3,0,6,1,1,1,1,1,1,1,1,1,1,3,0,2,0,2,0,1,1,1,1,3,0,3,0,1,1,3,0,3,0,8,1,1,1,1,1,1,1,1,1,1,3,0,5,3,0,3,0,1,1,3,0,1,1,3,0,3,0,3,0,3,0,3,0,3,0,1,1,3,3,0,1,1,2,0,1,1,1,1,1,1,4,1,1,1,1,1,1,1,1,3,0,3,0,4,46
mix508,F,fifth,school3,mixed,participant,1,1,1,1,1,1,1,1,1,1,1,1,1,1,1,1,1,1,1,1,1,1,1,1,1,1,1,1,1,1,1,1,1,1,17,1,1,1,1,1,1,1,1,1,1,1,1,1,1,1,1,2,0,1,1,9,1,1,1,1,1,1,1,1,1,1,1,1,1,1,1,1,1,1,1,1,1,1,1,1,1,1,1,1,1,1,15,2,0,1,1,1,1,1,1,1,1,1,1,5,1,1,1,1,1,1,1,1,1,1,1,1,1,1,1,1,1,1,1,1,1,1,1,1,12,1,1,1,1,1,1,1,1,1,1,1,1,6,1,1,1,1,1,1,1,1,1,1,1,1,6,70
mix509,F,fifth,school3,mixed,participant,2,0,1,1,1,1,1,1,1,1,1,1,1,1,1,1,1,1,1,1,1,1,1,1,1,1,1,1,1,1,3,0,1,1,15,1,1,1,1,1,1,1,1,1,1,1,1,1,1,1,1,2,0,1,1,9,1,1,1,1,1,1,1,1,1,1,1,1,1,1,1,1,1,1,1,1,1,1,1,1,1,1,1,1,1,1,15,1,1,1,1,1,1,2,0,2,0,1,1,4,2,0,1,1,1,1,1,1,1,1,1,1,1,1,1,1,2,0,1,1,1,1,2,0,9,1,1,1,1,1,1,1,1,1,1,1,1,6,1,1,1,1,1,1,1,1,2,0,1,1,5,63
mix510,M,fifth,school3,mixed,participant,1,1,1,1,1,1,1,1,1,1,1,1,1,1,1,1,1,1,1,1,1,1,2,0,1,1,1,1,1,1,1,1,1,1,16,2,0,1,1,1,1,1,1,1,1,1,1,1,1,1,1,2,0,1,1,8,1,1,1,1,1,1,1,1,1,1,1,1,1,1,1,1,1,1,1,1,1,1,1,1,1,1,1,1,1,1,15,1,1,1,1,1,1,1,1,1,1,1,1,6,1,1,1,1,1,1,1,1,1,1,1,1,1,1,1,1,1,1,1,1,1,1,1,1,12,1,1,1,1,1,1,1,1,1,1,1,1,6,1,1,1,1,1,1,1,1,1,1,1,1,6,69
mix511,M,fifth,school3,mixed,participant,1,1,1,1,1,1,1,1,1,1,1,1,1,1,1,1,1,1,1,1,1,1,1,1,1,1,1,1,1,1,3,0,1,1,16,2,0,1,1,1,1,1,1,1,1,1,1,2,0,1,1,3,0,1,1,7,1,1,1,1,1,1,1,1,1,1,1,1,1,1,1,1,1,1,1,1,1,1,1,1,1,1,1,1,1,1,15,1,1,1,1,1,1,2,0,1,1,1,1,5,1,1,1,1,1,1,1,1,1,1,1,1,1,1,1,1,1,1,1,1,1,1,1,1,12,1,1,1,1,1,1,1,1,1,1,1,1,6,1,1,1,1,1,1,1,1,2,0,1,1,5,66
mix512,M,fifth,school3,mixed,rejected,,,,,,,,,,,,,,,,,,,,,,,,,,,,,,,,,,,,,,,,,,,,,,,,,,,,,,,,,,,,,,,,,,,,,,,,,,,,,,,,,,,,,,,,,,,,,,,,,,,,,,,,,,,,,,,,,,,,,,,,,,,,,,,,,,,,,,,,,,,,,,,,,,,,,,,,
mix513,M,fifth,school3,mixed,participant,1,1,1,1,1,1,1,1,1,1,1,1,1,1,1,1,1,1,1,1,1,1,1,1,1,1,1,1,1,1,1,1,1,1,17,1,1,1,1,1,1,1,1,1,1,1,1,1,1,1,1,1,1,1,1,10,1,1,1,1,1,1,1,1,1,1,1,1,1,1,1,1,1,1,1,1,1,1,1,1,1,1,1,1,1,1,15,1,1,1,1,1,1,1,1,1,1,1,1,6,1,1,1,1,1,1,1,1,1,1,1,1,1,1,1,1,1,1,1,1,1,1,1,1,12,1,1,1,1,1,1,1,1,1,1,1,1,6,1,1,1,1,1,1,1,1,2,0,1,1,5,71
mix514,M,fifth,school3,mixed,participant,1,1,1,1,1,1,1,1,1,1,1,1,1,1,1,1,1,1,1,1,1,1,2,0,1,1,1,1,1,1,2,0,1,1,15,1,1,1,1,1,1,1,1,1,1,1,1,1,1,1,1,1,1,1,1,10,1,1,1,1,1,1,1,1,1,1,1,1,1,1,1,1,1,1,1,1,1,1,1,1,1,1,1,1,1,1,15,1,1,1,1,1,1,1,1,1,1,1,1,6,1,1,1,1,1,1,1,1,1,1,1,1,1,1,1,1,1,1,1,1,1,1,1,1,12,1,1,1,1,1,1,1,1,2,0,1,1,5,1,1,1,1,1,1,1,1,1,1,1,1,6,69
mix515,F,fifth,school3,mixed,participant,1,1,1,1,1,1,1,1,1,1,1,1,1,1,1,1,1,1,1,1,1,1,1,1,1,1,1,1,1,1,1,1,1,1,17,1,1,1,1,1,1,1,1,1,1,1,1,1,1,1,1,1,1,1,1,10,1,1,1,1,1,1,1,1,1,1,1,1,1,1,1,1,1,1,1,1,1,1,1,1,1,1,1,1,1,1,15,1,1,1,1,1,1,1,1,1,1,1,1,6,1,1,1,1,1,1,1,1,1,1,1,1,1,1,1,1,1,1,1,1,1,1,1,1,12,1,1,1,1,1,1,1,1,2,0,1,1,5,1,1,1,1,1,1,1,1,2,0,1,1,5,70
mix516,F,fifth,school3,mixed,participant,1,1,1,1,1,1,1,1,1,1,1,1,1,1,1,1,1,1,1,1,1,1,1,1,1,1,1,1,1,1,2,0,2,0,15,1,1,1,1,1,1,1,1,1,1,1,1,1,1,1,1,1,1,1,1,10,1,1,1,1,1,1,1,1,1,1,1,1,1,1,1,1,1,1,1,1,1,1,1,1,1,1,1,1,1,1,15,1,1,1,1,1,1,1,1,2,0,1,1,5,1,1,1,1,1,1,1,1,1,1,1,1,1,1,1,1,1,1,1,1,1,1,1,1,12,1,1,1,1,1,1,1,1,1,1,1,1,6,1,1,1,1,1,1,1,1,3,0,1,1,5,68
mix517,M,fifth,school3,mixed,participant,1,1,1,1,1,1,1,1,1,1,1,1,2,0,1,1,1,1,1,1,1,1,1,1,1,1,1,1,1,1,2,0,1,1,15,1,1,1,1,1,1,1,1,1,1,1,1,1,1,1,1,3,0,1,1,9,1,1,1,1,1,1,1,1,1,1,1,1,1,1,1,1,1,1,1,1,1,1,1,1,1,1,1,1,1,1,15,1,1,1,1,1,1,2,0,1,1,1,1,5,1,1,1,1,1,1,1,1,1,1,1,1,1,1,1,1,1,1,1,1,1,1,1,1,12,1,1,1,1,1,1,1,1,1,1,1,1,6,1,1,2,0,1,1,1,1,3,0,1,1,4,66
mix518,M,fifth,school3,mixed,participant,1,1,1,1,1,1,1,1,1,1,1,1,1,1,1,1,1,1,1,1,1,1,1,1,1,1,1,1,1,1,1,1,1,1,17,1,1,1,1,1,1,1,1,1,1,1,1,1,1,1,1,2,0,1,1,9,1,1,1,1,1,1,1,1,1,1,1,1,1,1,1,1,1,1,1,1,1,1,1,1,1,1,1,1,1,1,15,1,1,1,1,1,1,1,1,1,1,1,1,6,1,1,1,1,1,1,1,1,1,1,1,1,1,1,1,1,1,1,1,1,1,1,1,1,12,1,1,1,1,1,1,1,1,1,1,1,1,6,1,1,1,1,1,1,3,0,1,1,1,1,5,70
mix519,M,fifth,school3,mixed,rejected,,,,,,,,,,,,,,,,,,,,,,,,,,,,,,,,,,,,,,,,,,,,,,,,,,,,,,,,,,,,,,,,,,,,,,,,,,,,,,,,,,,,,,,,,,,,,,,,,,,,,,,,,,,,,,,,,,,,,,,,,,,,,,,,,,,,,,,,,,,,,,,,,,,,,,,,
mix520,F,fifth,school3,mixed,participant,1,1,1,1,1,1,1,1,1,1,1,1,1,1,1,1,1,1,1,1,1,1,1,1,1,1,1,1,1,1,1,1,1,1,17,1,1,1,1,1,1,1,1,1,1,1,1,1,1,1,1,2,0,1,1,9,1,1,1,1,1,1,1,1,1,1,1,1,1,1,1,1,1,1,1,1,1,1,1,1,1,1,1,1,1,1,15,1,1,1,1,1,1,1,1,1,1,1,1,6,1,1,1,1,1,1,1,1,1,1,1,1,1,1,1,1,1,1,1,1,1,1,1,1,12,1,1,1,1,1,1,1,1,1,1,1,1,6,3,0,1,1,1,1,1,1,3,0,1,1,4,69
mix521,F,fifth,school3,mixed,participant,1,1,1,1,1,1,1,1,1,1,1,1,1,1,1,1,1,1,1,1,1,1,1,1,1,1,1,1,1,1,1,1,1,1,17,1,1,1,1,1,1,1,1,1,1,1,1,1,1,1,1,1,1,1,1,10,1,1,1,1,1,1,1,1,1,1,1,1,1,1,1,1,1,1,1,1,1,1,1,1,1,1,1,1,1,1,15,1,1,1,1,1,1,2,0,2,0,1,1,4,1,1,1,1,1,1,2,0,1,1,1,1,1,1,1,1,1,1,1,1,1,1,1,1,11,1,1,1,1,1,1,1,1,1,1,1,1,6,1,1,1,1,1,1,2,0,3,0,2,0,3,66
mix522,F,fifth,school3,mixed,participant,1,1,1,1,1,1,1,1,1,1,1,1,1,1,1,1,1,1,1,1,1,1,1,1,1,1,1,1,1,1,1,1,1,1,17,1,1,1,1,1,1,1,1,1,1,1,1,1,1,1,1,1,1,1,1,10,1,1,1,1,1,1,1,1,1,1,1,1,1,1,1,1,1,1,1,1,1,1,1,1,1,1,1,1,1,1,15,1,1,1,1,1,1,1,1,1,1,1,1,6,1,1,1,1,1,1,1,1,1,1,1,1,1,1,1,1,1,1,1,1,1,1,1,1,12,1,1,1,1,1,1,1,1,1,1,1,1,6,1,1,1,1,1,1,1,1,1,1,1,1,6,72
mixk01,F,kinder,school3,mixed,participant,2,0,2,0,1,1,1,1,2,0,1,1,1,1,1,1,1,1,1,1,1,1,1,1,2,0,2,0,1,1,2,0,3,0,10,1,1,1,1,1,1,3,0,4,0,1,1,3,0,1,1,3,0,3,0,5,1,1,1,1,1,1,1,1,3,0,3,0,3,0,3,0,3,0,3,0,3,0,3,0,3,0,3,0,3,0,4,1,1,1,1,1,1,1,1,1,1,1,1,6,1,1,1,1,1,1,3,0,3,0,3,0,3,0,3,0,3,0,3,0,3,0,3,0,3,2,0,1,1,2,0,1,1,3,0,3,0,2,1,1,1,1,1,1,3,0,2,0,1,1,4,34
mixk02,F,kinder,school3,mixed,participant,1,1,1,1,2,0,1,1,2,0,1,1,1,1,1,1,2,0,1,1,1,1,1,1,1,1,3,0,1,1,1,1,2,0,12,2,0,2,0,2,0,2,0,3,0,1,1,3,0,1,1,3,0,1,1,3,1,1,1,1,1,1,1,1,3,0,3,0,3,0,3,0,3,0,1,1,3,0,3,0,2,0,2,0,3,0,5,1,1,1,1,1,1,1,1,1,1,2,0,5,2,0,2,0,3,0,3,0,3,0,3,0,3,0,3,0,3,0,3,0,3,0,3,0,0,1,1,1,1,1,1,1,1,1,1,1,1,6,1,1,2,0,1,1,3,0,1,1,1,1,4,35
mixk03,F,kinder,school3,mixed,participant,1,1,2,0,1,1,1,1,1,1,1,1,1,1,1,1,1,1,1,1,2,0,1,1,2,0,1,1,1,1,2,0,2,0,12,1,1,1,1,1,1,1,1,1,1,1,1,2,0,2,0,2,0,1,1,7,1,1,1,1,1,1,1,1,1,1,1,1,1,1,1,1,1,1,1,1,1,1,1,1,1,1,1,1,2,0,14,1,1,1,1,2,0,1,1,1,1,2,0,4,1,1,1,1,1,1,1,1,1,1,1,1,1,1,1,1,1,1,1,1,1,1,2,0,11,1,1,1,1,1,1,1,1,2,0,2,0,4,1,1,1,1,1,1,1,1,1,1,1,1,6,58
mixk04,M,kinder,school3,mixed,participant,2,0,1,1,1,1,1,1,1,1,1,1,1,1,1,1,1,1,1,1,1,1,1,1,1,1,1,1,1,1,1,1,1,1,16,1,1,1,1,1,1,1,1,1,1,1,1,2,0,1,1,2,0,1,1,8,1,1,1,1,2,0,1,1,1,1,2,0,1,1,2,0,3,0,3,0,1,1,3,0,3,0,1,1,1,1,8,1,1,1,1,1,1,1,1,1,1,2,0,5,2,0,2,0,3,0,2,0,3,0,3,0,3,0,3,0,2,0,2,0,1,1,3,0,1,1,1,1,1,1,1,1,1,1,1,1,1,6,1,1,1,1,1,1,2,0,2,0,2,0,3,47
mixk05,M,kinder,school3,mixed,participant,1,1,2,0,2,0,1,1,2,0,2,0,1,1,1,1,2,0,1,1,1,1,2,0,2,0,2,0,1,1,2,0,2,0,7,1,1,2,0,2,0,2,0,3,0,1,1,2,0,2,0,3,0,2,0,2,1,1,1,1,1,1,3,0,2,0,3,0,2,0,2,0,2,0,2,0,2,0,2,0,3,0,3,0,3,0,3,1,1,1,1,1,1,1,1,2,0,2,0,4,2,0,2,0,3,0,2,0,2,0,2,0,2,0,2,0,2,0,2,0,2,0,3,0,0,1,1,1,1,3,0,2,0,3,0,3,0,2,1,1,2,0,1,1,2,0,3,0,2,0,2,20
mixk06,F,kinder,school3,mixed,participant,2,0,1,1,2,0,1,1,2,0,1,1,1,1,1,1,1,1,1,1,1,1,2,0,1,1,3,0,1,1,2,0,1,1,11,1,1,2,0,1,1,3,0,3,0,2,0,2,0,1,1,3,0,1,1,4,2,0,1,1,3,0,3,0,3,0,3,0,3,0,1,1,3,0,3,0,3,0,3,0,1,1,3,0,3,0,3,1,1,1,1,1,1,1,1,1,1,3,0,5,3,0,3,0,3,0,3,0,3,0,3,0,3,0,3,0,3,0,3,0,3,0,3,0,0,1,1,1,1,1,1,1,1,3,0,3,0,4,1,1,1,1,1,1,3,0,1,1,1,1,5,32
mixk07,M,kinder,school3,mixed,participant,1,1,2,0,2,0,1,1,1,1,1,1,1,1,1,1,1,1,1,1,1,1,1,1,1,1,1,1,1,1,2,0,2,0,13,1,1,1,1,1,1,1,1,1,1,1,1,1,1,1,1,2,0,2,0,8,1,1,1,1,1,1,1,1,1,1,3,0,1,1,1,1,1,1,1,1,2,0,1,1,3,0,1,1,1,1,12,1,1,1,1,2,0,1,1,1,1,1,1,5,1,1,2,0,1,1,3,0,1,1,1,1,1,1,1,1,1,1,1,1,1,1,1,1,10,1,1,1,1,1,1,1,1,1,1,1,1,6,1,1,1,1,1,1,1,1,2,0,1,1,5,59
mixk08,M,kinder,school3,mixed,participant,1,1,3,0,1,1,1,1,3,0,1,1,1,1,1,1,2,0,1,1,1,1,3,0,2,0,1,1,1,1,2,0,1,1,11,1,1,1,1,2,0,2,0,2,0,1,1,2,0,1,1,2,0,1,1,5,1,1,1,1,1,1,1,1,1,1,1,1,1,1,1,1,1,1,1,1,1,1,2,0,1,1,1,1,1,1,14,1,1,1,1,2,0,2,0,2,0,2,0,2,1,1,1,1,1,1,1,1,2,0,2,0,1,1,1,1,1,1,1,1,1,1,1,1,10,1,1,1,1,1,1,1,1,2,0,1,1,5,1,1,1,1,1,1,1,1,3,0,1,1,5,52
mixk09,F,kinder,school3,mixed,rejected,,,,,,,,,,,,,,,,,,,,,,,,,,,,,,,,,,,,,,,,,,,,,,,,,,,,,,,,,,,,,,,,,,,,,,,,,,,,,,,,,,,,,,,,,,,,,,,,,,,,,,,,,,,,,,,,,,,,,,,,,,,,,,,,,,,,,,,,,,,,,,,,,,,,,,,,
mixk10,M,kinder,school3,mixed,participant,4,0,4,0,4,0,1,1,4,0,1,1,1,1,1,1,3,0,2,0,3,0,2,0,4,0,2,0,1,1,2,0,1,1,6,1,1,2,0,4,0,4,0,4,0,1,1,4,0,4,0,4,0,4,0,2,1,1,2,0,2,0,2,0,2,0,2,0,2,0,4,0,4,0,4,0,4,0,4,0,4,0,4,0,4,0,1,1,1,1,1,4,0,4,0,2,0,4,0,2,4,0,2,0,4,0,4,0,4,0,4,0,4,0,4,0,4,0,4,0,4,0,2,0,0,2,0,1,1,4,0,4,0,4,0,4,0,1,2,0,2,0,4,0,4,0,4,0,2,0,0,12
mixk11,M,kinder,school3,mixed,participant,1,1,1,1,1,1,1,1,1,1,1,1,1,1,1,1,1,1,1,1,1,1,1,1,1,1,1,1,1,1,2,0,2,0,15,1,1,1,1,1,1,1,1,2,0,1,1,2,0,1,1,2,0,1,1,7,1,1,1,1,1,1,1,1,1,1,2,0,3,0,1,1,1,1,3,0,2,0,1,1,2,0,1,1,1,1,10,1,1,1,1,1,1,1,1,1,1,2,0,5,3,0,3,0,1,1,3,0,1,1,3,0,3,0,3,0,3,0,3,0,1,1,1,1,4,1,1,1,1,1,1,1,1,1,1,1,1,6,1,1,1,1,1,1,1,1,1,1,1,1,6,53
mixk12,M,kinder,school3,mixed,participant,1,1,1,1,1,1,1,1,1,1,1,1,1,1,1,1,2,0,1,1,1,1,2,0,2,0,1,1,1,1,2,0,2,0,12,1,1,1,1,1,1,1,1,2,0,1,1,2,0,1,1,2,0,1,1,7,1,1,1,1,2,0,1,1,2,0,2,0,2,0,1,1,1,1,2,0,2,0,2,0,2,0,2,0,2,0,5,1,1,1,1,1,1,1,1,2,0,2,0,4,1,1,2,0,1,1,2,0,2,0,2,0,3,0,3,0,2,0,3,0,1,1,3,0,3,1,1,1,1,1,1,2,0,2,0,2,0,3,2,0,1,1,1,1,2,0,2,0,2,0,2,36
mixk13,F,kinder,school3,mixed,participant,1,1,2,0,2,0,1,1,2,0,1,1,1,1,1,1,1,1,2,0,1,1,2,0,2,0,1,1,1,1,2,0,2,0,9,1,1,1,1,1,1,1,1,1,1,1,1,2,0,1,1,2,0,2,0,7,1,1,1,1,1,1,1,1,1,1,2,0,1,1,2,0,1,1,2,0,2,0,1,1,1,1,1,1,1,1,11,1,1,1,1,1,1,1,1,1,1,2,0,5,2,0,1,1,1,1,1,1,1,1,2,0,1,1,1,1,2,0,1,1,1,1,1,1,9,2,0,1,1,2,0,1,1,1,1,1,1,4,1,1,2,0,1,1,2,0,1,1,2,0,3,48
mixk14,M,kinder,school3,mixed,participant,1,1,1,1,1,1,1,1,1,1,1,1,1,1,1,1,1,1,1,1,1,1,1,1,1,1,1,1,1,1,1,1,1,1,17,1,1,1,1,1,1,1,1,1,1,1,1,3,0,1,1,3,0,1,1,8,1,1,1,1,1,1,1,1,1,1,1,1,1,1,1,1,1,1,1,1,3,0,3,0,1,1,3,0,3,0,11,1,1,1,1,1,1,1,1,1,1,1,1,6,3,0,3,0,1,1,2,0,3,0,1,1,3,0,3,0,1,1,1,1,1,1,3,0,5,1,1,1,1,1,1,1,1,1,1,1,1,6,1,1,1,1,1,1,1,1,3,0,3,0,4,57
mixk15,F,kinder,school3,mixed,participant,1,1,2,0,1,1,1,1,1,1,1,1,1,1,1,1,1,1,1,1,1,1,2,0,1,1,1,1,1,1,2,0,1,1,14,1,1,1,1,1,1,1,1,1,1,1,1,2,0,1,1,2,0,1,1,8,1,1,1,1,1,1,1,1,1,1,2,0,1,1,1,1,1,1,1,1,2,0,3,0,2,0,3,0,3,0,9,1,1,1,1,1,1,1,1,1,1,2,0,5,2,0,2,0,1,1,3,0,3,0,1,1,3,0,1,1,3,0,3,0,1,1,2,0,4,1,1,1,1,1,1,1,1,1,1,1,1,6,1,1,1,1,1,1,2,0,1,1,1,1,5,51
mixk16,F,kinder,school3,mixed,participant,4,0,2,0,1,1,1,1,1,1,1,1,1,1,1,1,2,0,3,0,2,0,2,0,1,1,3,0,1,1,4,0,2,0,8,2,0,2,0,2,0,2,0,4,0,2,0,4,0,2,0,4,0,1,1,1,2,0,4,0,3,0,1,1,1,1,2,0,4,0,4,0,4,0,4,0,4,0,4,0,4,0,4,0,4,0,2,1,1,1,1,2,0,2,0,2,0,2,0,2,4,0,4,0,4,0,4,0,4,0,4,0,4,0,4,0,4,0,4,0,4,0,4,0,0,2,0,1,1,2,0,4,0,4,0,4,0,1,1,1,2,0,1,1,4,0,2,0,1,1,3,17
mixk17,M,kinder,school3,mixed,atypical,1,1,2,0,2,0,1,1,2,0,2,0,1,1,1,1,1,1,2,0,1,1,2,0,2,0,1,1,1,1,2,0,2,0,8,2,0,2,0,4,0,4,0,4,0,1,1,1,1,3,0,2,0,1,1,3,1,1,2,0,2,0,2,0,2,0,2,0,2,0,2,0,2,0,2,0,2,0,2,0,2,0,2,0,2,0,1,1,1,1,1,3,0,1,1,2,0,4,0,3,2,0,2,0,2,0,2,0,2,0,2,0,2,0,2,0,2,0,2,0,2,0,2,0,0,2,0,2,0,4,0,4,0,4,0,4,0,0,3,0,1,1,1,1,2,0,1,1,2,0,3,18
mixk18,M,kinder,school3,mixed,atypical,2,0,2,0,2,0,1,1,2,0,2,0,2,0,2,0,2,0,1,1,1,1,4,0,2,0,2,0,1,1,2,0,3,0,4,1,1,1,1,2,0,2,0,2,0,1,1,2,0,2,0,3,0,3,0,3,1,1,2,0,2,0,2,0,2,0,1,1,2,0,2,0,1,1,2,0,2,0,2,0,2,0,2,0,3,0,3,1,1,1,1,1,1,1,1,1,1,2,0,5,2,0,2,0,2,0,3,0,2,0,2,0,2,0,2,0,2,0,2,0,3,0,2,0,0,2,0,2,0,2,0,2,0,2,0,2,0,0,2,0,2,0,1,1,2,0,2,0,2,0,1,16
mixk19,F,kinder,school3,mixed,participant,1,1,1,1,1,1,1,1,2,0,1,1,1,1,1,1,1,1,1,1,1,1,2,0,1,1,1,1,1,1,1,1,3,0,14,1,1,1,1,1,1,3,0,3,0,1,1,1,1,3,0,3,0,1,1,6,1,1,1,1,1,1,1,1,1,1,1,1,1,1,2,0,2,0,1,1,2,0,2,0,2,0,2,0,2,0,8,1,1,1,1,1,1,1,1,1,1,1,1,6,2,0,1,1,2,0,2,0,2,0,2,0,2,0,2,0,2,0,2,0,1,1,2,0,2,1,1,1,1,1,1,1,1,1,1,1,1,6,1,1,1,1,1,1,3,0,1,1,1,1,5,47
mixk20,M,kinder,school3,mixed,atypical,,,,,,,,,,,,,,,,,,,,,,,,,,,,,,,,,,,,,,,,,,,,,,,,,,,,,,,,,,,,,,,,,,,,,,,,,,,,,,,,,,,,,,,,,,,,,,,,,,,,,,,,,,,,,,,,,,,,,,,,,,,,,,,,,,,,,,,,,,,,,,,,,,,,,,,,
mixk21,F,kinder,school3,mixed,participant,2,0,1,1,1,1,1,1,2,0,1,1,1,1,1,1,1,1,1,1,1,1,2,0,1,1,1,1,1,1,1,1,2,0,13,1,1,2,0,2,0,3,0,3,0,1,1,3,0,2,0,3,0,1,1,3,1,1,1,1,1,1,1,1,1,1,2,0,1,1,2,0,1,1,1,1,2,0,3,0,3,0,1,1,2,0,9,1,1,1,1,1,1,1,1,1,1,1,1,6,3,0,3,0,3,0,3,0,3,0,3,0,3,0,2,0,3,0,3,0,1,1,2,0,1,2,0,1,1,2,0,1,1,1,1,1,1,4,1,1,2,0,1,1,2,0,1,1,1,1,4,40
mixk22,M,kinder,school3,mixed,participant,3,0,2,0,2,0,1,1,2,0,1,1,1,1,1,1,2,0,2,0,1,1,1,1,1,1,1,1,1,1,2,0,3,0,9,3,0,2,0,4,0,4,0,4,0,1,1,4,0,2,0,4,0,1,1,2,1,1,1,1,1,1,1,1,1,1,3,0,3,0,3,0,3,0,3,0,3,0,3,0,3,0,2,0,3,0,5,1,1,2,0,2,0,2,0,1,1,1,1,3,2,0,2,0,4,0,4,0,4,0,4,0,4,0,4,0,4,0,4,0,4,0,4,0,0,3,0,1,1,3,0,1,1,2,0,3,0,2,1,1,2,0,1,1,2,0,2,0,1,1,3,24
mixk23,F,kinder,school3,mixed,participant,2,0,1,1,1,1,1,1,1,1,1,1,1,1,1,1,1,1,1,1,1,1,1,1,1,1,1,1,1,1,1,1,2,0,15,1,1,1,1,1,1,1,1,1,1,1,1,1,1,2,0,2,0,1,1,8,1,1,1,1,1,1,1,1,1,1,1,1,1,1,1,1,3,0,1,1,1,1,1,1,1,1,3,0,2,0,12,1,1,1,1,2,0,1,1,1,1,2,0,4,2,0,1,1,2,0,2,0,3,0,2,0,2,0,2,0,2,0,1,1,1,1,1,1,4,1,1,1,1,1,1,1,1,1,1,1,1,6,1,1,1,1,1,1,2,0,2,0,1,1,4,53
mixk24,F,kinder,school3,mixed,participant,1,1,1,1,2,0,1,1,1,1,1,1,1,1,1,1,2,0,1,1,1,1,2,0,2,0,1,1,1,1,2,0,1,1,12,1,1,1,1,2,0,2,0,2,0,1,1,3,0,3,0,3,0,1,1,4,1,1,3,0,3,0,1,1,3,0,3,0,3,0,3,0,3,0,3,0,3,0,3,0,1,1,3,0,3,0,3,1,1,1,1,1,1,1,1,1,1,1,1,6,3,0,3,0,4,0,3,0,3,0,3,0,3,0,3,0,3,0,3,0,1,1,3,0,1,1,1,1,1,1,1,1,1,1,1,2,0,5,1,1,1,1,1,1,2,0,2,0,2,0,3,34
mixk25,F,kinder,school3,mixed,participant,1,1,2,0,2,0,1,1,1,1,2,0,1,1,1,1,2,0,1,1,1,1,1,1,2,0,1,1,1,1,2,0,2,0,10,1,1,1,1,2,0,4,0,4,0,1,1,2,0,1,1,4,0,1,1,5,1,1,1,1,1,1,1,1,1,1,2,0,3,0,1,1,3,0,1,1,3,0,3,0,3,0,3,0,3,0,7,2,0,2,0,1,1,1,1,1,1,1,1,4,3,0,3,0,3,0,3,0,3,0,3,0,3,0,3,0,3,0,3,0,3,0,3,0,0,2,0,2,0,4,0,1,1,3,0,1,1,2,1,1,2,0,1,1,3,0,2,0,2,0,2,30
mixk26,F,kinder,school3,mixed,participant,1,1,2,0,1,1,1,1,3,0,3,0,1,1,1,1,1,1,1,1,1,1,2,0,1,1,3,0,1,1,2,0,3,0,10,1,1,2,0,2,0,2,0,2,0,2,0,3,0,3,0,2,0,2,0,1,1,1,1,1,1,1,1,1,1,1,2,0,3,0,3,0,3,0,1,1,3,0,3,0,3,0,3,0,3,0,6,1,1,1,1,1,1,1,1,1,1,1,1,6,3,0,3,0,3,0,3,0,3,0,3,0,3,0,3,0,3,0,3,0,1,1,3,0,1,1,1,1,1,1,1,1,1,1,1,2,0,5,2,0,2,0,1,1,2,0,1,1,1,1,3,32
mixk27,F,kinder,school3,mixed,participant,1,1,4,0,1,1,1,1,1,1,1,1,1,1,1,1,1,1,1,1,1,1,1,1,1,1,4,0,1,1,3,0,1,1,14,1,1,1,1,1,1,1,1,1,1,1,1,2,0,1,1,2,0,1,1,8,1,1,1,1,1,1,1,1,1,1,1,1,1,1,1,1,1,1,1,1,1,1,1,1,2,0,1,1,1,1,14,1,1,1,1,1,1,1,1,1,1,1,1,6,2,0,2,0,1,1,1,1,2,0,3,0,2,0,2,0,2,0,1,1,1,1,1,1,5,1,1,1,1,1,1,1,1,1,1,1,1,6,1,1,1,1,1,1,1,1,1,1,1,1,6,59
mixk28,M,kinder,school3,mixed,participant,1,1,2,0,1,1,1,1,1,1,1,1,1,1,1,1,1,1,1,1,1,1,1,1,1,1,1,1,1,1,1,1,1,1,16,1,1,1,1,1,1,1,1,1,1,1,1,1,1,1,1,1,1,2,0,9,1,1,1,1,1,1,1,1,1,1,1,1,1,1,1,1,1,1,1,1,1,1,1,1,2,0,3,0,1,1,13,1,1,1,1,1,1,1,1,1,1,1,1,6,1,1,1,1,1,1,1,1,1,1,1,1,3,0,2,0,2,0,1,1,1,1,2,0,8,1,1,1,1,1,1,1,1,1,1,1,1,6,1,1,1,1,1,1,1,1,1,1,1,1,6,64
ppr501,F,fifth,school1,paper,participant,1,1,1,1,1,1,1,1,1,1,1,1,1,1,1,1,1,1,1,1,1,1,1,1,1,1,1,1,1,1,2,0,2,0,15,1,1,1,1,1,1,1,1,1,1,1,1,1,1,1,1,1,1,1,1,10,1,1,1,1,1,1,1,1,1,1,1,1,1,1,1,1,1,1,1,1,1,1,1,1,1,1,1,1,1,1,15,1,1,1,1,1,1,1,1,1,1,1,1,6,1,1,1,1,1,1,1,1,1,1,1,1,1,1,1,1,1,1,1,1,1,1,1,1,12,1,1,1,1,1,1,1,1,1,1,1,1,6,1,1,1,1,1,1,1,1,2,0,1,1,5,69
ppr502,F,fifth,school1,paper,rejected,,,,,,,,,,,,,,,,,,,,,,,,,,,,,,,,,,,,,,,,,,,,,,,,,,,,,,,,,,,,,,,,,,,,,,,,,,,,,,,,,,,,,,,,,,,,,,,,,,,,,,,,,,,,,,,,,,,,,,,,,,,,,,,,,,,,,,,,,,,,,,,,,,,,,,,,
ppr503,M,fifth,school1,paper,participant,1,1,1,1,1,1,1,1,1,1,1,1,1,1,1,1,1,1,1,1,1,1,1,1,1,1,1,1,1,1,1,1,1,1,17,1,1,1,1,1,1,1,1,1,1,1,1,1,1,1,1,1,1,1,1,10,1,1,1,1,1,1,1,1,1,1,1,1,1,1,1,1,1,1,1,1,1,1,1,1,1,1,1,1,1,1,15,1,1,1,1,1,1,1,1,1,1,1,1,6,1,1,1,1,1,1,1,1,1,1,1,1,1,1,1,1,1,1,1,1,1,1,1,1,12,1,1,1,1,1,1,1,1,1,1,1,1,6,1,1,1,1,1,1,3,0,1,1,1,1,5,71
ppr504,F,fifth,school1,paper,participant,1,1,1,1,1,1,1,1,1,1,1,1,1,1,1,1,1,1,1,1,1,1,1,1,1,1,1,1,1,1,2,0,3,0,15,1,1,1,1,1,1,1,1,1,1,1,1,1,1,1,1,2,0,1,1,9,1,1,1,1,1,1,1,1,1,1,1,1,1,1,1,1,1,1,1,1,1,1,1,1,1,1,1,1,1,1,15,1,1,1,1,1,1,1,1,1,1,1,1,6,1,1,1,1,1,1,1,1,1,1,1,1,1,1,1,1,1,1,1,1,1,1,1,1,12,1,1,1,1,1,1,1,1,1,1,1,1,6,1,1,1,1,1,1,1,1,1,1,1,1,6,69
ppr505,F,fifth,school1,paper,participant,1,1,1,1,1,1,1,1,1,1,1,1,1,1,1,1,1,1,1,1,1,1,1,1,1,1,1,1,1,1,1,1,1,1,17,1,1,1,1,1,1,1,1,1,1,1,1,1,1,1,1,2,0,1,1,9,1,1,1,1,1,1,1,1,1,1,1,1,1,1,1,1,1,1,1,1,1,1,1,1,1,1,1,1,1,1,15,1,1,1,1,1,1,1,1,2,0,1,1,5,1,1,1,1,1,1,1,1,1,1,2,0,1,1,1,1,1,1,1,1,1,1,1,1,11,1,1,1,1,1,1,1,1,1,1,1,1,6,1,1,1,1,1,1,2,0,1,1,1,1,5,68
ppr506,F,fifth,school1,paper,participant,1,1,1,1,1,1,1,1,1,1,1,1,1,1,1,1,1,1,1,1,1,1,1,1,1,1,1,1,1,1,1,1,1,1,17,1,1,1,1,1,1,1,1,1,1,1,1,1,1,1,1,1,1,1,1,10,1,1,1,1,1,1,1,1,1,1,1,1,1,1,1,1,1,1,1,1,1,1,1,1,1,1,1,1,1,1,15,1,1,1,1,1,1,2,0,1,1,1,1,5,1,1,1,1,1,1,1,1,1,1,1,1,1,1,1,1,1,1,1,1,1,1,1,1,12,1,1,1,1,1,1,1,1,1,1,1,1,6,1,1,1,1,1,1,1,1,2,0,1,1,5,70
ppr507,M,fifth,school1,paper,participant,1,1,1,1,1,1,1,1,1,1,1,1,1,1,1,1,1,1,1,1,1,1,1,1,1,1,1,1,1,1,3,0,3,0,15,1,1,1,1,1,1,1,1,1,1,1,1,1,1,1,1,2,0,1,1,9,1,1,1,1,1,1,1,1,1,1,1,1,1,1,1,1,1,1,1,1,1,1,1,1,1,1,1,1,1,1,15,1,1,1,1,1,1,1,1,1,1,1,1,6,1,1,1,1,1,1,1,1,1,1,1,1,1,1,1,1,1,1,1,1,1,1,1,1,12,1,1,1,1,1,1,1,1,1,1,1,1,6,1,1,1,1,1,1,2,0,1,1,1,1,5,68
ppr508,F,fifth,school1,paper,participant,1,1,1,1,1,1,1,1,1,1,1,1,1,1,1,1,2,0,1,1,1,1,1,1,1,1,1,1,1,1,1,1,1,1,16,1,1,1,1,1,1,1,1,1,1,1,1,1,1,1,1,1,1,1,1,10,1,1,1,1,1,1,1,1,1,1,1,1,1,1,1,1,1,1,1,1,1,1,1,1,1,1,1,1,1,1,15,1,1,1,1,1,1,1,1,1,1,1,1,6,1,1,1,1,1,1,3,0,1,1,1,1,1,1,1,1,1,1,1,1,1,1,1,1,11,1,1,1,1,1,1,1,1,1,1,1,1,6,1,1,1,1,1,1,2,0,2,0,2,0,3,67
ppr509,F,fifth,school1,paper,participant,1,1,1,1,1,1,1,1,1,1,1,1,1,1,1,1,1,1,1,1,1,1,1,1,1,1,1,1,1,1,1,1,1,1,17,1,1,1,1,1,1,1,1,1,1,1,1,1,1,1,1,1,1,1,1,10,1,1,1,1,1,1,1,1,1,1,1,1,1,1,1,1,1,1,1,1,1,1,1,1,1,1,1,1,1,1,15,1,1,1,1,1,1,2,0,2,0,1,1,4,1,1,1,1,1,1,1,1,1,1,1,1,1,1,1,1,1,1,1,1,1,1,1,1,12,1,1,1,1,1,1,1,1,1,1,1,1,6,1,1,1,1,1,1,2,0,1,1,1,1,5,69
ppr510,M,fifth,school1,paper,participant,1,1,1,1,1,1,1,1,1,1,1,1,1,1,1,1,1,1,1,1,1,1,1,1,1,1,1,1,1,1,1,1,1,1,17,1,1,1,1,1,1,1,1,1,1,1,1,1,1,1,1,2,0,1,1,9,1,1,1,1,1,1,1,1,1,1,1,1,1,1,1,1,1,1,1,1,1,1,1,1,1,1,1,1,1,1,15,1,1,1,1,1,1,2,0,1,1,1,1,5,1,1,1,1,1,1,1,1,1,1,1,1,1,1,1,1,1,1,1,1,1,1,1,1,12,1,1,1,1,1,1,1,1,1,1,1,1,6,1,1,1,1,1,1,2,0,1,1,1,1,5,69
ppr511,M,fifth,school1,paper,participant,1,1,1,1,1,1,1,1,3,0,1,1,1,1,1,1,1,1,1,1,1,1,1,1,1,1,1,1,1,1,1,1,3,0,15,1,1,1,1,1,1,1,1,1,1,1,1,1,1,1,1,1,1,1,1,10,1,1,1,1,1,1,1,1,1,1,1,1,1,1,1,1,1,1,1,1,1,1,1,1,1,1,1,1,1,1,15,1,1,1,1,1,1,1,1,1,1,1,1,6,1,1,1,1,1,1,1,1,1,1,1,1,1,1,1,1,1,1,1,1,1,1,1,1,12,2,0,1,1,1,1,1,1,2,0,1,1,4,1,1,1,1,1,1,1,1,3,0,1,1,5,67
ppr512,M,fifth,school1,paper,rejected,,,,,,,,,,,,,,,,,,,,,,,,,,,,,,,,,,,,,,,,,,,,,,,,,,,,,,,,,,,,,,,,,,,,,,,,,,,,,,,,,,,,,,,,,,,,,,,,,,,,,,,,,,,,,,,,,,,,,,,,,,,,,,,,,,,,,,,,,,,,,,,,,,,,,,,,
ppr513,F,fifth,school1,paper,participant,1,1,1,1,1,1,1,1,1,1,1,1,1,1,1,1,1,1,1,1,1,1,1,1,1,1,1,1,1,1,1,1,1,1,17,1,1,1,1,1,1,1,1,1,1,1,1,1,1,1,1,2,0,1,1,9,1,1,1,1,1,1,1,1,1,1,1,1,1,1,1,1,1,1,1,1,1,1,1,1,1,1,1,1,1,1,15,1,1,1,1,1,1,1,1,1,1,1,1,6,1,1,1,1,1,1,1,1,1,1,1,1,1,1,1,1,1,1,1,1,1,1,1,1,12,1,1,1,1,1,1,1,1,1,1,1,1,6,1,1,1,1,1,1,1,1,1,1,1,1,6,71
ppr514,M,fifth,school1,paper,participant,1,1,1,1,1,1,1,1,1,1,1,1,1,1,1,1,1,1,1,1,1,1,1,1,1,1,1,1,1,1,1,1,1,1,17,1,1,1,1,1,1,1,1,1,1,1,1,1,1,1,1,2,0,1,1,9,1,1,1,1,1,1,1,1,1,1,1,1,1,1,1,1,1,1,1,1,1,1,1,1,1,1,1,1,1,1,15,1,1,1,1,1,1,1,1,1,1,1,1,6,1,1,1,1,1,1,1,1,1,1,1,1,1,1,1,1,1,1,1,1,1,1,1,1,12,1,1,1,1,1,1,1,1,1,1,1,1,6,1,1,1,1,1,1,1,1,1,1,1,1,6,71
ppr515,M,fifth,school1,paper,participant,1,1,1,1,1,1,1,1,1,1,1,1,1,1,1,1,1,1,1,1,1,1,1,1,1,1,1,1,1,1,1,1,1,1,17,1,1,1,1,1,1,1,1,1,1,1,1,1,1,1,1,1,1,1,1,10,1,1,1,1,1,1,1,1,1,1,1,1,1,1,1,1,1,1,1,1,1,1,1,1,1,1,1,1,1,1,15,1,1,1,1,2,0,1,1,1,1,1,1,5,3,0,1,1,1,1,1,1,1,1,1,1,1,1,1,1,1,1,1,1,1,1,1,1,11,1,1,1,1,1,1,1,1,1,1,1,1,6,1,1,2,0,1,1,4,0,3,0,1,1,3,67
ppr516,F,fifth,school1,paper,rejected,,,,,,,,,,,,,,,,,,,,,,,,,,,,,,,,,,,,,,,,,,,,,,,,,,,,,,,,,,,,,,,,,,,,,,,,,,,,,,,,,,,,,,,,,,,,,,,,,,,,,,,,,,,,,,,,,,,,,,,,,,,,,,,,,,,,,,,,,,,,,,,,,,,,,,,,
ppr517,M,fifth,school1,paper,participant,1,1,1,1,1,1,1,1,1,1,1,1,1,1,1,1,1,1,1,1,1,1,1,1,1,1,1,1,1,1,1,1,3,0,16,1,1,1,1,1,1,1,1,1,1,1,1,1,1,1,1,1,1,1,1,10,1,1,1,1,1,1,1,1,1,1,1,1,1,1,1,1,1,1,1,1,1,1,1,1,1,1,1,1,1,1,15,1,1,1,1,1,1,1,1,1,1,1,1,6,1,1,1,1,1,1,1,1,1,1,1,1,1,1,1,1,1,1,1,1,1,1,1,1,12,1,1,1,1,1,1,1,1,1,1,1,1,6,1,1,1,1,1,1,1,1,3,0,1,1,5,70
ppr518,M,fifth,school1,paper,participant,1,1,1,1,1,1,1,1,1,1,1,1,1,1,1,1,1,1,1,1,1,1,1,1,1,1,1,1,1,1,1,1,1,1,17,1,1,1,1,1,1,1,1,1,1,1,1,1,1,1,1,2,0,1,1,9,1,1,1,1,1,1,1,1,1,1,1,1,1,1,1,1,1,1,1,1,1,1,1,1,1,1,1,1,1,1,15,1,1,1,1,1,1,1,1,1,1,1,1,6,1,1,1,1,1,1,1,1,1,1,1,1,1,1,1,1,1,1,1,1,1,1,1,1,12,1,1,1,1,1,1,1,1,1,1,1,1,6,1,1,1,1,1,1,1,1,1,1,2,0,5,70
ppr519,F,fifth,school1,paper,participant,1,1,1,1,1,1,1,1,1,1,1,1,1,1,1,1,1,1,1,1,1,1,1,1,1,1,1,1,1,1,2,0,3,0,15,1,1,1,1,1,1,1,1,1,1,1,1,1,1,1,1,3,0,1,1,9,1,1,1,1,1,1,1,1,1,1,3,0,1,1,1,1,1,1,1,1,1,1,3,0,1,1,1,1,1,1,13,1,1,1,1,1,1,2,0,1,1,1,1,5,3,0,1,1,1,1,3,0,1,1,1,1,1,1,3,0,3,0,3,0,1,1,3,0,6,1,1,1,1,1,1,1,1,1,1,1,1,6,1,1,2,0,1,1,3,0,3,0,3,0,2,56
ppr520,F,fifth,school1,paper,participant,1,1,1,1,1,1,1,1,1,1,1,1,1,1,1,1,1,1,1,1,2,0,1,1,1,1,1,1,1,1,1,1,1,1,16,1,1,1,1,1,1,1,1,1,1,1,1,1,1,1,1,2,0,1,1,9,1,1,1,1,1,1,1,1,1,1,1,1,1,1,1,1,1,1,1,1,1,1,1,1,1,1,1,1,1,1,15,2,0,1,1,1,1,2,0,1,1,1,1,4,1,1,1,1,1,1,3,0,1,1,1,1,1,1,2,0,2,0,1,1,1,1,2,0,8,1,1,1,1,2,0,1,1,1,1,2,0,4,1,1,2,0,1,1,1,1,3,0,1,1,4,60
ppr521,M,fifth,school1,paper,participant,1,1,1,1,1,1,1,1,1,1,1,1,1,1,1,1,1,1,1,1,1,1,1,1,1,1,1,1,1,1,3,0,3,0,15,1,1,1,1,1,1,1,1,1,1,1,1,2,0,1,1,4,0,1,1,8,1,1,1,1,1,1,1,1,1,1,3,0,1,1,1,1,1,1,1,1,1,1,1,1,1,1,1,1,1,1,14,1,1,1,1,1,1,2,0,1,1,1,1,5,1,1,1,1,1,1,1,1,1,1,1,1,1,1,1,1,3,0,1,1,1,1,1,1,11,2,0,1,1,2,0,1,1,2,0,1,1,3,1,1,2,0,1,1,3,0,3,0,3,0,2,58
ppr522,M,fifth,school1,paper,participant,3,0,1,1,1,1,1,1,1,1,1,1,1,1,1,1,1,1,1,1,1,1,1,1,1,1,1,1,1,1,1,1,1,1,16,1,1,1,1,1,1,1,1,1,1,1,1,1,1,1,1,1,1,1,1,10,1,1,1,1,1,1,1,1,1,1,1,1,1,1,1,1,1,1,1,1,1,1,1,1,1,1,1,1,1,1,15,1,1,1,1,1,1,2,0,1,1,1,1,5,1,1,1,1,1,1,1,1,1,1,1,1,1,1,1,1,1,1,1,1,1,1,1,1,12,1,1,1,1,1,1,1,1,1,1,1,1,6,1,1,1,1,1,1,1,1,3,0,1,1,5,69
ppr523,M,fifth,school1,paper,participant,1,1,1,1,1,1,1,1,1,1,1,1,1,1,1,1,1,1,1,1,1,1,1,1,1,1,1,1,1,1,3,0,3,0,15,1,1,1,1,1,1,1,1,1,1,1,1,1,1,1,1,1,1,1,1,10,1,1,1,1,1,1,1,1,1,1,1,1,1,1,1,1,1,1,1,1,1,1,1,1,1,1,1,1,1,1,15,1,1,1,1,1,1,1,1,1,1,1,1,6,1,1,1,1,1,1,1,1,1,1,1,1,1,1,1,1,1,1,1,1,1,1,1,1,12,1,1,1,1,1,1,1,1,1,1,1,1,6,1,1,2,0,1,1,1,1,2,0,1,1,4,68
ppr524,M,fifth,school1,paper,participant,1,1,1,1,1,1,1,1,1,1,1,1,1,1,1,1,1,1,1,1,1,1,1,1,1,1,1,1,1,1,1,1,1,1,17,2,0,1,1,1,1,1,1,1,1,1,1,1,1,1,1,2,0,1,1,8,1,1,1,1,1,1,1,1,1,1,1,1,1,1,1,1,1,1,1,1,1,1,1,1,1,1,1,1,1,1,15,1,1,1,1,1,1,2,0,2,0,1,1,4,1,1,1,1,1,1,1,1,1,1,1,1,1,1,1,1,1,1,1,1,1,1,1,1,12,1,1,1,1,1,1,1,1,1,1,1,1,6,1,1,1,1,1,1,1,1,2,0,1,1,5,67
ppr525,F,fifth,school1,paper,participant,1,1,1,1,1,1,1,1,1,1,1,1,1,1,1,1,1,1,1,1,1,1,1,1,1,1,1,1,1,1,1,1,1,1,17,1,1,1,1,1,1,1,1,1,1,1,1,1,1,1,1,1,1,1,1,10,1,1,1,1,1,1,1,1,1,1,1,1,1,1,1,1,1,1,1,1,1,1,1,1,1,1,1,1,1,1,15,1,1,1,1,1,1,1,1,1,1,1,1,6,1,1,1,1,1,1,1,1,1,1,1,1,1,1,1,1,1,1,1,1,1,1,1,1,12,1,1,1,1,1,1,1,1,1,1,1,1,6,1,1,1,1,1,1,1,1,1,1,1,1,6,72
ppr526,M,fifth,school1,paper,participant,1,1,1,1,1,1,1,1,1,1,1,1,1,1,1,1,1,1,1,1,1,1,1,1,1,1,1,1,1,1,1,1,1,1,17,1,1,1,1,1,1,1,1,1,1,1,1,1,1,1,1,1,1,1,1,10,1,1,1,1,1,1,1,1,1,1,1,1,1,1,1,1,1,1,1,1,1,1,1,1,1,1,1,1,1,1,15,1,1,1,1,1,1,1,1,2,0,1,1,5,1,1,1,1,1,1,1,1,1,1,1,1,1,1,1,1,1,1,1,1,1,1,1,1,12,1,1,1,1,1,1,1,1,1,1,1,1,6,1,1,1,1,1,1,1,1,1,1,1,1,6,71
ppr527,M,fifth,school1,paper,participant,1,1,2,0,1,1,1,1,1,1,1,1,1,1,1,1,1,1,1,1,1,1,1,1,1,1,1,1,1,1,1,1,1,1,16,1,1,1,1,1,1,1,1,1,1,1,1,1,1,1,1,1,1,1,1,10,1,1,1,1,1,1,1,1,1,1,1,1,1,1,1,1,1,1,1,1,1,1,1,1,1,1,1,1,1,1,15,1,1,1,1,1,1,1,1,1,1,1,1,6,1,1,1,1,1,1,1,1,1,1,1,1,1,1,1,1,1,1,1,1,1,1,1,1,12,1,1,1,1,1,1,1,1,1,1,1,1,6,1,1,1,1,1,1,1,1,1,1,1,1,6,71
ppr528,F,fifth,school1,paper,rejected,,,,,,,,,,,,,,,,,,,,,,,,,,,,,,,,,,,,,,,,,,,,,,,,,,,,,,,,,,,,,,,,,,,,,,,,,,,,,,,,,,,,,,,,,,,,,,,,,,,,,,,,,,,,,,,,,,,,,,,,,,,,,,,,,,,,,,,,,,,,,,,,,,,,,,,,
ppr529,F,fifth,school1,paper,rejected,,,,,,,,,,,,,,,,,,,,,,,,,,,,,,,,,,,,,,,,,,,,,,,,,,,,,,,,,,,,,,,,,,,,,,,,,,,,,,,,,,,,,,,,,,,,,,,,,,,,,,,,,,,,,,,,,,,,,,,,,,,,,,,,,,,,,,,,,,,,,,,,,,,,,,,,
ppr530,F,fifth,school1,paper,participant,1,1,1,1,1,1,1,1,1,1,1,1,1,1,1,1,1,1,1,1,1,1,1,1,1,1,1,1,1,1,1,1,1,1,17,1,1,1,1,1,1,1,1,1,1,1,1,1,1,1,1,1,1,1,1,10,1,1,1,1,1,1,1,1,1,1,1,1,1,1,1,1,1,1,1,1,1,1,1,1,1,1,1,1,1,1,15,1,1,1,1,1,1,1,1,1,1,1,1,6,1,1,1,1,1,1,1,1,1,1,1,1,1,1,1,1,1,1,1,1,1,1,2,0,11,1,1,1,1,1,1,1,1,1,1,1,1,6,1,1,1,1,1,1,1,1,2,0,1,1,5,70
ppr531,M,fifth,school1,paper,participant,1,1,1,1,1,1,1,1,1,1,1,1,1,1,1,1,1,1,1,1,1,1,1,1,1,1,1,1,1,1,1,1,1,1,17,1,1,1,1,1,1,1,1,1,1,1,1,1,1,1,1,2,0,1,1,9,1,1,1,1,1,1,1,1,1,1,1,1,1,1,1,1,1,1,1,1,1,1,1,1,1,1,1,1,1,1,15,1,1,1,1,1,1,2,0,1,1,1,1,5,1,1,1,1,1,1,1,1,1,1,1,1,1,1,1,1,1,1,1,1,1,1,1,1,12,1,1,1,1,1,1,1,1,1,1,1,1,6,1,1,1,1,1,1,1,1,2,0,1,1,5,69
ppr532,F,fifth,school1,paper,participant,1,1,1,1,1,1,1,1,2,0,1,1,1,1,1,1,1,1,1,1,1,1,1,1,1,1,1,1,1,1,1,1,2,0,15,1,1,1,1,1,1,1,1,1,1,1,1,1,1,1,1,1,1,1,1,10,1,1,1,1,1,1,1,1,1,1,1,1,1,1,1,1,1,1,1,1,1,1,1,1,1,1,1,1,1,1,15,1,1,1,1,1,1,1,1,1,1,1,1,6,1,1,1,1,1,1,1,1,1,1,1,1,1,1,1,1,1,1,1,1,1,1,1,1,12,1,1,1,1,1,1,1,1,1,1,1,1,6,1,1,1,1,1,1,3,0,1,1,1,1,5,69
ppr533,M,fifth,school1,paper,participant,1,1,1,1,1,1,1,1,1,1,1,1,1,1,1,1,1,1,1,1,1,1,1,1,1,1,1,1,1,1,1,1,1,1,17,1,1,1,1,1,1,1,1,1,1,1,1,1,1,1,1,2,0,1,1,9,1,1,1,1,1,1,1,1,1,1,1,1,1,1,1,1,1,1,1,1,1,1,1,1,1,1,1,1,1,1,15,1,1,1,1,1,1,2,0,1,1,1,1,5,1,1,1,1,1,1,1,1,1,1,1,1,1,1,1,1,1,1,1,1,1,1,1,1,12,1,1,1,1,1,1,1,1,1,1,1,1,6,1,1,1,1,1,1,1,1,1,1,1,1,6,70
ppr534,F,fifth,school1,paper,rejected,,,,,,,,,,,,,,,,,,,,,,,,,,,,,,,,,,,,,,,,,,,,,,,,,,,,,,,,,,,,,,,,,,,,,,,,,,,,,,,,,,,,,,,,,,,,,,,,,,,,,,,,,,,,,,,,,,,,,,,,,,,,,,,,,,,,,,,,,,,,,,,,,,,,,,,,
ppr535,M,fifth,school1,paper,participant,1,1,1,1,1,1,1,1,1,1,1,1,1,1,1,1,1,1,1,1,1,1,1,1,1,1,1,1,1,1,1,1,1,1,17,1,1,1,1,1,1,1,1,1,1,1,1,1,1,1,1,2,0,1,1,9,1,1,1,1,1,1,1,1,1,1,1,1,1,1,1,1,1,1,1,1,1,1,1,1,1,1,1,1,1,1,15,1,1,1,1,1,1,1,1,1,1,1,1,6,1,1,1,1,1,1,1,1,1,1,1,1,1,1,1,1,1,1,1,1,1,1,1,1,12,1,1,1,1,1,1,1,1,1,1,1,1,6,1,1,1,1,1,1,1,1,2,0,1,1,5,70
ppr536,M,fifth,school1,paper,participant,1,1,1,1,1,1,1,1,1,1,1,1,1,1,1,1,1,1,1,1,1,1,1,1,1,1,1,1,1,1,1,1,1,1,17,1,1,1,1,1,1,1,1,1,1,1,1,1,1,1,1,2,0,1,1,9,1,1,1,1,1,1,1,1,1,1,1,1,1,1,1,1,1,1,1,1,1,1,1,1,1,1,1,1,1,1,15,1,1,1,1,1,1,1,1,1,1,1,1,6,1,1,1,1,1,1,1,1,1,1,1,1,1,1,1,1,1,1,1,1,1,1,1,1,12,1,1,1,1,1,1,1,1,1,1,1,1,6,1,1,1,1,1,1,1,1,2,0,2,0,4,69
ppr537,F,fifth,school1,paper,rejected,,,,,,,,,,,,,,,,,,,,,,,,,,,,,,,,,,,,,,,,,,,,,,,,,,,,,,,,,,,,,,,,,,,,,,,,,,,,,,,,,,,,,,,,,,,,,,,,,,,,,,,,,,,,,,,,,,,,,,,,,,,,,,,,,,,,,,,,,,,,,,,,,,,,,,,,
ppr538,F,fifth,school1,paper,rejected,,,,,,,,,,,,,,,,,,,,,,,,,,,,,,,,,,,,,,,,,,,,,,,,,,,,,,,,,,,,,,,,,,,,,,,,,,,,,,,,,,,,,,,,,,,,,,,,,,,,,,,,,,,,,,,,,,,,,,,,,,,,,,,,,,,,,,,,,,,,,,,,,,,,,,,,
pprk01,M,kinder,school1,paper,atypical,4,0,4,0,4,0,4,0,4,0,4,0,4,0,4,0,4,0,4,0,4,0,4,0,4,0,4,0,4,0,4,0,4,0,0,1,1,1,1,4,0,4,0,4,0,4,0,4,0,4,0,4,0,4,0,2,1,1,1,1,1,1,1,1,1,1,1,1,1,1,1,1,1,1,1,1,1,1,2,0,1,1,1,1,1,1,14,4,0,4,0,4,0,4,0,4,0,4,0,0,2,0,1,1,1,1,1,1,1,1,1,1,1,1,1,1,1,1,1,1,1,1,2,0,10,4,0,4,0,4,0,4,0,4,0,4,0,0,4,0,4,0,4,0,4,0,4,0,4,0,0,26
pprk02,F,kinder,school1,paper,participant,1,1,3,0,1,1,1,1,1,1,1,1,1,1,1,1,1,1,2,0,1,1,1,1,2,0,1,1,2,0,3,0,1,1,12,1,1,1,1,1,1,1,1,2,0,1,1,1,1,2,0,2,0,1,1,7,1,1,1,1,1,1,1,1,1,1,1,1,1,1,1,1,1,1,1,1,1,1,1,1,1,1,1,1,1,1,15,1,1,1,1,1,1,2,0,1,1,1,1,5,1,1,1,1,1,1,1,1,1,1,1,1,1,1,1,1,1,1,1,1,1,1,1,1,12,1,1,1,1,1,1,1,1,1,1,1,1,6,1,1,1,1,1,1,2,0,1,1,1,1,5,62
pprk03,F,kinder,school1,paper,participant,3,0,3,0,3,0,1,1,1,1,1,1,1,1,1,1,1,1,1,1,1,1,1,1,3,0,1,1,1,1,3,0,3,0,11,3,0,3,0,3,0,1,1,3,0,3,0,3,0,3,0,3,0,1,1,2,1,1,1,1,1,1,1,1,1,1,3,0,3,0,3,0,3,0,3,0,3,0,3,0,3,0,3,0,3,0,5,1,1,1,1,1,1,2,0,1,1,1,1,5,3,0,3,0,3,0,3,0,3,0,3,0,3,0,3,0,3,0,3,0,3,0,3,0,0,1,1,3,0,3,0,1,1,3,0,3,0,2,3,0,2,0,1,1,3,0,1,1,3,0,2,27
pprk04,M,kinder,school1,paper,participant,1,1,1,1,1,1,1,1,1,1,1,1,1,1,1,1,1,1,1,1,1,1,1,1,1,1,1,1,1,1,1,1,2,0,16,1,1,1,1,1,1,1,1,1,1,1,1,1,1,1,1,2,0,1,1,9,1,1,1,1,1,1,1,1,1,1,1,1,1,1,1,1,1,1,1,1,1,1,1,1,1,1,1,1,1,1,15,1,1,1,1,1,1,2,0,1,1,1,1,5,1,1,1,1,1,1,1,1,1,1,1,1,1,1,1,1,1,1,1,1,1,1,1,1,12,1,1,1,1,1,1,1,1,1,1,1,1,6,1,1,1,1,1,1,1,1,3,0,1,1,5,68
pprk05,M,kinder,school1,paper,participant,1,1,1,1,1,1,1,1,1,1,1,1,1,1,1,1,1,1,1,1,1,1,1,1,1,1,1,1,1,1,1,1,1,1,17,1,1,1,1,1,1,1,1,1,1,1,1,1,1,1,1,2,0,1,1,9,1,1,1,1,1,1,1,1,1,1,1,1,3,0,1,1,1,1,2,0,3,0,1,1,2,0,1,1,2,0,10,1,1,1,1,1,1,1,1,1,1,1,1,6,3,0,1,1,1,1,3,0,2,0,1,1,3,0,1,1,1,1,1,1,1,1,2,0,7,1,1,1,1,1,1,1,1,2,0,1,1,5,1,1,1,1,1,1,2,0,1,1,1,1,5,59
pprk06,F,kinder,school1,paper,participant,2,0,1,1,1,1,1,1,2,0,1,1,2,0,1,1,1,1,1,1,1,1,1,1,1,1,1,1,1,1,3,0,3,0,12,1,1,2,0,2,0,2,0,2,0,1,1,2,0,2,0,3,0,2,0,2,1,1,1,1,1,1,1,1,1,1,2,0,1,1,2,0,3,0,1,1,3,0,3,0,3,0,3,0,1,1,8,1,1,1,1,1,1,1,1,1,1,1,1,6,2,0,2,0,1,1,2,0,2,0,2,0,3,0,2,0,2,0,1,1,1,1,1,1,4,1,1,1,1,1,1,1,1,1,1,1,1,6,1,1,2,0,1,1,2,0,2,0,1,1,3,41
pprk07,M,kinder,school1,paper,participant,4,0,1,1,1,1,1,1,3,0,1,1,1,1,2,0,1,1,1,1,1,1,1,1,2,0,1,1,1,1,2,0,2,0,11,1,1,1,1,3,0,3,0,3,0,1,1,3,0,3,0,3,0,1,1,4,1,1,1,1,1,1,1,1,1,1,1,1,1,1,2,0,1,1,2,0,3,0,2,0,3,0,3,0,1,1,9,3,0,1,1,1,1,1,1,1,1,1,1,5,3,0,3,0,3,0,2,0,2,0,3,0,3,0,3,0,3,0,3,0,1,1,3,0,1,2,0,1,1,2,0,1,1,3,0,1,1,3,1,1,2,0,1,1,1,1,2,0,1,1,4,37
pprk08,F,kinder,school1,paper,participant,1,1,1,1,1,1,1,1,2,0,1,1,1,1,1,1,1,1,1,1,1,1,2,0,2,0,1,1,1,1,2,0,2,0,12,1,1,1,1,1,1,1,1,1,1,1,1,1,1,2,0,2,0,1,1,8,1,1,1,1,1,1,1,1,1,1,2,0,1,1,1,1,1,1,1,1,1,1,1,1,2,0,1,1,1,1,13,1,1,1,1,1,1,1,1,1,1,1,1,6,2,0,2,0,1,1,1,1,1,1,2,0,2,0,2,0,2,0,1,1,1,1,1,1,6,1,1,1,1,1,1,1,1,2,0,1,1,5,1,1,2,0,1,1,1,1,1,1,1,1,5,55
pprk09,M,kinder,school1,paper,participant,1,1,1,1,1,1,1,1,1,1,1,1,1,1,1,1,1,1,1,1,1,1,2,0,1,1,1,1,2,0,1,1,1,1,15,1,1,2,0,2,0,2,0,2,0,1,1,1,1,2,0,2,0,1,1,4,1,1,1,1,1,1,1,1,1,1,4,0,1,1,2,0,1,1,3,0,3,0,2,0,2,0,1,1,1,1,9,1,1,1,1,2,0,1,1,2,0,1,1,4,2,0,1,1,2,0,2,0,1,1,2,0,1,1,2,0,3,0,3,0,1,1,2,0,4,1,1,1,1,1,1,1,1,2,0,1,1,5,1,1,1,1,1,1,2,0,1,1,2,0,4,45
pprk10,M,kinder,school1,paper,rejected,,,,,,,,,,,,,,,,,,,,,,,,,,,,,,,,,,,,,,,,,,,,,,,,,,,,,,,,,,,,,,,,,,,,,,,,,,,,,,,,,,,,,,,,,,,,,,,,,,,,,,,,,,,,,,,,,,,,,,,,,,,,,,,,,,,,,,,,,,,,,,,,,,,,,,,,
pprk11,F,kinder,school1,paper,rejected,,,,,,,,,,,,,,,,,,,,,,,,,,,,,,,,,,,,,,,,,,,,,,,,,,,,,,,,,,,,,,,,,,,,,,,,,,,,,,,,,,,,,,,,,,,,,,,,,,,,,,,,,,,,,,,,,,,,,,,,,,,,,,,,,,,,,,,,,,,,,,,,,,,,,,,,
pprk12,M,kinder,school1,paper,participant,1,1,1,1,1,1,1,1,1,1,1,1,1,1,1,1,1,1,1,1,2,0,2,0,1,1,1,1,1,1,3,0,1,1,14,1,1,1,1,1,1,3,0,1,1,1,1,2,0,2,0,3,0,1,1,6,1,1,1,1,1,1,1,1,1,1,3,0,1,1,1,1,1,1,1,1,3,0,1,1,3,0,3,0,3,0,10,1,1,1,1,1,1,1,1,1,1,1,1,6,3,0,3,0,3,0,3,0,3,0,3,0,3,0,3,0,3,0,3,0,1,1,3,0,1,2,0,1,1,2,0,1,1,2,0,1,1,3,2,0,1,1,1,1,3,0,2,0,1,1,3,43
pprk13,M,kinder,school1,paper,participant,3,0,3,0,3,0,3,0,3,0,2,0,3,0,3,0,3,0,4,0,4,0,4,0,3,0,4,0,4,0,4,0,4,0,0,1,1,4,0,4,0,4,0,4,0,1,1,4,0,4,0,4,0,3,0,2,1,1,1,1,1,1,1,1,1,1,1,1,1,1,3,0,3,0,1,1,3,0,3,0,3,0,2,0,2,0,8,4,0,4,0,4,0,4,0,4,0,4,0,0,3,0,3,0,3,0,3,0,3,0,3,0,4,0,2,0,3,0,1,1,1,1,3,0,2,3,0,3,0,3,0,4,0,4,0,4,0,0,4,0,4,0,4,0,4,0,4,0,4,0,0,12
pprk14,M,kinder,school1,paper,participant,1,1,2,0,2,0,1,1,1,1,3,0,1,1,1,1,1,1,1,1,1,1,3,0,3,0,1,1,1,1,3,0,3,0,10,1,1,3,0,1,1,3,0,3,0,1,1,1,1,3,0,3,0,1,1,5,1,1,1,1,1,1,1,1,1,1,1,1,1,1,1,1,1,1,1,1,1,1,1,1,1,1,1,1,1,1,15,1,1,1,1,1,1,1,1,1,1,1,1,6,1,1,3,0,1,1,3,0,3,0,1,1,1,1,3,0,1,1,1,1,1,1,3,0,7,3,0,1,1,1,1,1,1,1,1,1,1,5,1,1,1,1,1,1,2,0,3,0,3,0,3,51
pprk15,M,kinder,school1,paper,participant,2,0,1,1,1,1,1,1,1,1,1,1,1,1,1,1,2,0,1,1,1,1,1,1,1,1,1,1,1,1,2,0,3,0,13,1,1,1,1,1,1,1,1,1,1,1,1,1,1,1,1,2,0,1,1,9,1,1,1,1,1,1,1,1,1,1,1,1,3,0,1,1,3,0,3,0,3,0,2,0,3,0,1,1,1,1,9,1,1,1,1,1,1,1,1,1,1,2,0,5,3,0,2,0,2,0,1,1,1,1,2,0,2,0,2,0,2,0,3,0,1,1,1,1,4,1,1,1,1,1,1,1,1,1,1,1,1,6,1,1,1,1,1,1,2,0,1,1,1,1,5,51
pprk16,F,kinder,school1,paper,participant,1,1,1,1,1,1,1,1,3,0,1,1,1,1,1,1,1,1,1,1,1,1,1,1,1,1,1,1,1,1,1,1,1,1,16,1,1,1,1,1,1,1,1,2,0,1,1,2,0,1,1,2,0,3,0,6,1,1,1,1,1,1,1,1,1,1,1,1,1,1,1,1,1,1,1,1,1,1,1,1,1,1,1,1,1,1,15,1,1,1,1,1,1,1,1,2,0,1,1,5,1,1,3,0,3,0,1,1,1,1,1,1,1,1,3,0,1,1,1,1,1,1,1,1,9,1,1,1,1,1,1,1,1,1,1,1,1,6,1,1,1,1,1,1,1,1,1,1,1,1,6,63
pprk17,F,kinder,school1,paper,participant,1,1,2,0,1,1,1,1,2,0,1,1,1,1,1,1,1,1,1,1,1,1,1,1,1,1,1,1,1,1,1,1,1,1,15,1,1,2,0,1,1,3,0,3,0,1,1,3,0,3,0,3,0,1,1,4,1,1,2,0,1,1,1,1,2,0,3,0,3,0,3,0,3,0,3,0,3,0,3,0,3,0,3,0,3,0,3,1,1,1,1,1,1,2,0,2,0,1,1,4,3,0,3,0,3,0,3,0,3,0,3,0,3,0,3,0,3,0,3,0,3,0,3,0,0,2,0,1,1,1,1,2,0,1,1,1,1,4,1,1,1,1,1,1,2,0,2,0,1,1,4,34
pprk18,F,kinder,school1,paper,participant,1,1,1,1,2,0,1,1,1,1,1,1,1,1,1,1,1,1,1,1,1,1,2,0,2,0,1,1,1,1,2,0,2,0,12,1,1,1,1,1,1,1,1,1,1,1,1,3,0,1,1,3,0,1,1,8,1,1,1,1,1,1,1,1,1,1,1,1,1,1,1,1,1,1,1,1,1,1,1,1,1,1,1,1,1,1,15,1,1,1,1,1,1,1,1,1,1,1,1,6,1,1,1,1,1,1,1,1,2,0,1,1,2,0,2,0,2,0,1,1,1,1,1,1,8,1,1,1,1,1,1,2,0,2,0,2,0,3,1,1,1,1,1,1,1,1,1,1,1,1,6,58
pprk19,F,kinder,school1,paper,participant,1,1,3,0,3,0,3,0,2,0,1,1,1,1,1,1,1,1,1,1,1,1,2,0,2,0,2,0,1,1,2,0,2,0,8,1,1,2,0,2,0,2,0,2,0,3,0,2,0,2,0,2,0,2,0,1,1,1,2,0,1,1,1,1,2,0,3,0,3,0,3,0,3,0,3,0,3,0,3,0,3,0,1,1,2,0,4,1,1,1,1,1,1,1,1,2,0,2,0,4,3,0,3,0,1,1,3,0,3,0,3,0,3,0,3,0,3,0,3,0,1,1,1,1,3,1,1,1,1,1,1,1,1,1,1,1,1,6,1,1,1,1,1,1,1,1,3,0,2,0,4,29
