"id","sex","grade","school","ed_level","attendence","condition2","cond_grade2","time","corsi","hnf","dccs","woodcock","tejas","time_lab","ed_level_c"
"ctl501","M","fifth","school4",3,0,"control","control_fifth",0,5,7.29842219181236,6.52844585037004,68,70,"pre",2
"ctl501","M","fifth","school4",3,0,"control","control_fifth",1,9,4.3895743100337,5.86813827290732,63,66,"post",2
"ctl502","M","fifth","school4",3,0,"control","control_fifth",0,7,6.42349217618143,7.22888773522295,62,60,"pre",2
"ctl502","M","fifth","school4",3,0,"control","control_fifth",1,3,5.32624196255276,7.49173698106465,65,61,"post",2
"ctl503","M","fifth","school4",3,0,"control","control_fifth",0,5,8.07148037438175,6.83340063453467,72,68,"pre",2
"ctl503","M","fifth","school4",3,0,"control","control_fifth",1,7,8.20836653420144,8.41929249644755,72,70,"post",2
"ctl504","M","fifth","school4",2,0,"control","control_fifth",0,7,8.49223786902379,6.99308805018901,61,65,"pre",1
"ctl504","M","fifth","school4",2,0,"control","control_fifth",1,6,6.73740199186042,7.32784089268595,65,70,"post",1
"ctl506","F","fifth","school4",3,0,"control","control_fifth",0,7,8.32477304049712,7.2962800012137,64,67,"pre",2
"ctl506","F","fifth","school4",3,0,"control","control_fifth",1,5,7.19480268542695,3.54166666666667,67,65,"post",2
"ctl507","M","fifth","school4",3,0,"control","control_fifth",0,5,3.42776102281261,8.56150084498029,45,43,"pre",2
"ctl507","M","fifth","school4",3,0,"control","control_fifth",1,6,3.6984285480395,7.92395824333279,47,45,"post",2
"ctl508","M","fifth","school4",2,0,"control","control_fifth",0,7,6.14020214338286,8.08112636857421,64,62,"pre",1
"ctl508","M","fifth","school4",2,0,"control","control_fifth",1,5,6.50522849272541,7.99467062052156,67,63,"post",1
"ctl509","M","fifth","school4",2,0,"control","control_fifth",0,7,6.62854028833238,6.36187875701694,65,55,"pre",1
"ctl509","M","fifth","school4",2,0,"control","control_fifth",1,7,7.33362203655303,6.08761839959198,67,65,"post",1
"ctl510","M","fifth","school4",4,0,"control","control_fifth",0,16,8.36473430514767,7.21051192168148,65,58,"pre",3
"ctl510","M","fifth","school4",4,0,"control","control_fifth",1,18,8.1662399499519,7.8306561615285,65,68,"post",3
"ctl511","F","fifth","school4",3,0,"control","control_fifth",0,6,7.98958047863652,6.9104955580841,69,66,"pre",2
"ctl511","F","fifth","school4",3,0,"control","control_fifth",1,8,7.9976187328807,7.23694203027949,70,68,"post",2
"ctl512","F","fifth","school4",3,0,"control","control_fifth",0,6,5.16650283815304,7.17303916168427,61,60,"pre",2
"ctl512","F","fifth","school4",3,0,"control","control_fifth",1,2,3.39396836347999,6.62667280451654,62,69,"post",2
"ctl514","M","fifth","school4",1,0,"control","control_fifth",0,6,8.44612966357568,7.20463570355969,63,67,"pre",0
"ctl514","M","fifth","school4",1,0,"control","control_fifth",1,6,8.55875575857014,7.00260866073201,65,67,"post",0
"ctl518","M","fifth","school4",3,0,"control","control_fifth",0,9,8.32386199472853,7.67904909911514,70,65,"pre",2
"ctl518","M","fifth","school4",3,0,"control","control_fifth",1,17,8.04675621398112,8.04211650329843,65,70,"post",2
"ctl519","M","fifth","school4",3,0,"control","control_fifth",0,6,7.67607530966049,3.75,66,70,"pre",2
"ctl519","M","fifth","school4",3,0,"control","control_fifth",1,6,6.82619850738704,6.382411601959,66,69,"post",2
"ctl520","F","fifth","school4",3,0,"control","control_fifth",0,6,7.27366128370619,6.77472440155094,65,71,"pre",2
"ctl520","F","fifth","school4",3,0,"control","control_fifth",1,5,6.3169612101663,7.95628847986847,70,70,"post",2
"ctl521","M","fifth","school4",4,0,"control","control_fifth",0,7,7.76504218057678,8.09008344053309,71,71,"pre",3
"ctl521","M","fifth","school4",4,0,"control","control_fifth",1,17,7.69241022399348,6.7998848331768,72,68,"post",3
"ctl522","M","fifth","school4",3,0,"control","control_fifth",0,0,2.71464646464646,5.54297869650809,66,64,"pre",2
"ctl522","M","fifth","school4",3,0,"control","control_fifth",1,1,2.57575757575758,6.59815264637841,67,62,"post",2
"ctl523","F","fifth","school4",3,0,"control","control_fifth",0,9,7.56089109200823,6.6810091634426,70,70,"pre",2
"ctl523","F","fifth","school4",3,0,"control","control_fifth",1,8,6.32659031925414,7.73457117300001,72,72,"post",2
"ctl524","M","fifth","school4",3,0,"control","control_fifth",0,6,5.94802721781043,5.75658515796251,52,50,"pre",2
"ctl524","M","fifth","school4",3,0,"control","control_fifth",1,7,5.18607370788025,3.75,50,49,"post",2
"ctl525","M","fifth","school4",3,0,"control","control_fifth",0,3,7.83561941540355,6.64024744694115,70,69,"pre",2
"ctl525","M","fifth","school4",3,0,"control","control_fifth",1,6,8.15674885943657,6.68529982692833,71,69,"post",2
"ctlk02","F","kinder","school4",2,0,"control","control_kinder",0,2,3.11868686868687,5.29688053501313,34,35,"pre",1
"ctlk02","F","kinder","school4",2,0,"control","control_kinder",1,0,4.21981733281043,5.90794984054009,44,34,"post",1
"ctlk03","M","kinder","school4",3,0,"control","control_kinder",0,4,6.01463887990958,5.66368915808404,55,40,"pre",2
"ctlk03","M","kinder","school4",3,0,"control","control_kinder",1,3,7.59184334214528,5.69237562720497,46,39,"post",2
"ctlk04","F","kinder","school4",3,0,"control","control_kinder",0,6,5.31025558621842,6.77661822797772,48,42,"pre",2
"ctlk04","F","kinder","school4",3,0,"control","control_kinder",1,2,4.24192030590623,6.61386479620651,52,53,"post",2
"ctlk05","F","kinder","school4",3,0,"control","control_kinder",0,2,4.55604263117662,6.65095975619106,59,62,"pre",2
"ctlk05","F","kinder","school4",3,0,"control","control_kinder",1,2,6.3313936242555,3.75,59,61,"post",2
"ctlk06","M","kinder","school4",1,0,"control","control_kinder",0,0,3.21806507922712,3.125,25,23,"pre",0
"ctlk06","M","kinder","school4",1,0,"control","control_kinder",1,0,3.93026359606551,3.95833333333333,45,23,"post",0
"ctlk07","M","kinder","school4",2,0,"control","control_kinder",0,5,4.43922558867745,5.53555309176923,60,46,"pre",1
"ctlk07","M","kinder","school4",2,0,"control","control_kinder",1,5,5.74970014598211,6.37994123854368,57,56,"post",1
"ctlk08","M","kinder","school4",3,0,"control","control_kinder",0,2,5.50678989181153,5,57,37,"pre",2
"ctlk08","M","kinder","school4",3,0,"control","control_kinder",1,4,3.3459595959596,4.79166666666667,56,52,"post",2
"ctlk09","M","kinder","school4",3,0,"control","control_kinder",0,2,4.25461586665904,3.95833333333333,57,33,"pre",2
"ctlk09","M","kinder","school4",3,0,"control","control_kinder",1,1,4.12329392051327,3.54166666666667,44,36,"post",2
"ctlk10","M","kinder","school4",4,0,"control","control_kinder",0,7,5.49182031581988,5.70192257103253,62,63,"pre",3
"ctlk10","M","kinder","school4",4,0,"control","control_kinder",1,7,5.5511352035152,5.51860391000718,67,68,"post",3
"ctlk11","M","kinder","school4",1,0,"control","control_kinder",0,4,2.51262626262626,5.66988372159114,52,43,"pre",0
"ctlk11","M","kinder","school4",1,0,"control","control_kinder",1,5,5.89385220579298,5.78671531212326,60,49,"post",0
"ctlk12","M","kinder","school4",2,0,"control","control_kinder",0,4,3.88625881224798,3.95833333333333,30,25,"pre",1
"ctlk12","M","kinder","school4",2,0,"control","control_kinder",1,4,2.44949494949495,4.99417904090321,58,44,"post",1
"ctlk13","F","kinder","school4",3,0,"control","control_kinder",0,2,1.67929292929293,5.15884706730236,47,41,"pre",2
"ctlk13","F","kinder","school4",3,0,"control","control_kinder",1,2,3.04454887994737,5.15990137416533,47,50,"post",2
"ctlk14","M","kinder","school4",3,0,"control","control_kinder",0,3,4.00795930475291,5.09881670200739,34,52,"pre",2
"ctlk14","M","kinder","school4",3,0,"control","control_kinder",1,1,4.35732201850105,4.51715769363151,61,67,"post",2
"ctlk15","M","kinder","school4",2,0,"control","control_kinder",0,2,1.93181818181818,5.78964598486187,36,38,"pre",1
"ctlk15","M","kinder","school4",2,0,"control","control_kinder",1,3,3.53570247284789,3.54166666666667,56,52,"post",1
"ctlk16","F","kinder","school4",2,0,"control","control_kinder",0,1,4.09914448991094,6.40617418123236,41,32,"pre",1
"ctlk16","F","kinder","school4",2,0,"control","control_kinder",1,6,5.71427945479042,6.57515796426015,46,43,"post",1
"ctlk17","F","kinder","school4",3,0,"control","control_kinder",0,6,5.66883140863417,5.64194524141255,59,52,"pre",2
"ctlk17","F","kinder","school4",3,0,"control","control_kinder",1,7,7.13913469257891,5,62,55,"post",2
"ctlk18","M","kinder","school4",4,0,"control","control_kinder",0,0,4.3942482004854,3.54166666666667,22,20,"pre",3
"ctlk18","M","kinder","school4",4,0,"control","control_kinder",1,0,3.13131313131313,3.95833333333333,29,23,"post",3
"ctl2k01","M","kinder","school5",3,0,"control","control_kinder",0,4,4.26596558963615,6.65779815342709,49,30,"pre",2
"ctl2k01","M","kinder","school5",3,0,"control","control_kinder",1,5,5.54275546708506,5.44750534933967,54,27,"post",2
"ctl2k02","M","kinder","school5",3,0,"control","control_kinder",0,2,3.66283539862364,6.06665260754457,31,30,"pre",2
"ctl2k02","M","kinder","school5",3,0,"control","control_kinder",1,3,4.17606959548484,3.95833333333333,42,28,"post",2
"ctl2k03","F","kinder","school5",1,0,"control","control_kinder",0,4,1.80555555555556,5.79165216105839,28,15,"pre",0
"ctl2k03","F","kinder","school5",1,0,"control","control_kinder",1,3,3.75269072155031,5.99235859662898,30,15,"post",0
"ctl2k04","M","kinder","school5",2,0,"control","control_kinder",0,3,3.92154882100068,3.75,55,48,"pre",1
"ctl2k04","M","kinder","school5",2,0,"control","control_kinder",1,6,5.08076371846054,5.78053146287318,54,59,"post",1
"ctl2k05","M","kinder","school5",3,0,"control","control_kinder",0,1,7.18566714175701,6.5423465173841,61,34,"pre",2
"ctl2k05","M","kinder","school5",3,0,"control","control_kinder",1,2,4.57256713358252,6.52671312561225,48,38,"post",2
"ctl2k06","F","kinder","school5",3,0,"control","control_kinder",0,3,4.27153951022211,6.25932812069719,53,41,"pre",2
"ctl2k06","F","kinder","school5",3,0,"control","control_kinder",1,4,7.32746328948705,6.85116493465107,48,33,"post",2
"ctl2k07","M","kinder","school5",3,0,"control","control_kinder",0,3,4.17272321335609,5.23208316202796,57,44,"pre",2
"ctl2k07","M","kinder","school5",3,0,"control","control_kinder",1,6,4.66767013549878,4.85850382096627,60,50,"post",2
"ctl2k08","F","kinder","school5",3,0,"control","control_kinder",0,0,4.40850983305743,6.30455659059997,28,27,"pre",2
"ctl2k08","F","kinder","school5",3,0,"control","control_kinder",1,4,5.66760187041154,3.75,37,27,"post",2
"ctl2k09","F","kinder","school5",3,0,"control","control_kinder",0,3,5.40046848925774,5.98873781296579,44,33,"pre",2
"ctl2k09","F","kinder","school5",3,0,"control","control_kinder",1,2,6.47444405134543,6.09701575694296,52,35,"post",2
"ctl2k10","M","kinder","school5",2,0,"control","control_kinder",0,0,2.61363636363636,3.75,47,11,"pre",1
"ctl2k10","M","kinder","school5",2,0,"control","control_kinder",1,1,2.15909090909091,5.02456570423579,47,12,"post",1
"ctl2k11","M","kinder","school5",2,0,"control","control_kinder",0,0,3.59970408549233,4.58333333333333,45,4,"pre",1
"ctl2k11","M","kinder","school5",2,0,"control","control_kinder",1,2,2.0959595959596,3.95833333333333,36,19,"post",1
"ctl2k12","F","kinder","school5",3,0,"control","control_kinder",0,2,3.63632632593036,6.26507825447113,29,40,"pre",2
"ctl2k12","F","kinder","school5",3,0,"control","control_kinder",1,2,2.82828282828283,5.60439842285384,29,50,"post",2
"ctl2k14","F","kinder","school5",2,0,"control","control_kinder",0,3,6.13741063236298,6.17152335886199,54,42,"pre",1
"ctl2k14","F","kinder","school5",2,0,"control","control_kinder",1,4,5.4223152338925,6.53778755304799,43,35,"post",1
"ctl2k15","M","kinder","school5",2,0,"control","control_kinder",0,2,3.45974082695407,7.1683373018815,60,28,"pre",1
"ctl2k15","M","kinder","school5",2,0,"control","control_kinder",1,4,5.20825540062566,7.94958846912827,62,40,"post",1
"dig501","M","fifth","school2",4,22,"digital","digital_fifth",0,11,7.99397336012003,8.31820261662822,70,69,"pre",3
"dig501","M","fifth","school2",4,22,"digital","digital_fifth",1,17,8.14487153754973,8.09660212513239,72,69,"post",3
"dig503","F","fifth","school2",2,20,"digital","digital_fifth",0,4,7.4301930746129,5.85474289901654,64,69,"pre",1
"dig503","F","fifth","school2",2,20,"digital","digital_fifth",1,6,7.7062773520643,7.07250928172869,68,72,"post",1
"dig504","M","fifth","school2",2,23,"digital","digital_fifth",0,4,2.53787878787879,7.65276513751095,63,63,"pre",1
"dig504","M","fifth","school2",2,23,"digital","digital_fifth",1,5,8.27842494641763,6.57740417862843,67,68,"post",1
"dig505","M","fifth","school2",3,20,"digital","digital_fifth",0,10,8.22251248157255,5.35665176753537,70,67,"pre",2
"dig505","M","fifth","school2",3,20,"digital","digital_fifth",1,7,8.4338847560334,7.64795591075793,71,70,"post",2
"dig506","F","fifth","school2",3,17,"digital","digital_fifth",0,7,7.45505951911702,7.20153471909264,68,62,"pre",2
"dig506","F","fifth","school2",3,17,"digital","digital_fifth",1,5,7.82887920189815,7.81503070583165,68,66,"post",2
"dig507","M","fifth","school2",2,24,"digital","digital_fifth",0,4,7.95314827222086,7.70799427561277,68,61,"pre",1
"dig507","M","fifth","school2",2,24,"digital","digital_fifth",1,8,8.03242757891045,3.95833333333333,70,67,"post",1
"dig508","M","fifth","school2",2,19,"digital","digital_fifth",0,6,7.769625797542,7.55113701325014,70,66,"pre",1
"dig508","M","fifth","school2",2,19,"digital","digital_fifth",1,6,8.3813869479976,6.97077909238807,68,68,"post",1
"dig509","F","fifth","school2",4,24,"digital","digital_fifth",0,9,8.04085841528254,7.59143450965744,71,65,"pre",3
"dig509","F","fifth","school2",4,24,"digital","digital_fifth",1,5,7.97858167629508,8.17576422423751,68,70,"post",3
"dig510","F","fifth","school2",2,24,"digital","digital_fifth",0,8,7.443527962678,6.7408534824268,69,64,"pre",1
"dig510","F","fifth","school2",2,24,"digital","digital_fifth",1,15,8.23298656622228,7.03137750453029,69,69,"post",1
"dig512","F","fifth","school2",2,23,"digital","digital_fifth",0,8,8.07519351180231,7.43079052744701,71,65,"pre",1
"dig512","F","fifth","school2",2,23,"digital","digital_fifth",1,18,8.17967327715972,8.09378196002853,65,67,"post",1
"dig513","F","fifth","school2",3,20,"digital","digital_fifth",0,6,7.87477079929544,7.0598315766365,67,67,"pre",2
"dig513","F","fifth","school2",3,20,"digital","digital_fifth",1,6,7.93942486750429,7.53120440612554,67,70,"post",2
"dig514","F","fifth","school2",3,18,"digital","digital_fifth",0,4,4.29580735372325,6.32051418820897,66,62,"pre",2
"dig514","F","fifth","school2",3,18,"digital","digital_fifth",1,4,6.69840784465993,7.46433123330683,68,70,"post",2
"dig516","M","fifth","school2",2,19,"digital","digital_fifth",0,5,6.46609445652616,6.80748039306876,70,54,"pre",1
"dig516","M","fifth","school2",2,19,"digital","digital_fifth",1,8,7.90495969178501,6.73012969394348,70,66,"post",1
"dig517","M","fifth","school2",4,24,"digital","digital_fifth",0,7,7.17431269574545,8.29129151321152,71,67,"pre",3
"dig517","M","fifth","school2",4,24,"digital","digital_fifth",1,5,7.88729205825531,8.29129151321152,65,71,"post",3
"dig518","M","fifth","school2",3,21,"digital","digital_fifth",0,6,8.05287010186019,6.25035835275715,62,61,"pre",2
"dig518","M","fifth","school2",3,21,"digital","digital_fifth",1,5,8.39108510537378,7.0911255781912,71,71,"post",2
"dig520","M","fifth","school2",3,23,"digital","digital_fifth",0,6,7.8464061857302,6.70147160624066,72,66,"pre",2
"dig520","M","fifth","school2",3,23,"digital","digital_fifth",1,9,8.16803376099332,7.79940785067152,72,71,"post",2
"dig521","M","fifth","school2",3,23,"digital","digital_fifth",0,6,7.76557013988699,6.68185877621602,51,66,"pre",2
"dig521","M","fifth","school2",3,23,"digital","digital_fifth",1,16,7.7890402691494,7.08617118677002,69,69,"post",2
"dig522","M","fifth","school2",2,22,"digital","digital_fifth",0,7,8.05638073652747,8.09008344053309,71,69,"pre",1
"dig522","M","fifth","school2",2,22,"digital","digital_fifth",1,6,7.95905143030559,7.84838943937826,69,69,"post",1
"dig523","M","fifth","school2",2,16,"digital","digital_fifth",0,8,8.44388225355755,7.82781383919201,65,61,"pre",1
"dig523","M","fifth","school2",2,16,"digital","digital_fifth",1,6,7.94239899890619,7.63836225065904,67,66,"post",1
"dig524","F","fifth","school2",1,21,"digital","digital_fifth",0,8,7.73034880289897,6.93645615690426,68,70,"pre",0
"dig524","F","fifth","school2",1,21,"digital","digital_fifth",1,15,7.86652639750888,7.62284255687017,67,64,"post",0
"dig526","M","fifth","school2",2,16,"digital","digital_fifth",0,7,7.33776172330968,6.15127329453155,65,54,"pre",1
"dig526","M","fifth","school2",2,16,"digital","digital_fifth",1,5,7.85328894489235,7.01375047075708,69,63,"post",1
"dig527","M","fifth","school2",2,23,"digital","digital_fifth",0,18,7.75922314661376,6.89554422348152,70,65,"pre",1
"dig527","M","fifth","school2",2,23,"digital","digital_fifth",1,18,8.22540970864343,7.44632265865173,68,70,"post",1
"dig529","M","fifth","school2",1,18,"digital","digital_fifth",0,9,8.39746474156424,8.21412844583166,62,54,"pre",0
"dig529","M","fifth","school2",1,18,"digital","digital_fifth",1,16,8.62084312896628,7.9670420697955,67,70,"post",0
"dig530","F","fifth","school2",2,21,"digital","digital_fifth",0,4,5.83274488985837,5.32336727263276,63,60,"pre",1
"dig530","F","fifth","school2",2,21,"digital","digital_fifth",1,5,7.5974332390594,7.27728221362223,66,66,"post",1
"dig533","M","fifth","school2",2,19,"digital","digital_fifth",0,9,8.40061395262532,8.32585006765379,69,65,"pre",1
"dig533","M","fifth","school2",2,19,"digital","digital_fifth",1,16,8.26392752378361,8.50615245918859,69,70,"post",1
"digk01","M","kinder","school2",2,21,"digital","digital_kinder",0,2,4.18604031504058,5.00219212073155,47,44,"pre",1
"digk01","M","kinder","school2",2,21,"digital","digital_kinder",1,3,5.61939016875735,4.99768193241119,57,42,"post",1
"digk02","F","kinder","school2",4,21,"digital","digital_kinder",0,4,5.6887123133504,6.91387464990764,61,44,"pre",3
"digk02","F","kinder","school2",4,21,"digital","digital_kinder",1,5,5.41855814071653,6.76338835427828,60,50,"post",3
"digk04","M","kinder","school2",3,20,"digital","digital_kinder",0,1,2.72727272727273,5.2693641905906,53,10,"pre",2
"digk04","M","kinder","school2",3,20,"digital","digital_kinder",1,5,4.58275999565182,6.13845704552645,40,8,"post",2
"digk05","F","kinder","school2",2,21,"digital","digital_kinder",0,0,2.41161616161616,6.19069761284315,15,15,"pre",1
"digk05","F","kinder","school2",2,21,"digital","digital_kinder",1,3,3.77595693358696,6.34077493760478,23,25,"post",1
"digk07","M","kinder","school2",3,24,"digital","digital_kinder",0,0,3.37723010012437,2.91666666666667,43,58,"pre",2
"digk07","M","kinder","school2",3,24,"digital","digital_kinder",1,5,5.47677674208183,6.31737562720497,54,55,"post",2
"digk08","F","kinder","school2",1,18,"digital","digital_kinder",0,1,2.91666666666667,5.73660988086808,68,31,"pre",0
"digk08","F","kinder","school2",1,18,"digital","digital_kinder",1,3,3.33333333333333,5.75132031720329,58,54,"post",0
"digk09","F","kinder","school2",2,18,"digital","digital_kinder",0,1,5.29818023694045,6.55456666323673,45,32,"pre",1
"digk09","F","kinder","school2",2,18,"digital","digital_kinder",1,6,5.04520646071271,6.82660594190826,51,48,"post",1
"digk10","F","kinder","school2",2,19,"digital","digital_kinder",0,4,6.12006775458813,5.87566976754289,36,30,"pre",1
"digk10","F","kinder","school2",2,19,"digital","digital_kinder",1,4,7.41222294298281,6.56373129024832,54,41,"post",1
"digk11","M","kinder","school2",2,21,"digital","digital_kinder",0,2,3.90970064908008,5.06103085725726,32,30,"pre",1
"digk11","M","kinder","school2",2,21,"digital","digital_kinder",1,3,4.08804424215454,6.70000633333933,50,20,"post",1
"digk12","F","kinder","school2",2,15,"digital","digital_kinder",0,2,4.48379179031758,3.95833333333333,36,27,"pre",1
"digk12","F","kinder","school2",2,15,"digital","digital_kinder",1,5,5.68710451710385,7.15282564592163,64,56,"post",1
"digk13","M","kinder","school2",4,24,"digital","digital_kinder",0,0,2.95283574153563,3.54166666666667,48,36,"pre",3
"digk13","M","kinder","school2",4,24,"digital","digital_kinder",1,3,3.32070707070707,6.81989206571406,52,51,"post",3
"digk14","M","kinder","school2",4,18,"digital","digital_kinder",0,3,5.39579642193832,6.11516859941453,49,37,"pre",3
"digk14","M","kinder","school2",4,18,"digital","digital_kinder",1,4,7.09075070248219,7.57679472878488,54,52,"post",3
"digk15","F","kinder","school2",2,20,"digital","digital_kinder",0,3,5.74134237639307,7.03620127951322,45,33,"pre",1
"digk15","F","kinder","school2",2,20,"digital","digital_kinder",1,6,7.83453909616526,7.69778857186372,54,56,"post",1
"digk16","M","kinder","school2",3,22,"digital","digital_kinder",0,4,4.47964078936608,5.59447914178367,48,49,"pre",2
"digk16","M","kinder","school2",3,22,"digital","digital_kinder",1,6,4.82381333167333,5,59,59,"post",2
"digk17","F","kinder","school2",2,22,"digital","digital_kinder",0,2,3.14430122003941,2.91666666666667,51,27,"pre",1
"digk17","F","kinder","school2",2,22,"digital","digital_kinder",1,3,2.96717171717172,6.3673074625301,58,56,"post",1
"digk18","M","kinder","school2",1,22,"digital","digital_kinder",0,0,2.37373737373737,2.91666666666667,50,41,"pre",0
"digk18","M","kinder","school2",1,22,"digital","digital_kinder",1,4,5.83316443823461,5.45600116588831,65,62,"post",0
"digk19","M","kinder","school2",2,22,"digital","digital_kinder",0,2,4.62327055927611,2.5,47,27,"pre",1
"digk19","M","kinder","school2",2,22,"digital","digital_kinder",1,2,5.85935608635506,6.02874057962778,59,31,"post",1
"digk20","F","kinder","school2",3,24,"digital","digital_kinder",0,3,3.07117006929544,6.59238618766837,46,36,"pre",2
"digk20","F","kinder","school2",3,24,"digital","digital_kinder",1,6,5.82712609276739,7.54651297026066,54,39,"post",2
"digk22","F","kinder","school2",2,18,"digital","digital_kinder",0,4,3.35858585858586,6.55884843137737,46,29,"pre",1
"digk22","F","kinder","school2",2,18,"digital","digital_kinder",1,6,6.14114040020047,7.00777829908589,56,37,"post",1
"digk23","M","kinder","school2",3,20,"digital","digital_kinder",0,0,1.84343434343434,3.95833333333333,31,27,"pre",2
"digk23","M","kinder","school2",3,20,"digital","digital_kinder",1,2,3.11868686868687,5.98412405639081,32,21,"post",2
"mix501","M","fifth","school3",1,20,"mixed","mixed_fifth",0,7,7.68436375344886,6.88597478061368,68,59,"pre",0
"mix501","M","fifth","school3",1,20,"mixed","mixed_fifth",1,16,8.23811044110433,8.85183478348526,70,68,"post",0
"mix502","F","fifth","school3",2,19,"mixed","mixed_fifth",0,4,7.70894815054898,7.15330720656216,70,55,"pre",1
"mix502","F","fifth","school3",2,19,"mixed","mixed_fifth",1,7,7.9296388373255,7.17726059941095,70,61,"post",1
"mix503","F","fifth","school3",1,21,"mixed","mixed_fifth",0,4,7.28101954439193,3.75,61,55,"pre",0
"mix503","F","fifth","school3",1,21,"mixed","mixed_fifth",1,5,5.44197168651805,7.08622691604385,65,61,"post",0
"mix504","F","fifth","school3",3,24,"mixed","mixed_fifth",0,7,7.59244891914253,7.00300730607426,67,70,"pre",2
"mix504","F","fifth","school3",3,24,"mixed","mixed_fifth",1,7,7.7392749786354,7.91093330731253,71,70,"post",2
"mix505","F","fifth","school3",2,22,"mixed","mixed_fifth",0,5,7.85152601663405,7.73209956588726,72,66,"pre",1
"mix505","F","fifth","school3",2,22,"mixed","mixed_fifth",1,12,7.9124993565442,8.72176604590604,70,71,"post",1
"mix507","M","fifth","school3",1,22,"mixed","mixed_fifth",0,4,7.70095375909267,3.75,62,44,"pre",0
"mix507","M","fifth","school3",1,22,"mixed","mixed_fifth",1,6,7.71085658224115,7.17726059941095,59,46,"post",0
"mix508","F","fifth","school3",1,17,"mixed","mixed_fifth",0,4,5.81159187009745,3.75,68,54,"pre",0
"mix508","F","fifth","school3",1,17,"mixed","mixed_fifth",1,5,6.87963154248462,8.60594449180585,67,70,"post",0
"mix509","F","fifth","school3",2,18,"mixed","mixed_fifth",0,6,7.8169019505064,6.86082418900195,66,63,"pre",1
"mix509","F","fifth","school3",2,18,"mixed","mixed_fifth",1,7,7.69614631563357,8.38623054932102,66,63,"post",1
"mix510","M","fifth","school3",2,23,"mixed","mixed_fifth",0,6,7.7755968163502,6.58663162032366,63,64,"pre",1
"mix510","M","fifth","school3",2,23,"mixed","mixed_fifth",1,6,8.10337094623834,7.93688906507833,69,69,"post",1
"mix511","M","fifth","school3",1,16,"mixed","mixed_fifth",0,7,7.90231703143862,7.15584518071517,43,65,"pre",0
"mix511","M","fifth","school3",1,16,"mixed","mixed_fifth",1,14,8.02338496118325,8.01047568018913,66,66,"post",0
"mix513","M","fifth","school3",2,21,"mixed","mixed_fifth",0,10,8.5710579327724,8.65548729343935,72,70,"pre",1
"mix513","M","fifth","school3",2,21,"mixed","mixed_fifth",1,19,8.32544026813594,9.40197161971932,67,71,"post",1
"mix514","M","fifth","school3",1,23,"mixed","mixed_fifth",0,4,5.81159187009745,5.89188443558775,59,62,"pre",0
"mix514","M","fifth","school3",1,23,"mixed","mixed_fifth",1,16,8.82091307025289,7.56366758272317,70,69,"post",0
"mix515","F","fifth","school3",1,23,"mixed","mixed_fifth",0,7,6.17207756750279,7.12778911396865,65,67,"pre",0
"mix515","F","fifth","school3",1,23,"mixed","mixed_fifth",1,4,6.22810661594735,8.02969255094635,65,70,"post",0
"mix516","F","fifth","school3",3,23,"mixed","mixed_fifth",0,4,7.58137321689352,8.12068930350246,66,70,"pre",2
"mix516","F","fifth","school3",3,23,"mixed","mixed_fifth",1,19,7.84274879039846,8.85924169727715,67,68,"post",2
"mix517","M","fifth","school3",3,24,"mixed","mixed_fifth",0,7,8.03413673006036,8.37218018218691,62,62,"pre",2
"mix517","M","fifth","school3",3,24,"mixed","mixed_fifth",1,14,7.66154320276733,6.90255834583317,72,66,"post",2
"mix518","M","fifth","school3",2,20,"mixed","mixed_fifth",0,6,7.04966974054551,6.70232747287296,59,60,"pre",1
"mix518","M","fifth","school3",2,20,"mixed","mixed_fifth",1,19,8.75188652406386,8.60594449180585,70,70,"post",1
"mix520","F","fifth","school3",1,17,"mixed","mixed_fifth",0,4,6.07820760826443,6.99546255405404,67,65,"pre",0
"mix520","F","fifth","school3",1,17,"mixed","mixed_fifth",1,6,7.55870526243475,6.93705598551291,67,69,"post",0
"mix521","F","fifth","school3",4,22,"mixed","mixed_fifth",0,6,8.05092701023925,7.57121302165858,64,66,"pre",3
"mix521","F","fifth","school3",4,22,"mixed","mixed_fifth",1,4,8.00224294307666,7.71065213802818,68,66,"post",3
"mix522","F","fifth","school3",1,22,"mixed","mixed_fifth",0,7,7.65553833513574,6.57025508780229,66,69,"pre",0
"mix522","F","fifth","school3",1,22,"mixed","mixed_fifth",1,7,7.84786055936622,7.22208380409041,72,72,"post",0
"mixk01","F","kinder","school3",1,20,"mixed","mixed_kinder",0,0,4.00504997021825,6.06025981640881,41,25,"pre",0
"mixk01","F","kinder","school3",1,20,"mixed","mixed_kinder",1,2,5.73030451803682,5.43428815059249,41,34,"post",0
"mixk02","F","kinder","school3",2,20,"mixed","mixed_kinder",0,1,4.59786799250367,6.64891407023001,38,25,"pre",1
"mixk02","F","kinder","school3",2,20,"mixed","mixed_kinder",1,2,4.8140265095373,7.79343287288589,44,35,"post",1
"mixk03","F","kinder","school3",1,24,"mixed","mixed_kinder",0,3,3.50211706763521,5.91282036892834,36,54,"pre",0
"mixk03","F","kinder","school3",1,24,"mixed","mixed_kinder",1,2,2.17171717171717,5.99522070265706,53,58,"post",0
"mixk04","M","kinder","school3",1,20,"mixed","mixed_kinder",0,0,3.58626707286564,3.75,25,2,"pre",0
"mixk04","M","kinder","school3",1,20,"mixed","mixed_kinder",1,5,5.57949885408399,3.95833333333333,25,47,"post",0
"mixk05","M","kinder","school3",2,14,"mixed","mixed_kinder",0,1,3.68030083223598,6.35616519284309,51,28,"pre",1
"mixk05","M","kinder","school3",2,14,"mixed","mixed_kinder",1,2,1.78030303030303,4.52107563479143,44,20,"post",1
"mixk06","F","kinder","school3",1,15,"mixed","mixed_kinder",0,3,4.05090300767516,5.88076666965895,23,30,"pre",0
"mixk06","F","kinder","school3",1,15,"mixed","mixed_kinder",1,4,4.26932880471114,6.03764846757645,34,32,"post",0
"mixk07","M","kinder","school3",2,22,"mixed","mixed_kinder",0,6,4.27534165630585,5.98272491965,54,38,"pre",1
"mixk07","M","kinder","school3",2,22,"mixed","mixed_kinder",1,6,6.34576302197525,5.71198651103789,59,59,"post",1
"mixk08","M","kinder","school3",2,18,"mixed","mixed_kinder",0,2,1.51515151515152,4.5865287088421,35,33,"pre",1
"mixk08","M","kinder","school3",2,18,"mixed","mixed_kinder",1,3,5.36662559285782,5.82309823313052,60,52,"post",1
"mixk10","M","kinder","school3",1,19,"mixed","mixed_kinder",0,1,1.40151515151515,4.6198483895487,2,13,"pre",0
"mixk10","M","kinder","school3",1,19,"mixed","mixed_kinder",1,3,2.46212121212121,4.85941508288426,12,12,"post",0
"mixk11","M","kinder","school3",1,18,"mixed","mixed_kinder",0,4,2.41161616161616,5.63367481913728,36,27,"pre",0
"mixk11","M","kinder","school3",1,18,"mixed","mixed_kinder",1,4,3.08080808080808,7.62717858834815,39,53,"post",0
"mixk12","M","kinder","school3",2,23,"mixed","mixed_kinder",0,1,2.56313131313131,5.1543263762985,38,8,"pre",1
"mixk12","M","kinder","school3",2,23,"mixed","mixed_kinder",1,2,2.68939393939394,6.00263856124046,42,36,"post",1
"mixk13","F","kinder","school3",3,23,"mixed","mixed_kinder",0,2,3.98743002413614,6.64796441001638,51,57,"pre",2
"mixk13","F","kinder","school3",3,23,"mixed","mixed_kinder",1,3,3.15656565656566,6.47012854272768,60,48,"post",2
"mixk14","M","kinder","school3",3,23,"mixed","mixed_kinder",0,3,5.81169598283671,7.12174935618095,60,55,"pre",2
"mixk14","M","kinder","school3",3,23,"mixed","mixed_kinder",1,3,7.40221407223298,5.50780370902679,60,57,"post",2
"mixk15","F","kinder","school3",2,20,"mixed","mixed_kinder",0,1,5.02130867773504,3.54166666666667,36,34,"pre",1
"mixk15","F","kinder","school3",2,20,"mixed","mixed_kinder",1,1,5.39394467919203,6.66956024937719,50,51,"post",1
"mixk16","F","kinder","school3",1,23,"mixed","mixed_kinder",0,2,3.30172107992476,5.1926878027569,14,17,"pre",0
"mixk16","F","kinder","school3",1,23,"mixed","mixed_kinder",1,4,4.15232700834,6.12031401833096,14,17,"post",0
"mixk19","F","kinder","school3",4,22,"mixed","mixed_kinder",0,3,3.82160054336243,5.36678568953235,39,28,"pre",3
"mixk19","F","kinder","school3",4,22,"mixed","mixed_kinder",1,4,6.91634243478979,6.80438608138661,51,47,"post",3
"mixk21","F","kinder","school3",1,6,"mixed","mixed_kinder",0,1,2.93858909442665,6.72985473068945,22,34,"pre",0
"mixk21","F","kinder","school3",1,6,"mixed","mixed_kinder",1,6,6.0456963378478,7.71851419519152,48,40,"post",0
"mixk22","M","kinder","school3",4,17,"mixed","mixed_kinder",0,2,1.52777777777778,3.54166666666667,26,25,"pre",3
"mixk22","M","kinder","school3",4,17,"mixed","mixed_kinder",1,4,4.17563624612802,2.08333333333333,43,24,"post",3
"mixk23","F","kinder","school3",3,19,"mixed","mixed_kinder",0,1,5.29792988832793,6.10094344370845,36,33,"pre",2
"mixk23","F","kinder","school3",3,19,"mixed","mixed_kinder",1,6,7.06053220014419,7.91368378768463,42,53,"post",2
"mixk24","F","kinder","school3",1,22,"mixed","mixed_kinder",0,0,2.93858909442665,4.93725225788273,27,30,"pre",0
"mixk24","F","kinder","school3",1,22,"mixed","mixed_kinder",1,3,3.27263669604616,5.43063079345924,45,34,"post",0
"mixk25","F","kinder","school3",2,22,"mixed","mixed_kinder",0,1,4.3737507020817,6.06536916138104,32,34,"pre",1
"mixk25","F","kinder","school3",2,22,"mixed","mixed_kinder",1,3,4.86223241097249,4.75401215390549,33,30,"post",1
"mixk26","F","kinder","school3",1,23,"mixed","mixed_kinder",0,5,3.72939770730397,5.92572927193214,60,29,"pre",0
"mixk26","F","kinder","school3",1,23,"mixed","mixed_kinder",1,4,5.75022808017054,6.05305339382375,56,32,"post",0
"mixk27","F","kinder","school3",1,16,"mixed","mixed_kinder",0,1,3.90104920156953,6.36642857291521,62,43,"pre",0
"mixk27","F","kinder","school3",1,16,"mixed","mixed_kinder",1,3,3.90971180734248,5.27267773121276,66,59,"post",0
"mixk28","M","kinder","school3",3,20,"mixed","mixed_kinder",0,0,2.93858909442665,2.70833333333333,35,44,"pre",2
"mixk28","M","kinder","school3",3,20,"mixed","mixed_kinder",1,4,6.29006384403642,3.95833333333333,57,64,"post",2
"ppr501","F","fifth","school1",3,22,"paper","paper_fifth",0,4,7.45533817662584,7.47673120703682,59,63,"pre",2
"ppr501","F","fifth","school1",3,22,"paper","paper_fifth",1,7,7.89531659525553,8.21328224589005,63,69,"post",2
"ppr503","M","fifth","school1",3,17,"paper","paper_fifth",0,6,8.1841835929009,6.92844307707592,70,71,"pre",2
"ppr503","M","fifth","school1",3,17,"paper","paper_fifth",1,16,8.41235026551463,8.37062338820915,67,71,"post",2
"ppr504","F","fifth","school1",2,23,"paper","paper_fifth",0,3,7.76983093679855,7.89086460566541,67,58,"pre",1
"ppr504","F","fifth","school1",2,23,"paper","paper_fifth",1,6,7.41252259115888,7.89524684291272,65,69,"post",1
"ppr505","F","fifth","school1",3,23,"paper","paper_fifth",0,5,7.39342058075493,7.82135921761301,62,54,"pre",2
"ppr505","F","fifth","school1",3,23,"paper","paper_fifth",1,4,7.64615535557951,7.34434813362128,65,68,"post",2
"ppr506","F","fifth","school1",3,24,"paper","paper_fifth",0,6,8.10586349256092,8.54895824333279,68,70,"pre",2
"ppr506","F","fifth","school1",3,24,"paper","paper_fifth",1,17,8.20672209286184,8.52582741589387,70,70,"post",2
"ppr507","M","fifth","school1",1,17,"paper","paper_fifth",0,8,6.58618398761019,7.08054326314783,63,64,"pre",0
"ppr507","M","fifth","school1",1,17,"paper","paper_fifth",1,2,7.82962404616814,7.54863763723643,66,68,"post",0
"ppr508","F","fifth","school1",3,21,"paper","paper_fifth",0,8,7.47472757082056,6.58498963549679,67,65,"pre",2
"ppr508","F","fifth","school1",3,21,"paper","paper_fifth",1,6,7.15512642038274,7.30582761675998,69,67,"post",2
"ppr509","F","fifth","school1",4,22,"paper","paper_fifth",0,6,8.17751619711399,7.77074532407458,70,69,"pre",3
"ppr509","F","fifth","school1",4,22,"paper","paper_fifth",1,13,8.07897031593504,8.39084617786786,71,69,"post",3
"ppr510","M","fifth","school1",3,20,"paper","paper_fifth",0,4,8.07758933520143,6.38981931304508,69,68,"pre",2
"ppr510","M","fifth","school1",3,20,"paper","paper_fifth",1,7,6.63415946209224,8.66841180587556,69,69,"post",2
"ppr511","M","fifth","school1",3,23,"paper","paper_fifth",0,6,8.04897192857468,5.94852271479481,58,63,"pre",2
"ppr511","M","fifth","school1",3,23,"paper","paper_fifth",1,6,8.26495746990739,5.88548408156007,69,67,"post",2
"ppr513","F","fifth","school1",3,23,"paper","paper_fifth",0,5,7.85390761328876,7.70990326839888,58,60,"pre",2
"ppr513","F","fifth","school1",3,23,"paper","paper_fifth",1,8,7.64040153460506,7.23034599556723,67,71,"post",2
"ppr514","M","fifth","school1",3,17,"paper","paper_fifth",0,7,8.00025185410986,6.82300362871932,71,70,"pre",2
"ppr514","M","fifth","school1",3,17,"paper","paper_fifth",1,16,6.38462689006281,8.34737510212481,67,71,"post",2
"ppr515","M","fifth","school1",2,21,"paper","paper_fifth",0,7,7.48865244709698,7.25006730120134,70,67,"pre",1
"ppr515","M","fifth","school1",2,21,"paper","paper_fifth",1,14,7.71920621567619,7.27097825055108,69,67,"post",1
"ppr517","M","fifth","school1",3,24,"paper","paper_fifth",0,7,7.80644403179166,6.47182647593051,68,70,"pre",2
"ppr517","M","fifth","school1",3,24,"paper","paper_fifth",1,9,7.61115962532544,7.00205408552434,69,70,"post",2
"ppr518","M","fifth","school1",2,14,"paper","paper_fifth",0,11,7.80577224841403,7.81630638728599,60,61,"pre",1
"ppr518","M","fifth","school1",2,14,"paper","paper_fifth",1,8,6.37761690824864,6.59972002937258,70,70,"post",1
"ppr519","F","fifth","school1",2,23,"paper","paper_fifth",0,8,7.25277168986978,6.84372510977363,55,58,"pre",1
"ppr519","F","fifth","school1",2,23,"paper","paper_fifth",1,7,7.57930561229862,8.18692845275564,62,56,"post",1
"ppr520","F","fifth","school1",2,23,"paper","paper_fifth",0,6,6.50050154350601,6.52410242443592,69,66,"pre",1
"ppr520","F","fifth","school1",2,23,"paper","paper_fifth",1,7,7.12332819414943,6.61123935690768,67,60,"post",1
"ppr521","M","fifth","school1",3,20,"paper","paper_fifth",0,9,7.60518573185371,7.18246671501843,68,64,"pre",2
"ppr521","M","fifth","school1",3,20,"paper","paper_fifth",1,17,7.69241117213926,6.46372943543892,68,58,"post",2
"ppr522","M","fifth","school1",3,20,"paper","paper_fifth",0,7,7.18381178678839,6.76816192164787,65,59,"pre",2
"ppr522","M","fifth","school1",3,20,"paper","paper_fifth",1,6,7.20981449683244,7.44639270221944,71,69,"post",2
"ppr523","M","fifth","school1",3,20,"paper","paper_fifth",0,9,7.67607530966049,3.75,66,64,"pre",2
"ppr523","M","fifth","school1",3,20,"paper","paper_fifth",1,11,7.25711942904127,6.60398951593289,67,68,"post",2
"ppr524","M","fifth","school1",2,23,"paper","paper_fifth",0,8,7.85912589265407,7.19948810870919,67,67,"pre",1
"ppr524","M","fifth","school1",2,23,"paper","paper_fifth",1,8,7.9566883619106,7.88738243244847,70,67,"post",1
"ppr525","F","fifth","school1",2,22,"paper","paper_fifth",0,6,7.75257239188401,7.89674642808967,70,68,"pre",1
"ppr525","F","fifth","school1",2,22,"paper","paper_fifth",1,5,7.69987743894633,7.58130544905272,68,72,"post",1
"ppr526","M","fifth","school1",3,21,"paper","paper_fifth",0,6,7.86755524881448,8.11216418546854,69,65,"pre",2
"ppr526","M","fifth","school1",3,21,"paper","paper_fifth",1,14,8.08262894300151,8.2832917876101,69,71,"post",2
"ppr527","M","fifth","school1",4,23,"paper","paper_fifth",0,8,7.61593892105247,8.06291721387726,66,71,"pre",3
"ppr527","M","fifth","school1",4,23,"paper","paper_fifth",1,16,8.06229566118977,7.52376623255392,71,71,"post",3
"ppr530","F","fifth","school1",4,22,"paper","paper_fifth",0,9,7.66182046701824,7.00110119047231,66,67,"pre",3
"ppr530","F","fifth","school1",4,22,"paper","paper_fifth",1,15,7.23283578539146,7.39984546272839,67,70,"post",3
"ppr531","M","fifth","school1",4,24,"paper","paper_fifth",0,10,8.34065698328531,7.88084564535835,69,68,"pre",3
"ppr531","M","fifth","school1",4,24,"paper","paper_fifth",1,18,7.98174752370423,8.77798914594634,72,69,"post",3
"ppr532","F","fifth","school1",3,23,"paper","paper_fifth",0,4,7.747457688298,7.48320693965586,65,54,"pre",2
"ppr532","F","fifth","school1",3,23,"paper","paper_fifth",1,7,6.95323469841226,7.22169558399237,65,69,"post",2
"ppr533","M","fifth","school1",4,19,"paper","paper_fifth",0,4,8.03405950961923,3.54166666666667,70,69,"pre",3
"ppr533","M","fifth","school1",4,19,"paper","paper_fifth",1,13,7.93146780953833,8.43511457506518,69,70,"post",3
"ppr535","M","fifth","school1",3,21,"paper","paper_fifth",0,8,7.93815727579477,7.28465488140553,60,65,"pre",2
"ppr535","M","fifth","school1",3,21,"paper","paper_fifth",1,7,7.63542739627642,7.62717858834815,69,70,"post",2
"ppr536","M","fifth","school1",2,22,"paper","paper_fifth",0,6,7.76889990525608,6.88722335533376,64,61,"pre",1
"ppr536","M","fifth","school1",2,22,"paper","paper_fifth",1,11,7.42444418405967,3.54166666666667,65,69,"post",1
"pprk02","F","kinder","school1",4,20,"paper","paper_kinder",0,5,4.01901695928807,6.11068818132694,47,54,"pre",3
"pprk02","F","kinder","school1",4,20,"paper","paper_kinder",1,4,4.49597760112504,6.35051509804403,59,62,"post",3
"pprk03","F","kinder","school1",3,19,"paper","paper_kinder",0,0,5.03673279056449,5.75264947340668,53,26,"pre",2
"pprk03","F","kinder","school1",3,19,"paper","paper_kinder",1,3,4.45434385887679,5.47824950753423,50,27,"post",2
"pprk04","M","kinder","school1",4,24,"paper","paper_kinder",0,5,5.67092409587431,6.30215074822674,58,55,"pre",3
"pprk04","M","kinder","school1",4,24,"paper","paper_kinder",1,4,5.77272667485799,5.92606972902879,65,68,"post",3
"pprk05","M","kinder","school1",2,24,"paper","paper_kinder",0,3,3.95411402694109,7.11668807571385,43,27,"pre",1
"pprk05","M","kinder","school1",2,24,"paper","paper_kinder",1,5,5.16825578859836,8.42722246237722,62,59,"post",1
"pprk06","F","kinder","school1",4,21,"paper","paper_kinder",0,5,4.14590808353573,6.46781413008491,35,26,"pre",3
"pprk06","F","kinder","school1",4,21,"paper","paper_kinder",1,6,4.39201732083909,6.79753558960365,51,41,"post",3
"pprk07","M","kinder","school1",3,23,"paper","paper_kinder",0,1,6.91574829472654,6.32948703559501,65,30,"pre",2
"pprk07","M","kinder","school1",3,23,"paper","paper_kinder",1,4,7.54816435012326,6.43330636232616,64,37,"post",2
"pprk08","F","kinder","school1",2,22,"paper","paper_kinder",0,4,5.47874755621058,6.63300389674226,39,55,"pre",1
"pprk08","F","kinder","school1",2,22,"paper","paper_kinder",1,4,6.1718178249124,5.43555027324302,50,55,"post",1
"pprk09","M","kinder","school1",3,21,"paper","paper_kinder",0,1,2.81565656565657,4.92394290348315,35,29,"pre",2
"pprk09","M","kinder","school1",3,21,"paper","paper_kinder",1,5,5.74970014598211,3.75,42,45,"post",2
"pprk12","M","kinder","school1",2,19,"paper","paper_kinder",0,4,5.49201535909662,5.73694275389504,27,36,"pre",1
"pprk12","M","kinder","school1",2,19,"paper","paper_kinder",1,5,5.97588613067121,6.27352943955407,52,43,"post",1
"pprk13","M","kinder","school1",3,16,"paper","paper_kinder",0,0,2.91755670982404,4.88407354813485,14,13,"pre",2
"pprk13","M","kinder","school1",3,16,"paper","paper_kinder",1,0,3.9452258021582,5.23535270327223,20,12,"post",2
"pprk14","M","kinder","school1",2,23,"paper","paper_kinder",0,2,3.99046488613525,4.375,22,57,"pre",1
"pprk14","M","kinder","school1",2,23,"paper","paper_kinder",1,4,7.6707455474325,5.98378984946815,60,51,"post",1
"pprk15","M","kinder","school1",3,19,"paper","paper_kinder",0,2,3.6231561223572,2.08333333333333,37,21,"pre",2
"pprk15","M","kinder","school1",3,19,"paper","paper_kinder",1,3,2.73989898989899,5.31352899906818,50,51,"post",2
"pprk16","F","kinder","school1",4,20,"paper","paper_kinder",0,2,5.85466701616818,6.32350193274787,64,61,"pre",3
"pprk16","F","kinder","school1",4,20,"paper","paper_kinder",1,2,4.77460625598462,5.65336776592454,61,63,"post",3
"pprk17","F","kinder","school1",2,19,"paper","paper_kinder",0,4,4.96093479853547,7.10396354227594,27,29,"pre",1
"pprk17","F","kinder","school1",2,19,"paper","paper_kinder",1,5,7.04685621963096,6.65059411431011,51,34,"post",1
"pprk18","F","kinder","school1",2,23,"paper","paper_kinder",0,5,4.49781434616969,7.39552579568398,54,50,"pre",1
"pprk18","F","kinder","school1",2,23,"paper","paper_kinder",1,4,5.22668760490777,7.15330720656216,59,58,"post",1
"pprk19","F","kinder","school1",1,14,"paper","paper_kinder",0,2,3.42776102281261,5.89996339612694,27,15,"pre",0
"pprk19","F","kinder","school1",1,14,"paper","paper_kinder",1,4,4.73515729139449,3.95833333333333,47,29,"post",0
