"id","sex","grade","school","class_id","condition","status","pregunta_1","puntaje_1","pregunta_2","puntaje_2","pregunta_3","puntaje_3","pregunta_4","puntaje_4","pregunta_5","puntaje_5","pregunta_6","puntaje_6","pregunta_7","puntaje_7","pregunta_8","puntaje_8","pregunta_9","puntaje_9","pregunta_10","puntaje_10","pregunta_11","puntaje_11","pregunta_12","puntaje_12","pregunta_13","puntaje_13","pregunta_14","puntaje_14","pregunta_15","puntaje_15","pregunta_16","puntaje_16","pregunta_17","puntaje_17","puntaje_ambito_1","pregunta_18","puntaje_18","pregunta_19","puntaje_19","pregunta_20","puntaje_20","pregunta_21","puntaje_21","pregunta_22","puntaje_22","pregunta_23","puntaje_23","pregunta_24","puntaje_24","pregunta_25","puntaje_25","pregunta_26","puntaje_26","pregunta_27","puntaje_27","puntaje_ambito_2","pregunta_28","puntaje_28","pregunta_29","puntaje_29","pregunta_30","puntaje_30","pregunta_31","puntaje_31","pregunta_32","puntaje_32","pregunta_33","puntaje_33","pregunta_34","puntaje_34","pregunta_35","puntaje_35","pregunta_36","puntaje_36","pregunta_37","puntaje_37","pregunta_38","puntaje_38","pregunta_39","puntaje_39","pregunta_40","puntaje_40","pregunta_41","puntaje_41","pregunta_42","puntaje_42","puntaje_ambito_3","pregunta_43","puntaje_43","pregunta_44","puntaje_44","pregunta_45","puntaje_45","pregunta_46","puntaje_46","pregunta_47","puntaje_47","pregunta_48","puntaje_48","puntaje_ambito_4","pregunta_49","puntaje_49","pregunta_50","puntaje_50","pregunta_51","puntaje_51","pregunta_52","puntaje_52","pregunta_53","puntaje_53","pregunta_54","puntaje_54","pregunta_55","puntaje_55","pregunta_56","puntaje_56","pregunta_57","puntaje_57","pregunta_58","puntaje_58","pregunta_59","puntaje_59","pregunta_60","puntaje_60","puntaje_ambito_5","pregunta_61","puntaje_61","pregunta_62","puntaje_62","pregunta_63","puntaje_63","pregunta_64","puntaje_64","pregunta_65","puntaje_65","pregunta_66","puntaje_66","puntaje_ambito_6","pregunta_67","puntaje_67","pregunta_68","puntaje_68","pregunta_69","puntaje_69","pregunta_70","puntaje_70","pregunta_71","puntaje_71","pregunta_72","puntaje_72","puntaje_ambito_7","puntaje_total","puntaje_ambito_letra"
"ctl501","M","fifth","school4","school4_fifth","control_1","participant",1,1,1,1,1,1,1,1,1,1,1,1,1,1,1,1,1,1,1,1,1,1,2,0,1,1,1,1,1,1,1,1,1,1,16,1,1,1,1,1,1,1,1,1,1,1,1,2,0,1,1,2,0,1,1,8,1,1,1,1,1,1,1,1,1,1,1,1,1,1,1,1,1,1,1,1,1,1,1,1,1,1,1,1,1,1,15,1,1,1,1,1,1,1,1,1,1,1,1,6,1,1,1,1,1,1,1,1,1,1,1,1,1,1,1,1,1,1,1,1,1,1,1,1,12,1,1,1,1,1,1,1,1,3,0,1,1,5,1,1,2,0,1,1,1,1,3,0,1,1,4,66,27
"ctl502","M","fifth","school4","school4_fifth","control_1","participant",1,1,1,1,1,1,1,1,1,1,1,1,1,1,1,1,1,1,1,1,1,1,1,1,1,1,1,1,1,1,1,1,2,0,16,1,1,1,1,1,1,1,1,1,1,1,1,1,1,1,1,3,0,1,1,9,1,1,1,1,1,1,1,1,1,1,1,1,1,1,1,1,1,1,1,1,1,1,1,1,1,1,1,1,1,1,15,1,1,1,1,1,1,1,1,2,0,1,1,5,2,0,1,1,1,1,1,1,1,1,1,1,1,1,2,0,2,0,1,1,1,1,1,1,9,1,1,1,1,1,1,1,1,1,1,1,1,6,2,0,2,0,1,1,2,0,2,0,2,0,1,61,24
"ctl503","M","fifth","school4","school4_fifth","control_1","participant",1,1,1,1,1,1,1,1,1,1,1,1,1,1,1,1,1,1,1,1,1,1,1,1,1,1,1,1,1,1,1,1,1,1,17,1,1,1,1,1,1,1,1,1,1,1,1,1,1,1,1,1,1,1,1,10,1,1,1,1,1,1,1,1,1,1,1,1,1,1,1,1,1,1,1,1,1,1,1,1,1,1,1,1,1,1,15,1,1,1,1,1,1,1,1,1,1,1,1,6,1,1,1,1,1,1,1,1,1,1,1,1,1,1,1,1,1,1,1,1,1,1,1,1,12,1,1,1,1,1,1,1,1,1,1,1,1,6,1,1,1,1,1,1,2,0,2,0,1,1,4,70,27
"ctl504","M","fifth","school4","school4_fifth","control_1","participant",1,1,1,1,1,1,1,1,1,1,1,1,1,1,1,1,1,1,1,1,1,1,1,1,1,1,1,1,1,1,3,0,1,1,16,1,1,1,1,1,1,1,1,1,1,1,1,1,1,1,1,1,1,1,1,10,1,1,1,1,1,1,1,1,1,1,1,1,1,1,1,1,1,1,1,1,1,1,1,1,1,1,1,1,1,1,15,1,1,1,1,1,1,1,1,1,1,1,1,6,1,1,1,1,1,1,1,1,1,1,1,1,1,1,1,1,1,1,1,1,1,1,1,1,12,1,1,1,1,1,1,1,1,1,1,1,1,6,1,1,1,1,1,1,1,1,3,0,1,1,5,70,27
"ctl505","F","fifth","school4","school4_fifth","control_1","rejected",NA,NA,NA,NA,NA,NA,NA,NA,NA,NA,NA,NA,NA,NA,NA,NA,NA,NA,NA,NA,NA,NA,NA,NA,NA,NA,NA,NA,NA,NA,NA,NA,NA,NA,NA,NA,NA,NA,NA,NA,NA,NA,NA,NA,NA,NA,NA,NA,NA,NA,NA,NA,NA,NA,NA,NA,NA,NA,NA,NA,NA,NA,NA,NA,NA,NA,NA,NA,NA,NA,NA,NA,NA,NA,NA,NA,NA,NA,NA,NA,NA,NA,NA,NA,NA,NA,NA,NA,NA,NA,NA,NA,NA,NA,NA,NA,NA,NA,NA,NA,NA,NA,NA,NA,NA,NA,NA,NA,NA,NA,NA,NA,NA,NA,NA,NA,NA,NA,NA,NA,NA,NA,NA,NA,NA,NA,NA,NA,NA,NA,NA,NA,NA,NA,NA,NA,NA,NA,NA,NA,NA,NA,NA,NA,NA,NA,NA,NA,NA,NA,NA,NA,NA
"ctl506","F","fifth","school4","school4_fifth","control_1","participant",1,1,1,1,1,1,1,1,1,1,1,1,1,1,1,1,1,1,1,1,1,1,1,1,1,1,1,1,1,1,1,1,1,1,17,1,1,1,1,1,1,1,1,1,1,1,1,1,1,1,1,2,0,1,1,9,1,1,1,1,1,1,1,1,1,1,3,0,1,1,1,1,1,1,1,1,1,1,1,1,1,1,1,1,1,1,14,1,1,1,1,1,1,3,0,2,0,1,1,4,1,1,1,1,1,1,1,1,1,1,1,1,1,1,1,1,1,1,1,1,1,1,1,1,12,1,1,1,1,1,1,1,1,1,1,1,1,6,1,1,3,0,1,1,3,0,2,0,1,1,3,65,26
"ctl507","M","fifth","school4","school4_fifth","control_1","participant",2,0,1,1,2,0,1,1,1,1,1,1,1,1,1,1,1,1,1,1,1,1,2,0,2,0,2,0,2,0,2,0,2,0,9,1,1,2,0,1,1,1,1,1,1,1,1,2,0,1,1,2,0,1,1,7,1,1,1,1,1,1,1,1,1,1,2,0,1,1,1,1,1,1,1,1,1,1,1,1,1,1,1,1,1,1,14,1,1,1,1,1,1,1,1,1,1,1,1,6,3,0,1,1,1,1,2,0,2,0,1,1,2,0,2,0,2,0,1,1,1,1,2,0,5,2,0,1,1,2,0,1,1,2,0,2,0,2,2,0,2,0,1,1,2,0,1,1,2,0,2,45,19
"ctl508","M","fifth","school4","school4_fifth","control_1","participant",1,1,2,0,1,1,1,1,1,1,1,1,1,1,1,1,1,1,1,1,1,1,2,0,1,1,1,1,1,1,1,1,1,1,15,1,1,1,1,1,1,1,1,1,1,1,1,1,1,1,1,2,0,1,1,9,1,1,1,1,1,1,1,1,1,1,1,1,1,1,1,1,1,1,1,1,1,1,1,1,1,1,1,1,1,1,15,1,1,1,1,1,1,2,0,1,1,1,1,5,1,1,1,1,1,1,1,1,1,1,1,1,1,1,1,1,2,0,1,1,1,1,1,1,11,1,1,1,1,1,1,1,1,2,0,1,1,5,1,1,2,0,1,1,2,0,2,0,1,1,3,63,26
"ctl509","M","fifth","school4","school4_fifth","control_1","participant",1,1,1,1,1,1,1,1,1,1,1,1,1,1,1,1,1,1,1,1,1,1,1,1,1,1,1,1,2,0,1,1,1,1,16,1,1,1,1,1,1,1,1,1,1,1,1,1,1,1,1,2,0,1,1,9,1,1,1,1,1,1,1,1,1,1,2,0,1,1,1,1,1,1,1,1,1,1,1,1,1,1,1,1,1,1,14,1,1,1,1,1,1,2,0,2,0,1,1,4,1,1,1,1,1,1,1,1,1,1,1,1,1,1,1,1,1,1,1,1,1,1,1,1,12,1,1,1,1,1,1,1,1,1,1,1,1,6,1,1,2,0,1,1,3,0,1,1,1,1,4,65,26
"ctl510","M","fifth","school4","school4_fifth","control_1","participant",1,1,1,1,1,1,1,1,1,1,1,1,1,1,1,1,1,1,1,1,1,1,1,1,1,1,1,1,1,1,1,1,1,1,17,1,1,1,1,1,1,1,1,1,1,1,1,1,1,1,1,2,0,1,1,9,1,1,1,1,1,1,1,1,1,1,1,1,1,1,1,1,1,1,1,1,1,1,1,1,1,1,1,1,1,1,15,1,1,1,1,1,1,1,1,2,0,1,1,5,1,1,1,1,1,1,1,1,1,1,1,1,1,1,1,1,1,1,1,1,1,1,1,1,12,1,1,1,1,1,1,1,1,1,1,1,1,6,1,1,1,1,1,1,2,0,2,0,1,1,4,68,27
"ctl511","F","fifth","school4","school4_fifth","control_1","participant",1,1,1,1,1,1,1,1,1,1,1,1,1,1,1,1,1,1,1,1,1,1,1,1,1,1,1,1,1,1,1,1,1,1,17,1,1,1,1,1,1,1,1,1,1,1,1,1,1,1,1,3,0,1,1,9,1,1,1,1,1,1,1,1,1,1,1,1,1,1,1,1,1,1,1,1,1,1,1,1,1,1,1,1,1,1,15,1,1,1,1,1,1,2,0,2,0,1,1,4,1,1,1,1,1,1,1,1,1,1,1,1,1,1,1,1,1,1,1,1,1,1,1,1,12,1,1,1,1,1,1,1,1,1,1,1,1,6,1,1,1,1,1,1,1,1,3,0,1,1,5,68,27
"ctl512","F","fifth","school4","school4_fifth","control_1","participant",1,1,1,1,1,1,1,1,1,1,1,1,1,1,1,1,1,1,1,1,1,1,1,1,1,1,1,1,1,1,1,1,1,1,17,1,1,1,1,1,1,1,1,1,1,1,1,1,1,1,1,1,1,1,1,10,1,1,1,1,1,1,1,1,1,1,1,1,1,1,1,1,1,1,1,1,1,1,1,1,1,1,1,1,1,1,15,1,1,1,1,1,1,1,1,1,1,1,1,6,1,1,1,1,1,1,1,1,1,1,1,1,1,1,1,1,1,1,1,1,1,1,1,1,12,1,1,1,1,1,1,1,1,1,1,1,1,6,1,1,1,1,1,1,3,0,3,0,3,0,3,69,27
"ctl513","F","fifth","school4","school4_fifth","control_1","rejected",NA,NA,NA,NA,NA,NA,NA,NA,NA,NA,NA,NA,NA,NA,NA,NA,NA,NA,NA,NA,NA,NA,NA,NA,NA,NA,NA,NA,NA,NA,NA,NA,NA,NA,NA,NA,NA,NA,NA,NA,NA,NA,NA,NA,NA,NA,NA,NA,NA,NA,NA,NA,NA,NA,NA,NA,NA,NA,NA,NA,NA,NA,NA,NA,NA,NA,NA,NA,NA,NA,NA,NA,NA,NA,NA,NA,NA,NA,NA,NA,NA,NA,NA,NA,NA,NA,NA,NA,NA,NA,NA,NA,NA,NA,NA,NA,NA,NA,NA,NA,NA,NA,NA,NA,NA,NA,NA,NA,NA,NA,NA,NA,NA,NA,NA,NA,NA,NA,NA,NA,NA,NA,NA,NA,NA,NA,NA,NA,NA,NA,NA,NA,NA,NA,NA,NA,NA,NA,NA,NA,NA,NA,NA,NA,NA,NA,NA,NA,NA,NA,NA,NA,NA
"ctl514","M","fifth","school4","school4_fifth","control_1","participant",1,1,1,1,1,1,1,1,1,1,1,1,1,1,1,1,1,1,1,1,1,1,1,1,1,1,1,1,1,1,1,1,1,1,17,1,1,1,1,1,1,1,1,1,1,1,1,1,1,1,1,2,0,1,1,9,1,1,1,1,1,1,1,1,1,1,1,1,1,1,1,1,1,1,1,1,1,1,1,1,1,1,1,1,1,1,15,1,1,1,1,1,1,2,0,1,1,1,1,5,1,1,1,1,1,1,1,1,1,1,1,1,1,1,1,1,1,1,1,1,1,1,1,1,12,1,1,1,1,1,1,1,1,1,1,2,0,5,1,1,1,1,1,1,1,1,2,0,2,0,4,67,27
"ctl515","M","fifth","school4","school4_fifth","control_1","rejected",NA,NA,NA,NA,NA,NA,NA,NA,NA,NA,NA,NA,NA,NA,NA,NA,NA,NA,NA,NA,NA,NA,NA,NA,NA,NA,NA,NA,NA,NA,NA,NA,NA,NA,NA,NA,NA,NA,NA,NA,NA,NA,NA,NA,NA,NA,NA,NA,NA,NA,NA,NA,NA,NA,NA,NA,NA,NA,NA,NA,NA,NA,NA,NA,NA,NA,NA,NA,NA,NA,NA,NA,NA,NA,NA,NA,NA,NA,NA,NA,NA,NA,NA,NA,NA,NA,NA,NA,NA,NA,NA,NA,NA,NA,NA,NA,NA,NA,NA,NA,NA,NA,NA,NA,NA,NA,NA,NA,NA,NA,NA,NA,NA,NA,NA,NA,NA,NA,NA,NA,NA,NA,NA,NA,NA,NA,NA,NA,NA,NA,NA,NA,NA,NA,NA,NA,NA,NA,NA,NA,NA,NA,NA,NA,NA,NA,NA,NA,NA,NA,NA,NA,NA
"ctl516","F","fifth","school4","school4_fifth","control_1","rejected",NA,NA,NA,NA,NA,NA,NA,NA,NA,NA,NA,NA,NA,NA,NA,NA,NA,NA,NA,NA,NA,NA,NA,NA,NA,NA,NA,NA,NA,NA,NA,NA,NA,NA,NA,NA,NA,NA,NA,NA,NA,NA,NA,NA,NA,NA,NA,NA,NA,NA,NA,NA,NA,NA,NA,NA,NA,NA,NA,NA,NA,NA,NA,NA,NA,NA,NA,NA,NA,NA,NA,NA,NA,NA,NA,NA,NA,NA,NA,NA,NA,NA,NA,NA,NA,NA,NA,NA,NA,NA,NA,NA,NA,NA,NA,NA,NA,NA,NA,NA,NA,NA,NA,NA,NA,NA,NA,NA,NA,NA,NA,NA,NA,NA,NA,NA,NA,NA,NA,NA,NA,NA,NA,NA,NA,NA,NA,NA,NA,NA,NA,NA,NA,NA,NA,NA,NA,NA,NA,NA,NA,NA,NA,NA,NA,NA,NA,NA,NA,NA,NA,NA,NA
"ctl517","M","fifth","school4","school4_fifth","control_1","rejected",NA,NA,NA,NA,NA,NA,NA,NA,NA,NA,NA,NA,NA,NA,NA,NA,NA,NA,NA,NA,NA,NA,NA,NA,NA,NA,NA,NA,NA,NA,NA,NA,NA,NA,NA,NA,NA,NA,NA,NA,NA,NA,NA,NA,NA,NA,NA,NA,NA,NA,NA,NA,NA,NA,NA,NA,NA,NA,NA,NA,NA,NA,NA,NA,NA,NA,NA,NA,NA,NA,NA,NA,NA,NA,NA,NA,NA,NA,NA,NA,NA,NA,NA,NA,NA,NA,NA,NA,NA,NA,NA,NA,NA,NA,NA,NA,NA,NA,NA,NA,NA,NA,NA,NA,NA,NA,NA,NA,NA,NA,NA,NA,NA,NA,NA,NA,NA,NA,NA,NA,NA,NA,NA,NA,NA,NA,NA,NA,NA,NA,NA,NA,NA,NA,NA,NA,NA,NA,NA,NA,NA,NA,NA,NA,NA,NA,NA,NA,NA,NA,NA,NA,NA
"ctl518","M","fifth","school4","school4_fifth","control_1","participant",1,1,1,1,1,1,1,1,1,1,1,1,1,1,1,1,1,1,1,1,1,1,1,1,1,1,1,1,1,1,1,1,1,1,17,1,1,1,1,1,1,1,1,1,1,1,1,1,1,1,1,1,1,1,1,10,1,1,1,1,1,1,1,1,1,1,1,1,1,1,1,1,1,1,1,1,1,1,1,1,1,1,1,1,1,1,15,1,1,1,1,1,1,1,1,1,1,1,1,6,1,1,1,1,1,1,1,1,1,1,1,1,1,1,1,1,1,1,1,1,1,1,1,1,12,1,1,1,1,1,1,1,1,1,1,1,1,6,1,1,1,1,1,1,2,0,2,0,1,1,4,70,27
"ctl519","M","fifth","school4","school4_fifth","control_1","participant",1,1,1,1,1,1,1,1,1,1,1,1,1,1,1,1,1,1,1,1,1,1,1,1,1,1,1,1,1,1,1,1,1,1,17,1,1,1,1,1,1,1,1,1,1,1,1,1,1,1,1,1,1,1,1,10,1,1,1,1,1,1,1,1,1,1,1,1,1,1,1,1,1,1,1,1,1,1,1,1,1,1,1,1,1,1,15,1,1,1,1,1,1,1,1,1,1,1,1,6,1,1,1,1,1,1,1,1,1,1,1,1,1,1,1,1,1,1,1,1,1,1,1,1,12,1,1,1,1,1,1,1,1,1,1,1,1,6,1,1,1,1,1,1,2,0,2,0,1,1,3,69,27
"ctl520","F","fifth","school4","school4_fifth","control_1","participant",1,1,1,1,1,1,1,1,1,1,1,1,1,1,1,1,1,1,1,1,1,1,1,1,1,1,1,1,1,1,1,1,1,1,17,1,1,1,1,1,1,1,1,1,1,1,1,1,1,1,1,1,1,1,1,10,1,1,1,1,1,1,1,1,1,1,1,1,1,1,1,1,1,1,1,1,1,1,1,1,1,1,1,1,1,1,15,1,1,1,1,1,1,1,1,1,1,1,1,6,1,1,1,1,1,1,1,1,1,1,1,1,1,1,1,1,1,1,1,1,1,1,1,1,12,1,1,1,1,1,1,1,1,1,1,1,1,6,1,1,2,0,1,1,1,1,3,0,1,1,4,70,27
"ctl521","M","fifth","school4","school4_fifth","control_1","participant",1,1,1,1,1,1,1,1,1,1,1,1,1,1,1,1,1,1,1,1,1,1,1,1,1,1,1,1,1,1,1,1,1,1,17,1,1,1,1,1,1,1,1,1,1,1,1,1,1,1,1,2,0,1,1,9,1,1,1,1,1,1,1,1,1,1,1,1,1,1,1,1,1,1,1,1,1,1,1,1,1,1,1,1,1,1,15,1,1,1,1,1,1,1,1,1,1,1,1,6,1,1,1,1,1,1,1,1,1,1,1,1,1,1,1,1,1,1,1,1,1,1,1,1,12,1,1,1,1,1,1,1,1,2,0,1,1,5,1,1,2,0,1,1,2,0,1,1,1,1,4,68,27
"ctl522","M","fifth","school4","school4_fifth","control_1","participant",2,0,1,1,1,1,1,1,1,1,1,1,1,1,1,1,1,1,1,1,1,1,3,0,1,1,1,1,1,1,3,0,3,0,13,1,1,1,1,1,1,1,1,1,1,1,1,1,1,1,1,2,0,1,1,9,1,1,1,1,1,1,1,1,1,1,1,1,1,1,1,1,1,1,1,1,1,1,1,1,1,1,1,1,1,1,15,1,1,1,1,1,1,2,0,1,1,1,1,5,1,1,1,1,1,1,1,1,1,1,1,1,1,1,1,1,1,1,1,1,1,1,1,1,12,2,0,1,1,1,1,1,1,1,1,3,0,4,1,1,1,1,1,1,2,0,3,0,1,1,4,62,27
"ctl523","F","fifth","school4","school4_fifth","control_1","participant",1,1,1,1,1,1,1,1,1,1,1,1,1,1,1,1,1,1,1,1,1,1,1,1,1,1,1,1,1,1,1,1,1,1,17,1,1,1,1,1,1,1,1,1,1,1,1,1,1,1,1,1,1,1,1,10,1,1,1,1,1,1,1,1,1,1,1,1,1,1,1,1,1,1,1,1,1,1,1,1,1,1,1,1,1,1,15,1,1,1,1,1,1,1,1,1,1,1,1,6,1,1,1,1,1,1,1,1,1,1,1,1,1,1,1,1,1,1,1,1,1,1,1,1,12,1,1,1,1,1,1,1,1,1,1,1,1,6,1,1,1,1,1,1,1,1,1,1,1,1,6,72,27
"ctl524","M","fifth","school4","school4_fifth","control_1","participant",2,0,2,0,1,1,2,0,2,0,1,1,2,0,4,0,1,1,1,1,1,1,4,0,4,0,4,0,1,1,4,0,4,0,6,1,1,1,1,1,1,1,1,1,1,1,1,2,0,2,0,2,0,1,1,7,1,1,1,1,1,1,1,1,1,1,1,1,1,1,1,1,1,1,1,1,1,1,1,1,1,1,1,1,1,1,15,1,1,1,1,1,1,2,0,2,0,1,1,4,1,1,1,1,1,1,1,1,2,0,1,1,1,1,1,1,1,1,1,1,1,1,1,1,11,1,1,1,1,1,1,1,1,1,1,1,1,6,2,0,2,0,2,0,2,0,2,0,4,0,0,49,26
"ctl525","M","fifth","school4","school4_fifth","control_1","participant",1,1,1,1,1,1,1,1,1,1,1,1,1,1,1,1,1,1,1,1,1,1,1,1,1,1,1,1,1,1,1,1,1,1,17,1,1,1,1,1,1,1,1,1,1,1,1,1,1,1,1,2,0,1,1,9,1,1,1,1,1,1,1,1,1,1,1,1,1,1,1,1,1,1,1,1,1,1,1,1,1,1,1,1,1,1,15,1,1,1,1,1,1,1,1,1,1,1,1,6,1,1,1,1,1,1,1,1,1,1,1,1,1,1,1,1,1,1,1,1,1,1,1,1,12,1,1,1,1,1,1,1,1,1,1,1,1,6,1,1,1,1,1,1,2,0,2,0,1,1,4,69,27
"ctlk01","F","kinder","school4","school4_kinder","control_1","rejected",NA,NA,NA,NA,NA,NA,NA,NA,NA,NA,NA,NA,NA,NA,NA,NA,NA,NA,NA,NA,NA,NA,NA,NA,NA,NA,NA,NA,NA,NA,NA,NA,NA,NA,NA,NA,NA,NA,NA,NA,NA,NA,NA,NA,NA,NA,NA,NA,NA,NA,NA,NA,NA,NA,NA,NA,NA,NA,NA,NA,NA,NA,NA,NA,NA,NA,NA,NA,NA,NA,NA,NA,NA,NA,NA,NA,NA,NA,NA,NA,NA,NA,NA,NA,NA,NA,NA,NA,NA,NA,NA,NA,NA,NA,NA,NA,NA,NA,NA,NA,NA,NA,NA,NA,NA,NA,NA,NA,NA,NA,NA,NA,NA,NA,NA,NA,NA,NA,NA,NA,NA,NA,NA,NA,NA,NA,NA,NA,NA,NA,NA,NA,NA,NA,NA,NA,NA,NA,NA,NA,NA,NA,NA,NA,NA,NA,NA,NA,NA,NA,NA,NA,NA
"ctlk02","F","kinder","school4","school4_kinder","control_1","participant",1,1,1,1,1,1,1,1,2,0,1,1,1,1,1,1,2,0,2,0,2,0,2,0,1,1,1,1,2,0,1,1,2,0,10,1,1,2,0,1,1,1,1,1,1,1,1,2,0,3,0,3,0,3,0,5,1,1,1,1,1,1,1,1,1,1,1,1,1,1,1,1,1,1,3,0,2,0,2,0,2,0,3,0,3,0,9,1,1,1,1,1,1,1,1,1,1,2,0,5,2,0,2,0,3,0,3,0,3,0,2,0,3,0,3,0,2,0,3,0,3,0,3,0,0,2,0,1,1,2,0,2,0,2,0,2,0,1,1,1,1,1,3,0,2,0,1,1,1,1,4,34,9
"ctlk03","M","kinder","school4","school4_kinder","control_1","participant",2,0,2,0,1,1,1,1,1,1,1,1,1,1,1,1,1,1,2,0,1,1,1,1,1,1,1,1,1,1,2,0,2,0,12,1,1,2,0,1,1,1,1,1,1,1,1,2,0,2,0,2,0,1,1,6,1,1,1,1,1,1,1,1,1,1,2,0,2,0,2,0,1,1,2,0,2,0,2,0,3,0,3,0,3,0,6,1,1,1,1,1,1,2,0,2,0,1,1,4,3,0,3,0,3,0,3,0,3,0,1,1,3,0,3,0,2,0,3,0,1,1,3,0,2,1,1,1,1,1,1,2,0,1,1,1,1,5,1,1,1,1,1,1,2,0,2,0,1,1,4,39,8
"ctlk04","F","kinder","school4","school4_kinder","control_1","participant",2,0,2,0,1,1,1,1,1,1,1,1,1,1,1,1,1,1,1,1,3,0,3,0,1,1,1,1,1,1,1,1,3,0,12,1,1,1,1,1,1,1,1,1,1,1,1,1,1,1,1,2,0,1,1,9,1,1,1,1,1,1,1,1,1,1,1,1,1,1,1,1,1,1,1,1,1,1,1,1,1,1,1,1,3,0,14,1,1,1,1,1,1,1,1,3,0,3,0,4,3,0,2,0,3,0,3,0,1,1,1,1,1,1,3,0,3,0,3,0,1,1,3,0,4,1,1,1,1,3,0,1,1,1,1,1,1,5,1,1,2,0,1,1,1,1,1,1,1,1,5,53,18
"ctlk05","F","kinder","school4","school4_kinder","control_1","participant",1,1,2,0,1,1,1,1,1,1,1,1,1,1,1,1,1,1,1,1,1,1,1,1,1,1,1,1,1,1,2,0,1,1,15,1,1,1,1,1,1,1,1,1,1,1,1,1,1,1,1,2,0,1,1,9,1,1,1,1,1,1,1,1,1,1,1,1,1,1,1,1,1,1,2,0,1,1,1,1,1,1,1,1,1,1,14,1,1,1,1,1,1,1,1,1,1,1,1,6,1,1,1,1,2,0,2,0,2,0,1,1,1,1,1,1,1,1,1,1,1,1,1,1,9,1,1,1,1,1,1,1,1,1,1,1,1,6,1,1,2,0,1,1,2,0,2,0,2,0,2,61,23
"ctlk06","M","kinder","school4","school4_kinder","control_1","participant",3,0,2,0,4,0,3,0,3,0,3,0,3,0,3,0,3,0,3,0,3,0,3,0,3,0,3,0,4,0,3,0,3,0,0,3,0,1,1,3,0,4,0,3,0,3,0,3,0,3,0,3,0,3,0,1,1,1,1,1,1,1,1,1,1,1,1,1,1,1,1,1,1,1,1,1,2,0,1,1,1,1,1,1,1,1,14,2,0,1,1,2,0,2,0,2,0,2,0,1,3,0,3,0,3,0,2,0,1,1,2,0,1,1,2,0,2,0,1,1,1,1,3,0,4,4,0,1,1,2,0,1,1,2,0,2,0,2,2,0,1,1,3,0,3,0,4,0,4,0,1,23,18
"ctlk07","M","kinder","school4","school4_kinder","control_1","participant",1,1,1,1,1,1,1,1,1,1,1,1,1,1,1,1,1,1,1,1,1,1,1,1,1,1,1,1,1,1,NA,0,2,0,15,1,1,1,1,1,1,1,1,1,1,1,1,1,1,2,0,3,0,1,1,8,1,1,1,1,1,1,1,1,1,1,1,1,1,1,1,1,1,1,1,1,1,1,1,1,1,1,1,1,3,0,14,1,1,1,1,1,1,1,1,1,1,1,1,6,3,0,3,0,3,0,1,1,1,1,3,0,3,0,1,1,2,0,2,0,1,1,3,0,4,1,1,1,1,1,1,1,1,1,1,1,1,6,1,1,1,1,1,1,2,0,3,0,2,0,3,56,18
"ctlk08","M","kinder","school4","school4_kinder","control_1","participant",1,1,1,1,1,1,1,1,1,1,1,1,1,1,1,1,1,1,1,1,1,1,1,1,1,1,1,1,1,1,1,1,1,1,17,1,1,2,0,1,1,1,1,2,0,1,1,3,0,1,1,2,0,1,1,6,1,1,1,1,1,1,1,1,1,1,1,1,1,1,1,1,1,1,1,1,1,1,1,1,1,1,1,1,3,0,14,1,1,1,1,3,0,2,0,1,1,2,0,3,3,0,3,0,1,1,1,1,1,1,2,0,3,0,3,0,3,0,1,1,1,1,2,0,5,2,0,1,1,2,0,2,0,2,0,1,1,2,1,1,1,1,1,1,3,0,1,1,1,1,5,52,19
"ctlk09","M","kinder","school4","school4_kinder","control_1","participant",2,0,2,0,1,1,1,1,1,1,1,1,1,1,1,1,1,1,1,1,1,1,3,0,1,1,1,1,1,1,3,0,3,0,12,1,1,1,1,2,0,2,0,1,1,1,1,2,0,1,1,2,0,1,1,6,1,1,1,1,1,1,1,1,1,1,2,0,2,0,2,0,2,0,2,0,2,0,2,0,2,0,2,0,2,0,5,1,1,1,1,1,1,1,1,1,1,1,1,6,2,0,2,0,2,0,2,0,2,0,2,0,2,0,2,0,2,0,2,0,1,1,2,0,1,1,1,1,1,2,0,1,1,1,1,2,0,4,3,0,2,0,1,1,2,0,3,0,1,1,2,36,6
"ctlk10","M","kinder","school4","school4_kinder","control_1","participant",1,1,1,1,1,1,1,1,1,1,1,1,1,1,1,1,1,1,1,1,1,1,3,0,1,1,1,1,1,1,2,0,1,1,15,1,1,1,1,1,1,1,1,1,1,1,1,1,1,1,1,3,0,1,1,9,1,1,1,1,1,1,1,1,1,1,1,1,1,1,1,1,1,1,1,1,1,1,1,1,1,1,1,1,1,1,15,1,1,1,1,1,1,1,1,1,1,1,1,6,1,1,1,1,1,1,1,1,1,1,1,1,1,1,1,1,1,1,1,1,1,1,1,1,12,1,1,1,1,1,1,1,1,1,1,1,1,6,1,1,1,1,1,1,1,1,3,0,1,1,5,68,27
"ctlk11","M","kinder","school4","school4_kinder","control_1","participant",1,1,2,0,1,1,1,1,1,1,1,1,1,1,1,1,1,1,1,1,1,1,1,1,1,1,1,1,1,1,1,1,3,0,15,1,1,1,1,1,1,2,0,1,1,1,1,1,1,1,1,2,0,2,0,7,1,1,1,1,2,0,1,1,1,1,2,0,1,1,1,1,1,1,1,1,2,0,1,1,1,1,1,1,2,0,11,1,1,1,1,2,0,1,1,1,1,1,1,5,2,0,1,1,1,1,2,0,3,0,3,0,2,0,3,0,2,0,3,0,1,1,3,0,3,1,1,1,1,1,1,1,1,1,1,1,1,6,1,1,2,0,1,1,2,0,2,0,2,0,2,49,14
"ctlk12","M","kinder","school4","school4_kinder","control_1","participant",1,1,1,1,3,0,1,1,1,1,1,1,1,1,1,1,4,0,1,1,2,0,1,1,1,1,1,1,1,1,1,1,1,1,14,2,0,2,0,1,1,1,1,1,1,1,1,2,0,1,1,3,0,1,1,6,1,1,1,1,1,1,1,1,1,1,3,0,1,1,1,1,3,0,1,1,1,1,1,1,1,1,3,0,3,0,11,1,1,1,1,1,1,1,1,1,1,1,1,6,3,0,3,0,3,0,3,0,3,0,3,0,1,1,3,0,3,0,3,0,1,1,3,0,2,2,0,1,1,2,0,1,1,2,0,1,1,3,3,0,2,0,1,1,2,0,3,0,1,1,2,44,13
"ctlk13","F","kinder","school4","school4_kinder","control_1","participant",1,1,2,0,2,0,1,1,1,1,1,1,1,1,1,1,3,0,1,1,2,0,3,0,2,0,3,0,3,0,3,0,2,0,7,1,1,1,1,3,0,3,0,3,0,1,1,3,0,3,0,3,0,1,1,4,1,1,1,1,1,1,1,1,1,1,1,1,1,1,1,1,1,1,1,1,1,1,1,1,1,1,1,1,1,1,15,1,1,1,1,1,1,1,1,1,1,1,1,6,1,1,1,1,2,0,1,1,1,1,2,0,1,1,2,0,1,1,1,1,1,1,1,1,9,1,1,1,1,1,1,1,1,1,1,1,1,6,2,0,1,1,1,1,1,1,2,0,3,0,3,50,24
"ctlk14","M","kinder","school4","school4_kinder","control_1","participant",1,1,1,1,1,1,1,1,1,1,1,1,1,1,1,1,1,1,1,1,1,1,1,1,1,1,1,1,1,1,1,1,2,0,16,1,1,1,1,1,1,2,0,2,0,1,1,1,1,1,1,3,0,1,1,7,1,1,1,1,1,1,1,1,1,1,1,1,1,1,1,1,1,1,1,1,1,1,1,1,1,1,1,1,1,1,15,1,1,1,1,1,1,1,1,1,1,1,1,6,1,1,1,1,2,0,1,1,1,1,1,1,1,1,1,1,1,1,1,1,1,1,1,1,11,1,1,1,1,1,1,1,1,1,1,1,1,6,1,1,1,1,1,1,1,1,1,1,1,1,6,67,26
"ctlk15","M","kinder","school4","school4_kinder","control_1","participant",1,1,2,0,2,0,1,1,1,1,1,1,1,1,1,1,1,1,1,1,1,1,1,1,1,1,1,1,1,1,1,1,2,0,14,1,1,1,1,2,0,2,0,2,0,1,1,2,0,2,0,2,0,1,1,4,1,1,1,1,1,1,1,1,1,1,2,0,1,1,1,1,1,1,1,1,1,1,1,1,1,1,1,1,1,1,14,1,1,1,1,1,1,2,0,1,1,1,1,5,1,1,2,0,1,1,1,1,1,1,2,0,1,1,2,0,2,0,1,1,1,1,1,1,8,1,1,1,1,2,0,1,1,1,1,2,0,4,1,1,2,0,1,1,3,0,3,0,1,1,3,52,22
"ctlk16","F","kinder","school4","school4_kinder","control_1","participant",1,1,1,1,1,1,1,1,1,1,1,1,1,1,1,1,1,1,1,1,1,1,1,1,1,1,1,1,1,1,1,1,1,1,17,1,1,2,0,2,0,1,1,1,1,1,1,2,0,2,0,2,0,1,1,5,1,1,1,1,1,1,1,1,1,1,2,0,3,0,3,0,3,0,3,0,3,0,2,0,3,0,3,0,3,0,5,1,1,1,1,1,1,1,1,1,1,1,1,6,3,0,3,0,3,0,1,1,3,0,3,0,3,0,3,0,3,0,3,0,1,1,3,0,2,1,1,1,1,2,0,1,1,1,1,1,1,5,3,0,3,0,1,1,2,0,1,1,1,1,3,43,7
"ctlk17","F","kinder","school4","school4_kinder","control_1","participant",1,1,2,0,1,1,1,1,3,0,1,1,1,1,1,1,2,0,1,1,1,1,2,0,1,1,1,1,1,1,3,0,2,0,11,1,1,1,1,1,1,1,1,1,1,1,1,2,0,1,1,2,0,1,1,8,1,1,1,1,1,1,1,1,1,1,1,1,1,1,1,1,1,1,1,1,1,1,1,1,1,1,1,1,1,1,15,1,1,1,1,2,0,2,0,1,1,1,1,4,1,1,1,1,2,0,2,0,2,0,2,0,1,1,1,1,1,1,2,0,1,1,1,1,7,1,1,1,1,1,1,1,1,1,1,1,1,6,1,1,1,1,1,1,1,1,2,0,2,0,4,55,22
"ctlk18","M","kinder","school4","school4_kinder","control_1","participant",2,0,2,0,2,0,1,1,1,1,1,1,1,1,1,1,1,1,1,1,1,1,1,1,1,1,1,1,1,1,1,1,2,0,13,2,0,2,0,2,0,2,0,3,0,1,1,3,0,1,1,3,0,2,0,2,2,0,1,1,3,0,3,0,2,0,2,0,3,0,2,0,3,0,3,0,3,0,3,0,3,0,3,0,3,0,1,1,1,1,1,2,0,2,0,1,1,2,0,3,3,0,3,0,3,0,3,0,3,0,3,0,3,0,3,0,3,0,3,0,3,0,3,0,0,2,0,1,1,3,0,3,0,3,0,2,0,1,1,1,2,0,1,1,2,0,2,0,1,1,3,23,1
"ctl2k01","M","kinder","school5","school5_kinder","control_2","participant",3,0,3,0,2,0,3,0,3,0,1,1,2,0,1,1,3,0,1,1,1,1,2,0,3,0,2,0,3,0,2,0,1,1,5,1,1,2,0,3,0,3,0,3,0,1,1,3,0,3,0,3,0,3,0,2,1,1,1,1,1,1,1,1,1,1,2,0,2,0,2,0,1,1,1,1,2,0,3,0,1,1,1,1,1,1,10,1,1,1,1,2,0,3,0,3,0,4,0,2,3,0,3,0,3,0,3,0,1,1,1,1,3,0,3,0,1,1,3,0,1,1,3,0,4,2,0,1,1,2,0,3,0,3,0,3,0,1,3,0,3,0,1,1,1,1,3,0,1,1,3,27,14
"ctl2k02","M","kinder","school5","school5_kinder","control_2","participant",4,0,4,0,4,0,4,0,4,0,4,0,4,0,4,0,4,0,4,0,4,0,4,0,4,0,4,0,4,0,4,0,4,0,0,3,0,2,0,1,1,1,1,2,0,4,0,4,0,4,0,4,0,4,0,2,1,1,1,1,1,1,1,1,1,1,1,1,1,1,1,1,1,1,1,1,1,1,1,1,1,1,1,1,1,1,15,3,0,4,0,4,0,4,0,4,0,4,0,0,2,0,1,1,1,1,1,1,1,1,1,1,1,1,1,1,1,1,1,1,1,1,1,1,11,4,0,4,0,4,0,4,0,4,0,4,0,0,4,0,4,0,4,0,4,0,4,0,2,0,0,28,26
"ctl2k03","F","kinder","school5","school5_kinder","control_2","participant",1,1,2,0,2,0,1,1,2,0,2,0,2,0,1,1,3,0,2,0,2,0,2,0,3,0,3,0,2,0,3,0,3,0,3,3,0,2,0,2,0,2,0,3,0,1,1,2,0,2,0,2,0,1,1,2,1,1,1,1,2,0,1,1,1,1,2,0,2,0,2,0,2,0,3,0,3,0,3,0,3,0,3,0,3,0,4,1,1,1,1,2,0,2,0,2,0,2,0,2,3,0,2,0,3,0,3,0,3,0,3,0,3,0,3,0,1,1,1,1,2,0,3,0,2,2,0,2,0,2,0,2,0,2,0,2,0,0,2,0,1,1,2,0,2,0,1,1,3,0,2,15,6
"ctl2k04","M","kinder","school5","school5_kinder","control_2","participant",4,0,1,1,2,0,1,1,1,1,1,1,1,1,1,1,3,0,1,1,1,1,1,1,2,0,1,1,1,1,1,1,2,0,12,1,1,1,1,1,1,1,1,1,1,1,1,3,0,1,1,3,0,1,1,8,1,1,1,1,1,1,1,1,1,1,1,1,1,1,1,1,1,1,1,1,1,1,1,1,1,1,1,1,1,1,15,1,1,1,1,1,1,1,1,1,1,1,1,6,1,1,1,1,1,1,1,1,1,1,1,1,1,1,1,1,1,1,1,1,1,1,1,1,12,2,0,1,1,2,0,1,1,2,0,1,1,3,1,1,2,0,1,1,3,0,2,0,1,1,3,59,27
"ctl2k05","M","kinder","school5","school5_kinder","control_2","participant",1,1,1,1,1,1,1,1,3,0,1,1,1,1,1,1,1,1,1,1,1,1,3,0,1,1,1,1,1,1,1,1,1,1,15,1,1,1,1,2,0,2,0,3,0,1,1,2,0,2,0,3,0,2,0,3,1,1,1,1,1,1,1,1,1,1,1,1,3,0,3,0,1,1,1,1,1,1,2,0,3,0,3,0,4,0,9,1,1,1,1,4,0,2,0,1,1,1,1,4,3,0,2,0,3,0,4,0,3,0,3,0,3,0,3,0,3,0,3,0,3,0,3,0,0,2,0,1,1,2,0,1,1,1,1,2,0,3,1,1,2,0,1,1,1,1,3,0,1,1,4,38,9
"ctl2k06","F","kinder","school5","school5_kinder","control_2","participant",1,1,2,0,2,0,1,1,1,1,1,1,1,1,1,1,2,0,1,1,1,1,2,0,3,0,1,1,1,1,3,0,3,0,10,1,1,1,1,2,0,1,1,3,0,1,1,3,0,3,0,3,0,3,0,4,1,1,1,1,1,1,1,1,1,1,1,1,1,1,3,0,3,0,1,1,3,0,3,0,3,0,3,0,3,0,8,1,1,1,1,1,1,1,1,1,1,1,1,6,3,0,3,0,3,0,3,0,3,0,3,0,3,0,2,0,3,0,3,0,1,1,3,0,1,2,0,1,1,2,0,1,1,2,0,2,0,2,2,0,2,0,1,1,3,0,3,0,1,1,2,33,9
"ctl2k07","M","kinder","school5","school5_kinder","control_2","participant",1,1,1,1,1,1,1,1,1,1,1,1,1,1,1,1,2,0,1,1,1,1,1,1,1,1,1,1,1,1,1,1,1,1,16,1,1,1,1,1,1,1,1,1,1,1,1,3,0,3,0,3,0,1,1,7,1,1,1,1,1,1,1,1,1,1,1,1,3,0,1,1,3,0,3,0,1,1,1,1,2,0,3,0,3,0,9,1,1,1,1,1,1,1,1,1,1,1,1,6,3,0,3,0,1,1,3,0,3,0,3,0,3,0,3,0,3,0,3,0,1,1,1,1,3,1,1,2,0,1,1,1,1,1,1,1,1,5,1,1,2,0,1,1,1,1,3,0,1,1,4,50,12
"ctl2k08","F","kinder","school5","school5_kinder","control_2","participant",2,0,1,1,3,0,1,1,3,0,1,1,1,1,1,1,2,0,3,0,1,1,3,0,1,1,3,0,3,0,3,0,2,0,7,3,0,3,0,3,0,3,0,3,0,1,1,3,0,3,0,3,0,3,0,1,1,1,1,1,1,1,1,1,1,1,3,0,3,0,3,0,1,1,2,0,3,0,3,0,3,0,3,0,3,0,6,1,1,1,1,1,1,1,1,1,1,1,1,6,3,0,3,0,3,0,3,0,3,0,3,0,3,0,3,0,3,0,3,0,1,1,3,0,1,2,0,1,1,2,0,1,1,2,0,1,1,3,1,1,2,0,1,1,2,0,3,0,1,1,3,27,7
"ctl2k09","F","kinder","school5","school5_kinder","control_2","participant",1,1,2,0,1,1,1,1,2,0,1,1,1,1,1,1,2,0,2,0,1,1,2,0,2,0,1,1,2,0,2,0,2,0,8,1,1,1,1,2,0,2,0,2,0,1,1,2,0,1,1,2,0,1,1,5,1,1,1,1,1,1,1,1,1,1,2,0,2,0,2,0,1,1,3,0,2,0,2,0,3,0,1,1,3,0,7,1,1,1,1,1,1,1,1,1,1,1,1,6,2,0,2,0,2,0,2,0,3,0,2,0,3,0,2,0,3,0,3,0,1,1,2,0,1,1,1,1,1,1,1,1,1,2,0,1,1,5,2,0,1,1,1,1,2,0,2,0,1,1,3,35,8
"ctl2k10","M","kinder","school5","school5_kinder","control_2","participant",3,0,3,0,3,0,2,0,3,0,1,1,2,0,1,1,2,0,3,0,3,0,3,0,3,0,3,0,3,0,3,0,3,0,2,2,0,2,0,2,0,3,0,3,0,2,0,3,0,3,0,3,0,3,0,0,2,0,1,1,1,1,1,1,1,1,2,0,1,1,3,0,2,0,1,1,3,0,2,0,2,0,2,0,2,0,6,2,0,1,1,2,0,2,0,2,0,2,0,1,3,0,3,0,3,0,3,0,2,0,2,0,3,0,2,0,2,0,2,0,1,1,2,0,1,2,0,1,1,3,0,2,0,2,0,2,0,1,1,1,2,0,2,0,2,0,3,0,3,0,1,12,7
"ctl2k11","M","kinder","school5","school5_kinder","control_2","participant",2,0,3,0,2,0,3,0,1,1,1,1,3,0,3,0,2,0,3,0,3,0,3,0,3,0,1,1,1,1,2,0,2,0,4,1,1,2,0,2,0,2,0,2,0,2,0,2,0,2,0,2,0,3,0,1,1,1,1,1,1,1,1,1,2,0,2,0,1,1,2,0,2,0,3,0,3,0,2,0,3,0,3,0,3,0,5,2,0,2,0,2,0,2,0,2,0,1,1,1,3,0,3,0,3,0,3,0,3,0,3,0,3,0,3,0,3,0,3,0,1,1,2,0,1,1,1,1,1,1,1,1,1,1,1,1,1,6,1,1,2,0,2,0,2,0,2,0,3,0,1,19,6
"ctl2k12","F","kinder","school5","school5_kinder","control_2","participant",3,0,1,1,2,0,1,1,3,0,1,1,1,1,1,1,2,0,1,1,1,1,1,1,3,0,1,1,1,1,2,0,2,0,10,3,0,1,1,1,1,1,1,1,1,1,1,3,0,3,0,3,0,1,1,6,1,1,1,1,1,1,1,1,1,1,1,1,1,1,1,1,1,1,1,1,1,1,1,1,1,1,1,1,3,0,14,3,0,1,1,1,1,1,1,1,1,1,1,5,1,1,1,1,1,1,3,0,1,1,3,0,1,1,1,1,3,0,1,1,1,1,1,1,9,2,0,1,1,2,0,1,1,3,0,1,1,3,2,0,2,0,1,1,1,1,3,0,1,1,3,50,23
"ctl2k13","F","kinder","school5","school5_kinder","control_2","drop-out",NA,NA,NA,NA,NA,NA,NA,NA,NA,NA,NA,NA,NA,NA,NA,NA,NA,NA,NA,NA,NA,NA,NA,NA,NA,NA,NA,NA,NA,NA,NA,NA,NA,NA,NA,NA,NA,NA,NA,NA,NA,NA,NA,NA,NA,NA,NA,NA,NA,NA,NA,NA,NA,NA,NA,NA,NA,NA,NA,NA,NA,NA,NA,NA,NA,NA,NA,NA,NA,NA,NA,NA,NA,NA,NA,NA,NA,NA,NA,NA,NA,NA,NA,NA,NA,NA,NA,NA,NA,NA,NA,NA,NA,NA,NA,NA,NA,NA,NA,NA,NA,NA,NA,NA,NA,NA,NA,NA,NA,NA,NA,NA,NA,NA,NA,NA,NA,NA,NA,NA,NA,NA,NA,NA,NA,NA,NA,NA,NA,NA,NA,NA,NA,NA,NA,NA,NA,NA,NA,NA,NA,NA,NA,NA,NA,NA,NA,NA,NA,NA,NA,NA,NA
"ctl2k14","F","kinder","school5","school5_kinder","control_2","participant",2,0,2,0,1,1,2,0,2,0,1,1,1,1,2,0,1,1,2,0,1,1,2,0,2,0,2,0,2,0,2,0,1,1,6,1,1,1,1,1,1,1,1,1,1,1,1,2,0,2,0,2,0,3,0,6,1,1,1,1,1,1,1,1,1,1,1,1,2,0,2,0,3,0,1,1,1,1,2,0,1,1,1,1,1,1,11,1,1,1,1,2,0,1,1,1,1,2,0,4,3,0,2,0,2,0,2,0,3,0,2,0,2,0,3,0,3,0,3,0,1,1,2,0,1,1,1,1,1,2,0,1,1,2,0,2,0,3,1,1,1,1,1,1,2,0,2,0,1,1,4,35,12
"ctl2k15","M","kinder","school5","school5_kinder","control_2","participant",2,0,3,0,2,0,1,1,1,1,1,1,1,1,1,1,2,0,1,1,1,1,2,0,2,0,1,1,1,1,2,0,2,0,9,1,1,2,0,2,0,2,0,2,0,1,1,1,1,1,1,2,0,1,1,5,1,1,1,1,1,1,1,1,1,1,1,1,2,0,2,0,1,1,1,1,1,1,1,1,2,0,1,1,2,0,11,1,1,1,1,2,0,2,0,1,1,2,0,3,2,0,1,1,2,0,2,0,2,0,2,0,1,1,2,0,2,0,3,0,1,1,2,0,3,2,0,1,1,1,1,1,1,2,0,1,1,4,1,1,1,1,1,1,2,0,1,1,1,1,5,40,14
"dig501","M","fifth","school2","school2_fifth","digital","participant",1,1,1,1,1,1,1,1,1,1,1,1,1,1,1,1,1,1,1,1,1,1,1,1,1,1,1,1,1,1,1,1,1,1,17,1,1,1,1,1,1,1,1,1,1,1,1,1,1,1,1,2,0,1,1,9,1,1,1,1,1,1,1,1,1,1,1,1,1,1,1,1,1,1,1,1,1,1,1,1,1,1,1,1,1,1,15,1,1,1,1,1,1,1,1,1,1,1,1,6,1,1,1,1,1,1,1,1,1,1,1,1,1,1,1,1,1,1,1,1,1,1,1,1,12,1,1,1,1,1,1,1,1,1,1,1,1,6,1,1,1,1,1,1,2,0,2,0,1,1,4,69,27
"dig502","M","fifth","school2","school2_fifth","digital","drop-out",NA,NA,NA,NA,NA,NA,NA,NA,NA,NA,NA,NA,NA,NA,NA,NA,NA,NA,NA,NA,NA,NA,NA,NA,NA,NA,NA,NA,NA,NA,NA,NA,NA,NA,NA,NA,NA,NA,NA,NA,NA,NA,NA,NA,NA,NA,NA,NA,NA,NA,NA,NA,NA,NA,NA,NA,NA,NA,NA,NA,NA,NA,NA,NA,NA,NA,NA,NA,NA,NA,NA,NA,NA,NA,NA,NA,NA,NA,NA,NA,NA,NA,NA,NA,NA,NA,NA,NA,NA,NA,NA,NA,NA,NA,NA,NA,NA,NA,NA,NA,NA,NA,NA,NA,NA,NA,NA,NA,NA,NA,NA,NA,NA,NA,NA,NA,NA,NA,NA,NA,NA,NA,NA,NA,NA,NA,NA,NA,NA,NA,NA,NA,NA,NA,NA,NA,NA,NA,NA,NA,NA,NA,NA,NA,NA,NA,NA,NA,NA,NA,NA,NA,NA
"dig503","F","fifth","school2","school2_fifth","digital","participant",1,1,1,1,1,1,1,1,1,1,1,1,1,1,1,1,1,1,1,1,1,1,1,1,1,1,1,1,1,1,1,1,1,1,17,1,1,1,1,1,1,1,1,1,1,1,1,1,1,1,1,1,1,1,1,10,1,1,1,1,1,1,1,1,1,1,1,1,1,1,1,1,1,1,1,1,1,1,1,1,1,1,1,1,1,1,15,1,1,1,1,1,1,1,1,1,1,1,1,6,1,1,1,1,1,1,1,1,1,1,1,1,1,1,1,1,1,1,1,1,1,1,1,1,12,1,1,1,1,1,1,1,1,1,1,1,1,6,1,1,1,1,1,1,1,1,1,1,1,1,6,72,27
"dig504","M","fifth","school2","school2_fifth","digital","participant",1,1,1,1,1,1,1,1,1,1,1,1,1,1,1,1,1,1,1,1,1,1,1,1,1,1,1,1,1,1,2,0,3,0,15,1,1,1,1,1,1,1,1,1,1,1,1,1,1,1,1,1,1,1,1,10,1,1,1,1,1,1,1,1,1,1,1,1,1,1,1,1,1,1,1,1,1,1,1,1,1,1,1,1,1,1,15,1,1,1,1,1,1,1,1,1,1,1,1,6,1,1,1,1,1,1,1,1,1,1,1,1,1,1,1,1,1,1,1,1,1,1,1,1,12,1,1,1,1,1,1,1,1,1,1,1,1,6,1,1,1,1,1,1,2,0,2,0,1,1,4,68,27
"dig505","M","fifth","school2","school2_fifth","digital","participant",1,1,1,1,1,1,1,1,1,1,1,1,1,1,1,1,1,1,1,1,1,1,1,1,1,1,1,1,1,1,1,1,1,1,17,1,1,1,1,1,1,1,1,1,1,1,1,1,1,1,1,2,0,1,1,9,1,1,1,1,1,1,1,1,1,1,1,1,1,1,1,1,1,1,1,1,1,1,1,1,1,1,1,1,1,1,15,1,1,1,1,1,1,1,1,2,0,1,1,5,1,1,1,1,1,1,1,1,1,1,1,1,1,1,1,1,1,1,1,1,1,1,1,1,12,1,1,1,1,1,1,1,1,1,1,1,1,6,1,1,1,1,1,1,1,1,1,1,1,1,6,70,27
"dig506","F","fifth","school2","school2_fifth","digital","participant",1,1,1,1,1,1,1,1,1,1,1,1,1,1,1,1,1,1,1,1,1,1,1,1,1,1,1,1,1,1,3,0,3,0,15,1,1,1,1,1,1,1,1,1,1,1,1,1,1,1,1,1,1,1,1,10,1,1,1,1,1,1,1,1,1,1,1,1,1,1,1,1,1,1,1,1,1,1,1,1,1,1,1,1,1,1,15,1,1,1,1,1,1,1,1,1,1,1,1,6,1,1,1,1,1,1,1,1,1,1,1,1,1,1,1,1,3,0,3,0,1,1,1,1,10,1,1,1,1,1,1,1,1,1,1,1,1,6,1,1,1,1,1,1,2,0,3,0,1,1,4,66,25
"dig507","M","fifth","school2","school2_fifth","digital","participant",1,1,1,1,1,1,1,1,1,1,1,1,1,1,1,1,1,1,1,1,1,1,1,1,2,0,1,1,1,1,1,1,2,0,15,1,1,1,1,1,1,1,1,1,1,1,1,1,1,1,1,1,1,1,1,10,1,1,1,1,1,1,1,1,1,1,1,1,1,1,1,1,1,1,1,1,1,1,1,1,1,1,1,1,1,1,15,1,1,1,1,1,1,1,1,1,1,1,1,6,1,1,1,1,1,1,1,1,1,1,1,1,1,1,1,1,3,0,1,1,1,1,1,1,11,1,1,1,1,1,1,1,1,1,1,1,1,6,1,1,2,0,1,1,1,1,3,0,1,1,4,67,26
"dig508","M","fifth","school2","school2_fifth","digital","participant",1,1,1,1,1,1,1,1,1,1,1,1,1,1,1,1,1,1,1,1,1,1,1,1,1,1,1,1,1,1,1,1,1,1,17,1,1,1,1,1,1,1,1,1,1,1,1,1,1,1,1,2,0,1,1,9,1,1,1,1,1,1,1,1,1,1,1,1,1,1,1,1,1,1,1,1,1,1,1,1,1,1,1,1,1,1,15,1,1,1,1,1,1,1,1,1,1,1,1,6,1,1,1,1,1,1,1,1,1,1,1,1,1,1,1,1,1,1,1,1,1,1,1,1,12,1,1,1,1,1,1,1,1,2,0,1,1,5,1,1,2,0,1,1,1,1,3,0,1,1,4,68,27
"dig509","F","fifth","school2","school2_fifth","digital","participant",1,1,1,1,1,1,1,1,1,1,1,1,1,1,1,1,1,1,1,1,1,1,1,1,1,1,1,1,1,1,1,1,1,1,17,1,1,1,1,1,1,1,1,1,1,1,1,1,1,1,1,1,1,1,1,10,1,1,1,1,1,1,1,1,1,1,1,1,1,1,1,1,1,1,1,1,1,1,1,1,1,1,1,1,1,1,15,1,1,1,1,1,1,2,0,2,0,1,1,4,1,1,1,1,1,1,1,1,1,1,1,1,1,1,1,1,1,1,1,1,1,1,1,1,12,1,1,1,1,1,1,1,1,1,1,1,1,6,1,1,1,1,1,1,1,1,1,1,1,1,6,70,27
"dig510","F","fifth","school2","school2_fifth","digital","participant",1,1,1,1,1,1,1,1,1,1,1,1,1,1,1,1,1,1,1,1,1,1,1,1,1,1,1,1,1,1,1,1,1,1,17,1,1,1,1,1,1,1,1,1,1,1,1,1,1,1,1,2,0,1,1,9,1,1,1,1,1,1,1,1,1,1,1,1,1,1,1,1,1,1,1,1,1,1,1,1,1,1,1,1,1,1,15,1,1,1,1,1,1,1,1,1,1,1,1,6,1,1,1,1,1,1,1,1,1,1,1,1,1,1,1,1,1,1,1,1,1,1,1,1,12,1,1,1,1,1,1,1,1,1,1,1,1,6,1,1,1,1,1,1,3,0,3,0,1,1,4,69,27
"dig511","M","fifth","school2","school2_fifth","digital","rejected",NA,NA,NA,NA,NA,NA,NA,NA,NA,NA,NA,NA,NA,NA,NA,NA,NA,NA,NA,NA,NA,NA,NA,NA,NA,NA,NA,NA,NA,NA,NA,NA,NA,NA,NA,NA,NA,NA,NA,NA,NA,NA,NA,NA,NA,NA,NA,NA,NA,NA,NA,NA,NA,NA,NA,NA,NA,NA,NA,NA,NA,NA,NA,NA,NA,NA,NA,NA,NA,NA,NA,NA,NA,NA,NA,NA,NA,NA,NA,NA,NA,NA,NA,NA,NA,NA,NA,NA,NA,NA,NA,NA,NA,NA,NA,NA,NA,NA,NA,NA,NA,NA,NA,NA,NA,NA,NA,NA,NA,NA,NA,NA,NA,NA,NA,NA,NA,NA,NA,NA,NA,NA,NA,NA,NA,NA,NA,NA,NA,NA,NA,NA,NA,NA,NA,NA,NA,NA,NA,NA,NA,NA,NA,NA,NA,NA,NA,NA,NA,NA,NA,NA,NA
"dig512","F","fifth","school2","school2_fifth","digital","participant",1,1,1,1,1,1,1,1,1,1,1,1,1,1,1,1,1,1,1,1,1,1,1,1,1,1,1,1,1,1,1,1,NA,0,16,1,1,1,1,1,1,1,1,1,1,1,1,2,0,1,1,1,1,1,1,9,1,1,1,1,1,1,1,1,1,1,1,1,1,1,1,1,1,1,1,1,1,1,1,1,1,1,1,1,1,1,15,1,1,1,1,1,1,2,0,1,1,1,1,5,1,1,1,1,1,1,1,1,1,1,1,1,1,1,1,1,1,1,1,1,1,1,1,1,12,1,1,1,1,1,1,1,1,2,0,1,1,5,1,1,1,1,1,1,1,1,3,0,1,1,5,67,27
"dig513","F","fifth","school2","school2_fifth","digital","participant",1,1,1,1,1,1,1,1,1,1,1,1,1,1,1,1,1,1,1,1,1,1,1,1,2,0,1,1,1,1,1,1,1,1,16,1,1,1,1,1,1,1,1,1,1,1,1,1,1,1,1,1,1,1,1,10,1,1,1,1,1,1,1,1,1,1,1,1,1,1,1,1,1,1,1,1,1,1,1,1,1,1,1,1,1,1,15,1,1,1,1,1,1,1,1,1,1,1,1,6,1,1,1,1,1,1,1,1,1,1,1,1,1,1,1,1,1,1,1,1,1,1,1,1,12,1,1,1,1,1,1,1,1,1,1,1,1,6,1,1,1,1,1,1,2,0,1,1,1,1,5,70,27
"dig514","F","fifth","school2","school2_fifth","digital","participant",1,1,1,1,1,1,1,1,1,1,1,1,1,1,1,1,1,1,1,1,1,1,1,1,1,1,1,1,1,1,1,1,1,1,17,1,1,1,1,1,1,1,1,1,1,1,1,1,1,1,1,1,1,1,1,10,1,1,1,1,1,1,1,1,1,1,1,1,1,1,1,1,1,1,1,1,1,1,1,1,1,1,1,1,1,1,15,1,1,1,1,1,1,1,1,2,0,1,1,5,1,1,1,1,1,1,1,1,1,1,1,1,1,1,1,1,1,1,1,1,1,1,1,1,12,1,1,1,1,1,1,1,1,1,1,1,1,6,2,0,1,1,1,1,1,1,1,1,1,1,5,70,27
"dig515","M","fifth","school2","school2_fifth","digital","rejected",NA,NA,NA,NA,NA,NA,NA,NA,NA,NA,NA,NA,NA,NA,NA,NA,NA,NA,NA,NA,NA,NA,NA,NA,NA,NA,NA,NA,NA,NA,NA,NA,NA,NA,NA,NA,NA,NA,NA,NA,NA,NA,NA,NA,NA,NA,NA,NA,NA,NA,NA,NA,NA,NA,NA,NA,NA,NA,NA,NA,NA,NA,NA,NA,NA,NA,NA,NA,NA,NA,NA,NA,NA,NA,NA,NA,NA,NA,NA,NA,NA,NA,NA,NA,NA,NA,NA,NA,NA,NA,NA,NA,NA,NA,NA,NA,NA,NA,NA,NA,NA,NA,NA,NA,NA,NA,NA,NA,NA,NA,NA,NA,NA,NA,NA,NA,NA,NA,NA,NA,NA,NA,NA,NA,NA,NA,NA,NA,NA,NA,NA,NA,NA,NA,NA,NA,NA,NA,NA,NA,NA,NA,NA,NA,NA,NA,NA,NA,NA,NA,NA,NA,NA
"dig516","M","fifth","school2","school2_fifth","digital","participant",1,1,1,1,1,1,1,1,1,1,1,1,1,1,1,1,1,1,1,1,1,1,1,1,3,0,1,1,1,1,1,1,3,0,15,1,1,1,1,1,1,1,1,1,1,1,1,1,1,1,1,3,0,1,1,9,1,1,1,1,1,1,1,1,1,1,1,1,1,1,1,1,1,1,1,1,1,1,1,1,1,1,1,1,1,1,15,1,1,1,1,1,1,1,1,2,0,2,0,4,1,1,1,1,1,1,1,1,1,1,1,1,1,1,1,1,1,1,1,1,1,1,1,1,12,1,1,1,1,1,1,1,1,1,1,1,1,6,1,1,1,1,1,1,1,1,3,0,1,1,5,66,27
"dig517","M","fifth","school2","school2_fifth","digital","participant",1,1,1,1,1,1,1,1,1,1,1,1,1,1,1,1,1,1,1,1,1,1,1,1,1,1,1,1,1,1,1,1,1,1,17,1,1,1,1,1,1,1,1,1,1,1,1,1,1,1,1,1,1,1,1,10,1,1,1,1,1,1,1,1,1,1,1,1,1,1,1,1,1,1,1,1,1,1,1,1,1,1,1,1,1,1,15,1,1,1,1,1,1,1,1,1,1,1,1,6,1,1,1,1,1,1,1,1,1,1,1,1,1,1,1,1,1,1,1,1,1,1,1,1,12,1,1,1,1,1,1,1,1,1,1,1,1,6,1,1,1,1,1,1,2,0,1,1,1,1,5,71,27
"dig518","M","fifth","school2","school2_fifth","digital","participant",1,1,1,1,1,1,1,1,1,1,1,1,1,1,1,1,1,1,1,1,1,1,1,1,1,1,1,1,1,1,1,1,1,1,17,1,1,1,1,1,1,1,1,1,1,1,1,1,1,1,1,2,0,1,1,9,1,1,1,1,1,1,1,1,1,1,1,1,1,1,1,1,1,1,1,1,1,1,1,1,1,1,1,1,1,1,15,1,1,1,1,1,1,1,1,1,1,1,1,6,1,1,1,1,1,1,1,1,1,1,1,1,1,1,1,1,1,1,1,1,1,1,1,1,12,1,1,1,1,1,1,1,1,1,1,1,1,6,1,1,1,1,1,1,1,1,1,1,1,1,6,71,27
"dig519","M","fifth","school2","school2_fifth","digital","rejected",NA,NA,NA,NA,NA,NA,NA,NA,NA,NA,NA,NA,NA,NA,NA,NA,NA,NA,NA,NA,NA,NA,NA,NA,NA,NA,NA,NA,NA,NA,NA,NA,NA,NA,NA,NA,NA,NA,NA,NA,NA,NA,NA,NA,NA,NA,NA,NA,NA,NA,NA,NA,NA,NA,NA,NA,NA,NA,NA,NA,NA,NA,NA,NA,NA,NA,NA,NA,NA,NA,NA,NA,NA,NA,NA,NA,NA,NA,NA,NA,NA,NA,NA,NA,NA,NA,NA,NA,NA,NA,NA,NA,NA,NA,NA,NA,NA,NA,NA,NA,NA,NA,NA,NA,NA,NA,NA,NA,NA,NA,NA,NA,NA,NA,NA,NA,NA,NA,NA,NA,NA,NA,NA,NA,NA,NA,NA,NA,NA,NA,NA,NA,NA,NA,NA,NA,NA,NA,NA,NA,NA,NA,NA,NA,NA,NA,NA,NA,NA,NA,NA,NA,NA
"dig520","M","fifth","school2","school2_fifth","digital","participant",1,1,1,1,1,1,1,1,1,1,1,1,1,1,1,1,1,1,1,1,1,1,1,1,1,1,1,1,1,1,1,1,1,1,17,1,1,1,1,1,1,1,1,1,1,1,1,1,1,1,1,1,1,1,1,10,1,1,1,1,1,1,1,1,1,1,1,1,1,1,1,1,1,1,1,1,1,1,1,1,1,1,1,1,1,1,15,1,1,1,1,1,1,1,1,1,1,1,1,6,1,1,1,1,1,1,1,1,1,1,1,1,1,1,1,1,1,1,1,1,1,1,1,1,12,1,1,1,1,1,1,1,1,1,1,1,1,6,1,1,1,1,1,1,1,1,3,0,1,1,5,71,27
"dig521","M","fifth","school2","school2_fifth","digital","participant",1,1,1,1,1,1,1,1,1,1,1,1,1,1,1,1,1,1,1,1,1,1,1,1,1,1,1,1,1,1,1,1,1,1,17,1,1,1,1,1,1,1,1,1,1,1,1,1,1,1,1,2,0,1,1,9,1,1,1,1,1,1,1,1,1,1,1,1,1,1,1,1,1,1,1,1,1,1,1,1,1,1,1,1,1,1,15,1,1,1,1,1,1,1,1,2,0,1,1,5,1,1,1,1,1,1,1,1,1,1,1,1,1,1,1,1,1,1,1,1,1,1,1,1,12,1,1,1,1,1,1,1,1,1,1,1,1,6,1,1,1,1,1,1,1,1,2,0,1,1,5,69,27
"dig522","M","fifth","school2","school2_fifth","digital","participant",1,1,1,1,1,1,1,1,1,1,1,1,1,1,1,1,1,1,1,1,1,1,1,1,1,1,1,1,1,1,1,1,1,1,17,1,1,1,1,1,1,1,1,1,1,1,1,1,1,1,1,1,1,1,1,10,1,1,1,1,1,1,1,1,1,1,1,1,1,1,1,1,1,1,1,1,1,1,1,1,1,1,1,1,1,1,15,1,1,1,1,1,1,2,0,2,0,1,1,4,1,1,1,1,1,1,1,1,1,1,1,1,1,1,1,1,1,1,1,1,1,1,1,1,12,1,1,1,1,1,1,1,1,1,1,1,1,6,1,1,1,1,1,1,3,0,1,1,1,1,5,69,27
"dig523","M","fifth","school2","school2_fifth","digital","participant",1,1,1,1,1,1,1,1,3,0,1,1,1,1,1,1,1,1,1,1,1,1,1,1,1,1,1,1,1,1,1,1,1,1,16,1,1,1,1,1,1,1,1,1,1,1,1,1,1,1,1,2,0,1,1,9,1,1,1,1,1,1,1,1,1,1,1,1,1,1,1,1,1,1,1,1,1,1,1,1,1,1,1,1,1,1,15,1,1,1,1,1,1,1,1,2,0,1,1,5,1,1,1,1,1,1,1,1,1,1,1,1,1,1,1,1,2,0,1,1,1,1,1,1,11,1,1,1,1,1,1,1,1,1,1,1,1,6,1,1,1,1,1,1,2,0,3,0,1,1,4,66,26
"dig524","F","fifth","school2","school2_fifth","digital","participant",1,1,1,1,1,1,1,1,1,1,1,1,1,1,1,1,1,1,1,1,1,1,1,1,1,1,1,1,1,1,1,1,2,0,16,1,1,1,1,1,1,1,1,1,1,1,1,2,0,1,1,2,0,2,0,7,1,1,1,1,1,1,1,1,1,1,1,1,1,1,1,1,1,1,1,1,1,1,1,1,1,1,1,1,1,1,15,1,1,1,1,1,1,2,0,1,1,1,1,5,1,1,1,1,1,1,1,1,1,1,1,1,1,1,1,1,2,0,1,1,1,1,1,1,11,1,1,1,1,1,1,1,1,2,0,1,1,5,1,1,1,1,1,1,1,1,2,0,1,1,5,64,26
"dig525","F","fifth","school2","school2_fifth","digital","rejected",NA,NA,NA,NA,NA,NA,NA,NA,NA,NA,NA,NA,NA,NA,NA,NA,NA,NA,NA,NA,NA,NA,NA,NA,NA,NA,NA,NA,NA,NA,NA,NA,NA,NA,NA,NA,NA,NA,NA,NA,NA,NA,NA,NA,NA,NA,NA,NA,NA,NA,NA,NA,NA,NA,NA,NA,NA,NA,NA,NA,NA,NA,NA,NA,NA,NA,NA,NA,NA,NA,NA,NA,NA,NA,NA,NA,NA,NA,NA,NA,NA,NA,NA,NA,NA,NA,NA,NA,NA,NA,NA,NA,NA,NA,NA,NA,NA,NA,NA,NA,NA,NA,NA,NA,NA,NA,NA,NA,NA,NA,NA,NA,NA,NA,NA,NA,NA,NA,NA,NA,NA,NA,NA,NA,NA,NA,NA,NA,NA,NA,NA,NA,NA,NA,NA,NA,NA,NA,NA,NA,NA,NA,NA,NA,NA,NA,NA,NA,NA,NA,NA,NA,NA
"dig526","M","fifth","school2","school2_fifth","digital","participant",1,1,1,1,1,1,1,1,1,1,1,1,1,1,1,1,3,0,1,1,1,1,1,1,1,1,1,1,1,1,3,0,3,0,14,1,1,1,1,1,1,1,1,1,1,1,1,1,1,1,1,2,0,1,1,9,1,1,1,1,1,1,1,1,1,1,1,1,1,1,1,1,1,1,1,1,1,1,1,1,1,1,1,1,1,1,15,1,1,1,1,1,1,1,1,2,0,1,1,5,1,1,1,1,1,1,1,1,1,1,1,1,1,1,1,1,1,1,1,1,1,1,1,1,12,1,1,1,1,1,1,1,1,2,0,2,0,4,1,1,1,1,1,1,2,0,2,0,1,1,4,63,27
"dig527","M","fifth","school2","school2_fifth","digital","participant",1,1,1,1,1,1,1,1,1,1,1,1,1,1,1,1,1,1,1,1,1,1,1,1,1,1,1,1,1,1,1,1,1,1,17,1,1,1,1,1,1,1,1,1,1,1,1,1,1,1,1,2,0,1,1,9,1,1,1,1,1,1,1,1,1,1,1,1,1,1,1,1,1,1,1,1,1,1,1,1,1,1,1,1,1,1,15,1,1,1,1,1,1,1,1,1,1,1,1,6,1,1,1,1,1,1,1,1,1,1,1,1,1,1,1,1,1,1,1,1,1,1,1,1,12,1,1,1,1,1,1,1,1,1,1,1,1,6,1,1,1,1,1,1,2,0,1,1,1,1,5,70,27
"dig528","F","fifth","school2","school2_fifth","digital","rejected",NA,NA,NA,NA,NA,NA,NA,NA,NA,NA,NA,NA,NA,NA,NA,NA,NA,NA,NA,NA,NA,NA,NA,NA,NA,NA,NA,NA,NA,NA,NA,NA,NA,NA,NA,NA,NA,NA,NA,NA,NA,NA,NA,NA,NA,NA,NA,NA,NA,NA,NA,NA,NA,NA,NA,NA,NA,NA,NA,NA,NA,NA,NA,NA,NA,NA,NA,NA,NA,NA,NA,NA,NA,NA,NA,NA,NA,NA,NA,NA,NA,NA,NA,NA,NA,NA,NA,NA,NA,NA,NA,NA,NA,NA,NA,NA,NA,NA,NA,NA,NA,NA,NA,NA,NA,NA,NA,NA,NA,NA,NA,NA,NA,NA,NA,NA,NA,NA,NA,NA,NA,NA,NA,NA,NA,NA,NA,NA,NA,NA,NA,NA,NA,NA,NA,NA,NA,NA,NA,NA,NA,NA,NA,NA,NA,NA,NA,NA,NA,NA,NA,NA,NA
"dig529","M","fifth","school2","school2_fifth","digital","participant",1,1,1,1,1,1,1,1,1,1,1,1,1,1,1,1,1,1,1,1,1,1,1,1,1,1,1,1,1,1,2,0,1,1,16,1,1,1,1,1,1,1,1,1,1,1,1,1,1,1,1,1,1,1,1,10,1,1,1,1,1,1,1,1,1,1,1,1,1,1,1,1,1,1,1,1,1,1,1,1,1,1,1,1,1,1,15,1,1,1,1,1,1,1,1,1,1,1,1,6,1,1,1,1,1,1,1,1,1,1,3,0,1,1,1,1,1,1,1,1,1,1,1,1,11,1,1,1,1,1,1,1,1,1,1,1,1,6,1,1,1,1,1,1,1,1,1,1,1,1,6,70,26
"dig530","F","fifth","school2","school2_fifth","digital","participant",1,1,1,1,1,1,1,1,1,1,1,1,1,1,1,1,1,1,1,1,1,1,1,1,1,1,1,1,1,1,1,1,1,1,17,1,1,1,1,1,1,1,1,1,1,1,1,1,1,1,1,2,0,1,1,9,1,1,1,1,1,1,1,1,1,1,1,1,1,1,1,1,1,1,1,1,1,1,1,1,1,1,1,1,1,1,15,1,1,1,1,1,1,2,0,1,1,1,1,5,1,1,1,1,1,1,1,1,1,1,1,1,1,1,1,1,2,0,1,1,1,1,1,1,11,1,1,1,1,1,1,1,1,1,1,1,1,6,1,1,2,0,1,1,2,0,2,0,1,1,3,66,26
"dig531","F","fifth","school2","school2_fifth","digital","rejected",NA,NA,NA,NA,NA,NA,NA,NA,NA,NA,NA,NA,NA,NA,NA,NA,NA,NA,NA,NA,NA,NA,NA,NA,NA,NA,NA,NA,NA,NA,NA,NA,NA,NA,NA,NA,NA,NA,NA,NA,NA,NA,NA,NA,NA,NA,NA,NA,NA,NA,NA,NA,NA,NA,NA,NA,NA,NA,NA,NA,NA,NA,NA,NA,NA,NA,NA,NA,NA,NA,NA,NA,NA,NA,NA,NA,NA,NA,NA,NA,NA,NA,NA,NA,NA,NA,NA,NA,NA,NA,NA,NA,NA,NA,NA,NA,NA,NA,NA,NA,NA,NA,NA,NA,NA,NA,NA,NA,NA,NA,NA,NA,NA,NA,NA,NA,NA,NA,NA,NA,NA,NA,NA,NA,NA,NA,NA,NA,NA,NA,NA,NA,NA,NA,NA,NA,NA,NA,NA,NA,NA,NA,NA,NA,NA,NA,NA,NA,NA,NA,NA,NA,NA
"dig532","M","fifth","school2","school2_fifth","digital","rejected",NA,NA,NA,NA,NA,NA,NA,NA,NA,NA,NA,NA,NA,NA,NA,NA,NA,NA,NA,NA,NA,NA,NA,NA,NA,NA,NA,NA,NA,NA,NA,NA,NA,NA,NA,NA,NA,NA,NA,NA,NA,NA,NA,NA,NA,NA,NA,NA,NA,NA,NA,NA,NA,NA,NA,NA,NA,NA,NA,NA,NA,NA,NA,NA,NA,NA,NA,NA,NA,NA,NA,NA,NA,NA,NA,NA,NA,NA,NA,NA,NA,NA,NA,NA,NA,NA,NA,NA,NA,NA,NA,NA,NA,NA,NA,NA,NA,NA,NA,NA,NA,NA,NA,NA,NA,NA,NA,NA,NA,NA,NA,NA,NA,NA,NA,NA,NA,NA,NA,NA,NA,NA,NA,NA,NA,NA,NA,NA,NA,NA,NA,NA,NA,NA,NA,NA,NA,NA,NA,NA,NA,NA,NA,NA,NA,NA,NA,NA,NA,NA,NA,NA,NA
"dig533","M","fifth","school2","school2_fifth","digital","participant",1,1,1,1,1,1,1,1,1,1,1,1,1,1,1,1,1,1,1,1,1,1,1,1,1,1,1,1,1,1,1,1,1,1,17,1,1,1,1,1,1,1,1,1,1,1,1,1,1,1,1,2,0,1,1,9,1,1,1,1,1,1,1,1,1,1,1,1,1,1,1,1,1,1,1,1,1,1,1,1,1,1,1,1,1,1,15,1,1,1,1,1,1,1,1,1,1,1,1,6,1,1,1,1,1,1,1,1,1,1,1,1,1,1,1,1,1,1,1,1,1,1,1,1,12,1,1,1,1,1,1,1,1,1,1,1,1,6,1,1,3,0,1,1,1,1,1,1,1,1,5,70,27
"dig534","F","fifth","school2","school2_fifth","digital","drop-out",NA,NA,NA,NA,NA,NA,NA,NA,NA,NA,NA,NA,NA,NA,NA,NA,NA,NA,NA,NA,NA,NA,NA,NA,NA,NA,NA,NA,NA,NA,NA,NA,NA,NA,NA,NA,NA,NA,NA,NA,NA,NA,NA,NA,NA,NA,NA,NA,NA,NA,NA,NA,NA,NA,NA,NA,NA,NA,NA,NA,NA,NA,NA,NA,NA,NA,NA,NA,NA,NA,NA,NA,NA,NA,NA,NA,NA,NA,NA,NA,NA,NA,NA,NA,NA,NA,NA,NA,NA,NA,NA,NA,NA,NA,NA,NA,NA,NA,NA,NA,NA,NA,NA,NA,NA,NA,NA,NA,NA,NA,NA,NA,NA,NA,NA,NA,NA,NA,NA,NA,NA,NA,NA,NA,NA,NA,NA,NA,NA,NA,NA,NA,NA,NA,NA,NA,NA,NA,NA,NA,NA,NA,NA,NA,NA,NA,NA,NA,NA,NA,NA,NA,NA
"digk01","M","kinder","school2","school2_kinder","digital","participant",1,1,1,1,1,1,1,1,1,1,1,1,1,1,1,1,1,1,1,1,1,1,1,1,1,1,1,1,1,1,2,0,1,1,16,1,1,2,0,1,1,1,1,1,1,1,1,2,0,2,0,1,1,1,1,7,1,1,1,1,1,1,1,1,1,1,2,0,2,0,2,0,2,0,2,0,2,0,2,0,2,0,2,0,2,0,5,1,1,1,1,1,1,1,1,2,0,1,1,5,3,0,2,0,2,0,2,0,2,0,2,0,2,0,2,0,2,0,2,0,1,1,2,0,1,1,1,2,0,2,0,1,1,1,1,2,0,3,1,1,1,1,1,1,1,1,3,0,1,1,5,42,6
"digk02","F","kinder","school2","school2_kinder","digital","participant",1,1,1,1,1,1,1,1,1,1,1,1,1,1,1,1,1,1,1,1,1,1,1,1,1,1,1,1,1,1,1,1,3,0,16,1,1,1,1,1,1,1,1,1,1,1,1,2,0,1,1,2,0,1,1,8,1,1,1,1,1,1,1,1,1,1,2,0,3,0,1,1,1,1,3,0,3,0,3,0,1,1,2,0,1,1,9,1,1,1,1,1,1,2,0,1,1,1,1,5,2,0,2,0,2,0,2,0,2,0,2,0,3,0,3,0,3,0,3,0,1,1,2,0,1,1,1,1,1,1,1,1,1,1,1,1,1,6,1,1,1,1,1,1,2,0,1,1,1,1,5,50,10
"digk03","F","kinder","school2","school2_kinder","digital","atypical",NA,NA,NA,NA,NA,NA,NA,NA,NA,NA,NA,NA,NA,NA,NA,NA,NA,NA,NA,NA,NA,NA,NA,NA,NA,NA,NA,NA,NA,NA,NA,NA,NA,NA,NA,NA,NA,NA,NA,NA,NA,NA,NA,NA,NA,NA,NA,NA,NA,NA,NA,NA,NA,NA,NA,NA,NA,NA,NA,NA,NA,NA,NA,NA,NA,NA,NA,NA,NA,NA,NA,NA,NA,NA,NA,NA,NA,NA,NA,NA,NA,NA,NA,NA,NA,NA,NA,NA,NA,NA,NA,NA,NA,NA,NA,NA,NA,NA,NA,NA,NA,NA,NA,NA,NA,NA,NA,NA,NA,NA,NA,NA,NA,NA,NA,NA,NA,NA,NA,NA,NA,NA,NA,NA,NA,NA,NA,NA,NA,NA,NA,NA,NA,NA,NA,NA,NA,NA,NA,NA,NA,NA,NA,NA,NA,NA,NA,NA,NA,NA,NA,NA,NA
"digk04","M","kinder","school2","school2_kinder","digital","participant",2,0,2,0,2,0,2,0,2,0,2,0,2,0,1,1,2,0,2,0,2,0,2,0,2,0,2,0,2,0,2,0,2,0,1,2,0,2,0,2,0,2,0,2,0,1,1,2,0,1,1,4,0,2,0,2,2,0,1,1,2,0,2,0,2,0,1,1,2,0,2,0,2,0,2,0,2,0,2,0,2,0,2,0,2,0,2,4,0,1,1,2,0,2,0,2,0,2,0,1,2,0,2,0,2,0,2,0,2,0,2,0,2,0,2,0,2,0,2,0,2,0,2,0,0,2,0,2,0,2,0,2,0,2,0,1,1,1,2,0,2,0,2,0,2,0,2,0,1,1,1,8,2
"digk05","F","kinder","school2","school2_kinder","digital","participant",1,1,1,1,1,1,1,1,3,0,1,1,1,1,1,1,1,1,1,1,1,1,2,0,1,1,3,0,3,0,2,0,2,0,11,1,1,2,0,2,0,2,0,2,0,1,1,2,0,2,0,2,0,2,0,2,1,1,1,1,2,0,3,0,1,1,2,0,2,0,2,0,2,0,2,0,2,0,2,0,2,0,2,0,2,0,3,1,1,1,1,1,1,2,0,2,0,1,1,4,2,0,3,0,3,0,3,0,3,0,3,0,3,0,3,0,3,0,3,0,3,0,3,0,0,2,0,2,0,2,0,3,0,3,0,2,0,0,1,1,1,1,1,1,2,0,1,1,1,1,5,25,3
"digk06","F","kinder","school2","school2_kinder","digital","rejected",NA,NA,NA,NA,NA,NA,NA,NA,NA,NA,NA,NA,NA,NA,NA,NA,NA,NA,NA,NA,NA,NA,NA,NA,NA,NA,NA,NA,NA,NA,NA,NA,NA,NA,NA,NA,NA,NA,NA,NA,NA,NA,NA,NA,NA,NA,NA,NA,NA,NA,NA,NA,NA,NA,NA,NA,NA,NA,NA,NA,NA,NA,NA,NA,NA,NA,NA,NA,NA,NA,NA,NA,NA,NA,NA,NA,NA,NA,NA,NA,NA,NA,NA,NA,NA,NA,NA,NA,NA,NA,NA,NA,NA,NA,NA,NA,NA,NA,NA,NA,NA,NA,NA,NA,NA,NA,NA,NA,NA,NA,NA,NA,NA,NA,NA,NA,NA,NA,NA,NA,NA,NA,NA,NA,NA,NA,NA,NA,NA,NA,NA,NA,NA,NA,NA,NA,NA,NA,NA,NA,NA,NA,NA,NA,NA,NA,NA,NA,NA,NA,NA,NA,NA
"digk07","M","kinder","school2","school2_kinder","digital","participant",1,1,2,0,2,0,1,1,3,0,1,1,1,1,1,1,3,0,2,0,1,1,3,0,1,1,2,0,1,1,2,0,2,0,8,1,1,2,0,1,1,1,1,1,1,1,1,2,0,2,0,3,0,1,1,6,1,1,1,1,1,1,1,1,1,1,1,1,1,1,1,1,1,1,1,1,1,1,1,1,1,1,1,1,1,1,15,1,1,1,1,1,1,1,1,1,1,1,1,6,3,0,1,1,1,1,1,1,1,1,2,0,1,1,1,1,2,0,1,1,1,1,1,1,9,1,1,1,1,1,1,1,1,1,1,1,1,6,1,1,1,1,1,1,1,1,3,0,1,1,5,55,24
"digk08","F","kinder","school2","school2_kinder","digital","participant",1,1,1,1,1,1,1,1,1,1,1,1,1,1,1,1,1,1,1,1,1,1,1,1,1,1,1,1,2,0,1,1,2,0,15,1,1,1,1,1,1,1,1,1,1,1,1,2,0,1,1,2,0,1,1,8,1,1,1,1,1,1,1,1,1,1,2,0,2,0,1,1,1,1,1,1,2,0,2,0,2,0,1,1,1,1,10,1,1,1,1,1,1,1,1,1,1,2,0,5,2,0,2,0,3,0,1,1,1,1,1,1,2,0,2,0,1,1,2,0,1,1,3,0,5,1,1,1,1,1,1,1,1,1,1,1,1,6,1,1,1,1,1,1,1,1,2,0,1,1,5,54,15
"digk09","F","kinder","school2","school2_kinder","digital","participant",1,1,1,1,1,1,1,1,1,1,1,1,1,1,1,1,1,1,1,1,1,1,1,1,1,1,1,1,1,1,1,1,1,1,17,1,1,1,1,1,1,1,1,1,1,1,1,2,0,1,1,2,0,1,1,8,1,1,1,1,1,1,1,1,1,1,3,0,1,1,2,0,1,1,3,0,3,0,3,0,3,0,3,0,3,0,7,1,1,1,1,1,1,1,1,1,1,2,0,5,3,0,3,0,3,0,3,0,3,0,3,0,3,0,2,0,3,0,3,0,3,0,3,0,0,1,1,1,1,1,1,1,1,1,1,1,1,6,1,1,1,1,1,1,3,0,1,1,1,1,5,48,7
"digk10","F","kinder","school2","school2_kinder","digital","participant",1,1,1,1,1,1,1,1,1,1,1,1,1,1,1,1,2,0,1,1,1,1,2,0,1,1,1,1,1,1,2,0,1,1,14,1,1,1,1,2,0,2,0,1,1,1,1,2,0,1,1,2,0,1,1,6,1,1,1,1,1,1,1,1,1,1,2,0,1,1,2,0,2,0,2,0,2,0,3,0,3,0,3,0,3,0,6,1,1,1,1,1,1,1,1,1,1,2,0,5,3,0,3,0,3,0,3,0,3,0,3,0,3,0,3,0,3,0,3,0,3,0,3,0,0,1,1,1,1,1,1,1,1,2,0,1,1,5,1,1,1,1,1,1,3,0,1,1,1,1,5,41,6
"digk11","M","kinder","school2","school2_kinder","digital","participant",4,0,4,0,2,0,1,1,4,0,1,1,2,0,1,1,1,1,2,0,1,1,2,0,2,0,1,1,1,1,2,0,1,1,8,1,1,1,1,2,0,1,1,2,0,1,1,2,0,1,1,2,0,1,1,6,1,1,1,1,2,0,2,0,3,0,3,0,3,0,2,0,3,0,3,0,3,0,3,0,3,0,3,0,3,0,2,3,0,4,0,4,0,4,0,4,0,4,0,0,3,0,3,0,3,0,3,0,3,0,3,0,3,0,3,0,3,0,3,0,3,0,3,0,0,2,0,2,0,2,0,2,0,2,0,1,1,1,2,0,1,1,1,1,2,0,2,0,1,1,3,20,2
"digk12","F","kinder","school2","school2_kinder","digital","participant",1,1,1,1,1,1,1,1,1,1,1,1,1,1,1,1,2,0,1,1,1,1,1,1,2,0,1,1,1,1,1,1,2,0,14,1,1,2,0,1,1,1,1,1,1,1,1,1,1,1,1,3,0,1,1,8,1,1,1,1,1,1,1,1,1,1,1,1,1,1,1,1,1,1,1,1,1,1,1,1,1,1,2,0,1,1,14,1,1,1,1,1,1,2,0,1,1,2,0,4,3,0,1,1,3,0,1,1,3,0,1,1,1,1,3,0,2,0,1,1,1,1,1,1,7,1,1,1,1,1,1,1,1,1,1,1,1,6,1,1,2,0,1,1,3,0,3,0,1,1,3,56,21
"digk13","M","kinder","school2","school2_kinder","digital","participant",2,0,2,0,2,0,1,1,2,0,1,1,1,1,1,1,2,0,4,0,2,0,3,0,3,0,2,0,1,1,2,0,2,0,5,1,1,1,1,2,0,1,1,1,1,1,1,2,0,1,1,2,0,2,0,6,1,1,1,1,1,1,1,1,1,1,1,1,1,1,1,1,1,1,1,1,1,1,1,1,1,1,1,1,1,1,15,1,1,1,1,1,1,1,1,1,1,2,0,5,1,1,1,1,1,1,1,1,1,1,1,1,1,1,1,1,1,1,1,1,1,1,1,1,12,1,1,1,1,1,1,1,1,2,0,1,1,5,1,1,1,1,2,0,2,0,1,1,2,0,3,51,27
"digk14","M","kinder","school2","school2_kinder","digital","participant",1,1,1,1,1,1,1,1,3,0,1,1,1,1,1,1,1,1,1,1,1,1,2,0,1,1,2,0,1,1,1,1,3,0,13,1,1,1,1,1,1,1,1,1,1,1,1,2,0,1,1,2,0,1,1,8,1,1,1,1,1,1,1,1,1,1,2,0,1,1,2,0,1,1,1,1,1,1,2,0,1,1,1,1,2,0,11,1,1,1,1,1,1,1,1,1,1,2,0,5,3,0,2,0,1,1,3,0,3,0,3,0,2,0,1,1,2,0,2,0,1,1,3,0,3,1,1,1,1,1,1,1,1,1,1,1,1,6,1,1,1,1,1,1,1,1,1,1,1,1,6,52,14
"digk15","F","kinder","school2","school2_kinder","digital","participant",1,1,1,1,1,1,1,1,2,0,1,1,1,1,1,1,1,1,1,1,1,1,2,0,2,0,1,1,2,0,2,0,1,1,16,1,1,1,1,1,1,1,1,1,1,1,1,3,0,1,1,3,0,1,1,8,1,1,1,1,1,1,1,1,1,1,1,1,1,1,1,1,1,1,1,1,2,0,1,1,2,0,2,0,3,0,11,1,1,1,1,3,0,1,1,2,0,1,1,4,1,1,1,1,1,1,1,1,1,1,3,0,1,1,3,0,3,0,3,0,1,1,4,0,7,1,1,1,1,1,1,1,1,2,0,1,1,5,1,1,1,1,1,1,1,1,1,1,1,1,5,56,18
"digk16","M","kinder","school2","school2_kinder","digital","participant",1,1,1,1,1,1,1,1,1,1,1,1,1,1,1,1,1,1,1,1,1,1,1,1,1,1,1,1,1,1,2,0,2,0,15,1,1,1,1,1,1,1,1,1,1,1,1,1,1,1,1,2,0,1,1,9,1,1,1,1,1,1,1,1,1,1,1,1,1,1,2,0,2,0,1,1,2,0,1,1,1,1,1,1,1,1,12,1,1,1,1,1,1,1,1,1,1,1,1,6,2,0,2,0,2,0,1,1,1,1,2,0,2,0,1,1,1,1,1,1,1,1,2,0,6,1,1,1,1,1,1,1,1,1,1,1,1,6,1,1,1,1,1,1,2,0,1,1,1,1,5,59,18
"digk17","F","kinder","school2","school2_kinder","digital","participant",1,1,2,0,2,0,2,0,2,0,1,1,1,1,1,1,1,1,1,1,2,0,2,0,2,0,2,0,1,1,2,0,2,0,7,1,1,1,1,1,1,1,1,2,0,1,1,1,1,1,1,2,0,1,1,8,1,1,1,1,1,1,1,1,1,1,1,1,1,1,2,0,1,1,1,1,1,1,1,1,1,1,1,1,1,1,14,1,1,1,1,1,1,1,1,1,1,2,0,5,1,1,1,1,1,1,1,1,1,1,1,1,1,1,1,1,1,1,1,1,1,1,1,1,12,1,1,1,1,1,1,1,1,2,0,1,1,5,1,1,1,1,1,1,2,0,1,1,1,1,5,56,26
"digk18","M","kinder","school2","school2_kinder","digital","participant",1,1,1,1,1,1,1,1,2,0,1,1,1,1,1,1,1,1,1,1,1,1,1,1,1,1,1,1,1,1,2,0,1,1,15,1,1,1,1,1,1,1,1,1,1,1,1,2,0,1,1,2,0,1,1,8,1,1,1,1,1,1,1,1,1,1,2,0,1,1,1,1,1,1,1,1,1,1,2,0,1,1,1,1,1,1,13,1,1,1,1,1,1,1,1,1,1,1,1,6,1,1,1,1,1,1,1,1,1,1,3,0,1,1,2,0,2,0,1,1,1,1,1,1,9,1,1,1,1,1,1,1,1,1,1,1,1,6,1,1,1,1,1,1,2,0,1,1,1,1,5,62,22
"digk19","M","kinder","school2","school2_kinder","digital","participant",3,0,1,1,3,0,1,1,2,0,1,1,1,1,1,1,1,1,1,1,2,0,1,1,2,0,1,1,1,1,3,0,2,0,10,1,1,1,1,3,0,3,0,3,0,1,1,2,0,2,0,3,0,1,1,4,3,0,1,1,1,1,1,1,1,1,2,0,1,1,2,0,3,0,3,0,1,1,3,0,1,1,1,1,3,0,8,4,0,1,1,4,0,4,0,4,0,4,0,1,3,0,3,0,2,0,1,1,3,0,3,0,3,0,3,0,3,0,3,0,1,1,3,0,2,2,0,1,1,2,0,1,1,2,0,1,1,3,2,0,4,0,1,1,2,0,1,1,1,1,3,31,10
"digk20","F","kinder","school2","school2_kinder","digital","participant",1,1,1,1,2,0,1,1,2,0,1,1,1,1,1,1,1,1,3,0,1,1,2,0,1,1,1,1,3,0,3,0,2,0,10,1,1,2,0,2,0,1,1,1,1,1,1,2,0,2,0,2,0,3,0,4,1,1,1,1,1,1,1,1,1,1,3,0,1,1,2,0,2,0,1,1,1,1,3,0,1,1,1,1,3,0,10,1,1,1,1,1,1,1,1,1,1,1,1,6,2,0,3,0,2,0,3,0,2,0,2,0,1,1,2,0,2,0,2,0,1,1,3,0,2,1,1,1,1,1,1,1,1,2,0,3,0,4,2,0,1,1,1,1,3,0,3,0,1,1,3,39,12
"digk21","M","kinder","school2","school2_kinder","digital","atypical",NA,NA,NA,NA,NA,NA,NA,NA,NA,NA,NA,NA,NA,NA,NA,NA,NA,NA,NA,NA,NA,NA,NA,NA,NA,NA,NA,NA,NA,NA,NA,NA,NA,NA,NA,NA,NA,NA,NA,NA,NA,NA,NA,NA,NA,NA,NA,NA,NA,NA,NA,NA,NA,NA,NA,NA,NA,NA,NA,NA,NA,NA,NA,NA,NA,NA,NA,NA,NA,NA,NA,NA,NA,NA,NA,NA,NA,NA,NA,NA,NA,NA,NA,NA,NA,NA,NA,NA,NA,NA,NA,NA,NA,NA,NA,NA,NA,NA,NA,NA,NA,NA,NA,NA,NA,NA,NA,NA,NA,NA,NA,NA,NA,NA,NA,NA,NA,NA,NA,NA,NA,NA,NA,NA,NA,NA,NA,NA,NA,NA,NA,NA,NA,NA,NA,NA,NA,NA,NA,NA,NA,NA,NA,NA,NA,NA,NA,NA,NA,NA,NA,NA,NA
"digk22","F","kinder","school2","school2_kinder","digital","participant",1,1,1,1,2,0,1,1,1,1,1,1,1,1,1,1,1,1,1,1,1,1,2,0,1,1,2,0,1,1,1,1,1,1,14,2,0,1,1,2,0,1,1,1,1,1,1,2,0,1,1,3,0,2,0,5,1,1,3,0,3,0,1,1,2,0,3,0,3,0,3,0,3,0,3,0,3,0,3,0,3,0,3,0,3,0,2,1,1,1,1,1,1,1,1,1,1,2,0,5,3,0,3,0,3,0,3,0,3,0,3,0,3,0,3,0,3,0,3,0,1,1,3,0,1,1,1,1,1,1,1,1,1,1,1,2,0,5,1,1,1,1,1,1,3,0,1,1,1,1,5,37,3
"digk23","M","kinder","school2","school2_kinder","digital","participant",3,0,2,0,3,0,1,1,1,1,2,0,1,1,1,1,2,0,1,1,1,1,1,1,1,1,1,1,1,1,3,0,1,1,11,2,0,1,1,3,0,3,0,3,0,1,1,3,0,3,0,3,0,3,0,2,2,0,3,0,3,0,3,0,3,0,4,0,3,0,3,0,3,0,3,0,3,0,3,0,4,0,3,0,3,0,0,1,1,1,1,1,1,1,1,1,1,1,1,6,3,0,3,0,3,0,3,0,3,0,3,0,3,0,3,0,3,0,3,0,3,0,3,0,0,3,0,3,0,3,0,3,0,3,0,3,0,0,1,1,2,0,1,1,3,0,2,0,3,0,2,21,0
"mix501","M","fifth","school3","school3_fifth","mixed","participant",1,1,1,1,1,1,1,1,1,1,1,1,1,1,1,1,1,1,1,1,1,1,1,1,1,1,1,1,1,1,1,1,3,0,16,1,1,1,1,1,1,1,1,1,1,1,1,1,1,1,1,1,1,1,1,10,1,1,1,1,1,1,1,1,1,1,1,1,1,1,1,1,1,1,1,1,1,1,1,1,1,1,1,1,1,1,15,1,1,1,1,1,1,1,1,1,1,1,1,6,3,0,1,1,1,1,1,1,1,1,1,1,1,1,1,1,1,1,1,1,1,1,1,1,11,1,1,1,1,1,1,1,1,1,1,1,1,6,1,1,1,1,2,0,1,1,1,1,3,0,4,68,26
"mix502","F","fifth","school3","school3_fifth","mixed","participant",1,1,3,0,1,1,1,1,1,1,1,1,1,1,1,1,1,1,1,1,1,1,1,1,1,1,1,1,1,1,3,0,4,0,14,1,1,1,1,1,1,1,1,1,1,1,1,1,1,1,1,2,0,1,1,9,1,1,1,1,1,1,1,1,1,1,2,0,1,1,2,0,1,1,1,1,1,1,1,1,1,1,1,1,1,1,13,1,1,1,1,1,1,1,1,1,1,1,1,6,1,1,1,1,1,1,2,0,1,1,1,1,1,1,1,1,4,0,1,1,1,1,3,0,9,1,1,1,1,1,1,1,1,1,1,1,1,6,3,0,1,1,1,1,1,1,3,0,1,1,4,61,22
"mix503","F","fifth","school3","school3_fifth","mixed","participant",1,1,1,1,1,1,1,1,1,1,1,1,1,1,1,1,1,1,1,1,1,1,1,1,1,1,1,1,2,0,2,0,2,0,14,1,1,1,1,1,1,1,1,1,1,1,1,1,1,1,1,2,0,1,1,9,1,1,1,1,1,1,1,1,1,1,1,1,1,1,1,1,1,1,1,1,1,1,1,1,1,1,1,1,1,1,15,1,1,1,1,1,1,2,0,2,0,1,1,4,1,1,1,1,2,0,1,1,1,1,1,1,1,1,1,1,2,0,1,1,1,1,1,1,10,1,1,1,1,1,1,1,1,1,1,1,1,6,1,1,1,1,1,1,2,0,3,0,2,0,3,61,25
"mix504","F","fifth","school3","school3_fifth","mixed","participant",1,1,1,1,1,1,1,1,1,1,1,1,1,1,1,1,1,1,1,1,1,1,2,0,1,1,1,1,1,1,1,1,1,1,16,1,1,1,1,1,1,1,1,1,1,1,1,1,1,1,1,2,0,1,1,9,1,1,1,1,1,1,1,1,1,1,1,1,1,1,1,1,1,1,1,1,1,1,1,1,1,1,1,1,1,1,15,1,1,1,1,1,1,1,1,1,1,1,1,6,1,1,1,1,1,1,1,1,1,1,1,1,1,1,1,1,1,1,1,1,1,1,1,1,12,1,1,1,1,1,1,1,1,1,1,1,1,6,1,1,1,1,1,1,1,1,1,1,1,1,6,70,27
"mix505","F","fifth","school3","school3_fifth","mixed","participant",1,1,1,1,1,1,1,1,1,1,1,1,1,1,1,1,1,1,1,1,1,1,1,1,1,1,1,1,1,1,1,1,1,1,17,1,1,1,1,1,1,1,1,1,1,1,1,1,1,1,1,2,0,1,1,9,1,1,1,1,1,1,1,1,1,1,1,1,1,1,1,1,1,1,1,1,1,1,1,1,1,1,1,1,1,1,15,1,1,1,1,1,1,1,1,1,1,1,1,6,1,1,1,1,1,1,1,1,1,1,1,1,1,1,1,1,1,1,1,1,1,1,1,1,12,1,1,1,1,1,1,1,1,1,1,1,1,6,1,1,1,1,1,1,1,1,1,1,1,1,6,71,27
"mix506","M","fifth","school3","school3_fifth","mixed","rejected",NA,NA,NA,NA,NA,NA,NA,NA,NA,NA,NA,NA,NA,NA,NA,NA,NA,NA,NA,NA,NA,NA,NA,NA,NA,NA,NA,NA,NA,NA,NA,NA,NA,NA,NA,NA,NA,NA,NA,NA,NA,NA,NA,NA,NA,NA,NA,NA,NA,NA,NA,NA,NA,NA,NA,NA,NA,NA,NA,NA,NA,NA,NA,NA,NA,NA,NA,NA,NA,NA,NA,NA,NA,NA,NA,NA,NA,NA,NA,NA,NA,NA,NA,NA,NA,NA,NA,NA,NA,NA,NA,NA,NA,NA,NA,NA,NA,NA,NA,NA,NA,NA,NA,NA,NA,NA,NA,NA,NA,NA,NA,NA,NA,NA,NA,NA,NA,NA,NA,NA,NA,NA,NA,NA,NA,NA,NA,NA,NA,NA,NA,NA,NA,NA,NA,NA,NA,NA,NA,NA,NA,NA,NA,NA,NA,NA,NA,NA,NA,NA,NA,NA,NA
"mix507","M","fifth","school3","school3_fifth","mixed","participant",1,1,1,1,1,1,1,1,1,1,1,1,1,1,1,1,1,1,1,1,1,1,1,1,1,1,1,1,3,0,1,1,1,1,16,1,1,1,1,1,1,1,1,1,1,1,1,3,0,3,0,3,0,3,0,6,1,1,1,1,1,1,1,1,1,1,3,0,2,0,2,0,1,1,1,1,3,0,3,0,1,1,3,0,3,0,8,1,1,1,1,1,1,1,1,1,1,3,0,5,3,0,3,0,1,1,3,0,1,1,3,0,3,0,3,0,3,0,3,0,3,0,1,1,3,3,0,1,1,2,0,1,1,1,1,1,1,4,1,1,1,1,1,1,1,1,3,0,3,0,4,46,11
"mix508","F","fifth","school3","school3_fifth","mixed","participant",1,1,1,1,1,1,1,1,1,1,1,1,1,1,1,1,1,1,1,1,1,1,1,1,1,1,1,1,1,1,1,1,1,1,17,1,1,1,1,1,1,1,1,1,1,1,1,1,1,1,1,2,0,1,1,9,1,1,1,1,1,1,1,1,1,1,1,1,1,1,1,1,1,1,1,1,1,1,1,1,1,1,1,1,1,1,15,2,0,1,1,1,1,1,1,1,1,1,1,5,1,1,1,1,1,1,1,1,1,1,1,1,1,1,1,1,1,1,1,1,1,1,1,1,12,1,1,1,1,1,1,1,1,1,1,1,1,6,1,1,1,1,1,1,1,1,1,1,1,1,6,70,27
"mix509","F","fifth","school3","school3_fifth","mixed","participant",2,0,1,1,1,1,1,1,1,1,1,1,1,1,1,1,1,1,1,1,1,1,1,1,1,1,1,1,1,1,3,0,1,1,15,1,1,1,1,1,1,1,1,1,1,1,1,1,1,1,1,2,0,1,1,9,1,1,1,1,1,1,1,1,1,1,1,1,1,1,1,1,1,1,1,1,1,1,1,1,1,1,1,1,1,1,15,1,1,1,1,1,1,2,0,2,0,1,1,4,2,0,1,1,1,1,1,1,1,1,1,1,1,1,1,1,2,0,1,1,1,1,2,0,9,1,1,1,1,1,1,1,1,1,1,1,1,6,1,1,1,1,1,1,1,1,2,0,1,1,5,63,24
"mix510","M","fifth","school3","school3_fifth","mixed","participant",1,1,1,1,1,1,1,1,1,1,1,1,1,1,1,1,1,1,1,1,1,1,2,0,1,1,1,1,1,1,1,1,1,1,16,2,0,1,1,1,1,1,1,1,1,1,1,1,1,1,1,2,0,1,1,8,1,1,1,1,1,1,1,1,1,1,1,1,1,1,1,1,1,1,1,1,1,1,1,1,1,1,1,1,1,1,15,1,1,1,1,1,1,1,1,1,1,1,1,6,1,1,1,1,1,1,1,1,1,1,1,1,1,1,1,1,1,1,1,1,1,1,1,1,12,1,1,1,1,1,1,1,1,1,1,1,1,6,1,1,1,1,1,1,1,1,1,1,1,1,6,69,27
"mix511","M","fifth","school3","school3_fifth","mixed","participant",1,1,1,1,1,1,1,1,1,1,1,1,1,1,1,1,1,1,1,1,1,1,1,1,1,1,1,1,1,1,3,0,1,1,16,2,0,1,1,1,1,1,1,1,1,1,1,2,0,1,1,3,0,1,1,7,1,1,1,1,1,1,1,1,1,1,1,1,1,1,1,1,1,1,1,1,1,1,1,1,1,1,1,1,1,1,15,1,1,1,1,1,1,2,0,1,1,1,1,5,1,1,1,1,1,1,1,1,1,1,1,1,1,1,1,1,1,1,1,1,1,1,1,1,12,1,1,1,1,1,1,1,1,1,1,1,1,6,1,1,1,1,1,1,1,1,2,0,1,1,5,66,27
"mix512","M","fifth","school3","school3_fifth","mixed","rejected",NA,NA,NA,NA,NA,NA,NA,NA,NA,NA,NA,NA,NA,NA,NA,NA,NA,NA,NA,NA,NA,NA,NA,NA,NA,NA,NA,NA,NA,NA,NA,NA,NA,NA,NA,NA,NA,NA,NA,NA,NA,NA,NA,NA,NA,NA,NA,NA,NA,NA,NA,NA,NA,NA,NA,NA,NA,NA,NA,NA,NA,NA,NA,NA,NA,NA,NA,NA,NA,NA,NA,NA,NA,NA,NA,NA,NA,NA,NA,NA,NA,NA,NA,NA,NA,NA,NA,NA,NA,NA,NA,NA,NA,NA,NA,NA,NA,NA,NA,NA,NA,NA,NA,NA,NA,NA,NA,NA,NA,NA,NA,NA,NA,NA,NA,NA,NA,NA,NA,NA,NA,NA,NA,NA,NA,NA,NA,NA,NA,NA,NA,NA,NA,NA,NA,NA,NA,NA,NA,NA,NA,NA,NA,NA,NA,NA,NA,NA,NA,NA,NA,NA,NA
"mix513","M","fifth","school3","school3_fifth","mixed","participant",1,1,1,1,1,1,1,1,1,1,1,1,1,1,1,1,1,1,1,1,1,1,1,1,1,1,1,1,1,1,1,1,1,1,17,1,1,1,1,1,1,1,1,1,1,1,1,1,1,1,1,1,1,1,1,10,1,1,1,1,1,1,1,1,1,1,1,1,1,1,1,1,1,1,1,1,1,1,1,1,1,1,1,1,1,1,15,1,1,1,1,1,1,1,1,1,1,1,1,6,1,1,1,1,1,1,1,1,1,1,1,1,1,1,1,1,1,1,1,1,1,1,1,1,12,1,1,1,1,1,1,1,1,1,1,1,1,6,1,1,1,1,1,1,1,1,2,0,1,1,5,71,27
"mix514","M","fifth","school3","school3_fifth","mixed","participant",1,1,1,1,1,1,1,1,1,1,1,1,1,1,1,1,1,1,1,1,1,1,2,0,1,1,1,1,1,1,2,0,1,1,15,1,1,1,1,1,1,1,1,1,1,1,1,1,1,1,1,1,1,1,1,10,1,1,1,1,1,1,1,1,1,1,1,1,1,1,1,1,1,1,1,1,1,1,1,1,1,1,1,1,1,1,15,1,1,1,1,1,1,1,1,1,1,1,1,6,1,1,1,1,1,1,1,1,1,1,1,1,1,1,1,1,1,1,1,1,1,1,1,1,12,1,1,1,1,1,1,1,1,2,0,1,1,5,1,1,1,1,1,1,1,1,1,1,1,1,6,69,27
"mix515","F","fifth","school3","school3_fifth","mixed","participant",1,1,1,1,1,1,1,1,1,1,1,1,1,1,1,1,1,1,1,1,1,1,1,1,1,1,1,1,1,1,1,1,1,1,17,1,1,1,1,1,1,1,1,1,1,1,1,1,1,1,1,1,1,1,1,10,1,1,1,1,1,1,1,1,1,1,1,1,1,1,1,1,1,1,1,1,1,1,1,1,1,1,1,1,1,1,15,1,1,1,1,1,1,1,1,1,1,1,1,6,1,1,1,1,1,1,1,1,1,1,1,1,1,1,1,1,1,1,1,1,1,1,1,1,12,1,1,1,1,1,1,1,1,2,0,1,1,5,1,1,1,1,1,1,1,1,2,0,1,1,5,70,27
"mix516","F","fifth","school3","school3_fifth","mixed","participant",1,1,1,1,1,1,1,1,1,1,1,1,1,1,1,1,1,1,1,1,1,1,1,1,1,1,1,1,1,1,2,0,2,0,15,1,1,1,1,1,1,1,1,1,1,1,1,1,1,1,1,1,1,1,1,10,1,1,1,1,1,1,1,1,1,1,1,1,1,1,1,1,1,1,1,1,1,1,1,1,1,1,1,1,1,1,15,1,1,1,1,1,1,1,1,2,0,1,1,5,1,1,1,1,1,1,1,1,1,1,1,1,1,1,1,1,1,1,1,1,1,1,1,1,12,1,1,1,1,1,1,1,1,1,1,1,1,6,1,1,1,1,1,1,1,1,3,0,1,1,5,68,27
"mix517","M","fifth","school3","school3_fifth","mixed","participant",1,1,1,1,1,1,1,1,1,1,1,1,2,0,1,1,1,1,1,1,1,1,1,1,1,1,1,1,1,1,2,0,1,1,15,1,1,1,1,1,1,1,1,1,1,1,1,1,1,1,1,3,0,1,1,9,1,1,1,1,1,1,1,1,1,1,1,1,1,1,1,1,1,1,1,1,1,1,1,1,1,1,1,1,1,1,15,1,1,1,1,1,1,2,0,1,1,1,1,5,1,1,1,1,1,1,1,1,1,1,1,1,1,1,1,1,1,1,1,1,1,1,1,1,12,1,1,1,1,1,1,1,1,1,1,1,1,6,1,1,2,0,1,1,1,1,3,0,1,1,4,66,27
"mix518","M","fifth","school3","school3_fifth","mixed","participant",1,1,1,1,1,1,1,1,1,1,1,1,1,1,1,1,1,1,1,1,1,1,1,1,1,1,1,1,1,1,1,1,1,1,17,1,1,1,1,1,1,1,1,1,1,1,1,1,1,1,1,2,0,1,1,9,1,1,1,1,1,1,1,1,1,1,1,1,1,1,1,1,1,1,1,1,1,1,1,1,1,1,1,1,1,1,15,1,1,1,1,1,1,1,1,1,1,1,1,6,1,1,1,1,1,1,1,1,1,1,1,1,1,1,1,1,1,1,1,1,1,1,1,1,12,1,1,1,1,1,1,1,1,1,1,1,1,6,1,1,1,1,1,1,3,0,1,1,1,1,5,70,27
"mix519","M","fifth","school3","school3_fifth","mixed","rejected",NA,NA,NA,NA,NA,NA,NA,NA,NA,NA,NA,NA,NA,NA,NA,NA,NA,NA,NA,NA,NA,NA,NA,NA,NA,NA,NA,NA,NA,NA,NA,NA,NA,NA,NA,NA,NA,NA,NA,NA,NA,NA,NA,NA,NA,NA,NA,NA,NA,NA,NA,NA,NA,NA,NA,NA,NA,NA,NA,NA,NA,NA,NA,NA,NA,NA,NA,NA,NA,NA,NA,NA,NA,NA,NA,NA,NA,NA,NA,NA,NA,NA,NA,NA,NA,NA,NA,NA,NA,NA,NA,NA,NA,NA,NA,NA,NA,NA,NA,NA,NA,NA,NA,NA,NA,NA,NA,NA,NA,NA,NA,NA,NA,NA,NA,NA,NA,NA,NA,NA,NA,NA,NA,NA,NA,NA,NA,NA,NA,NA,NA,NA,NA,NA,NA,NA,NA,NA,NA,NA,NA,NA,NA,NA,NA,NA,NA,NA,NA,NA,NA,NA,NA
"mix520","F","fifth","school3","school3_fifth","mixed","participant",1,1,1,1,1,1,1,1,1,1,1,1,1,1,1,1,1,1,1,1,1,1,1,1,1,1,1,1,1,1,1,1,1,1,17,1,1,1,1,1,1,1,1,1,1,1,1,1,1,1,1,2,0,1,1,9,1,1,1,1,1,1,1,1,1,1,1,1,1,1,1,1,1,1,1,1,1,1,1,1,1,1,1,1,1,1,15,1,1,1,1,1,1,1,1,1,1,1,1,6,1,1,1,1,1,1,1,1,1,1,1,1,1,1,1,1,1,1,1,1,1,1,1,1,12,1,1,1,1,1,1,1,1,1,1,1,1,6,3,0,1,1,1,1,1,1,3,0,1,1,4,69,27
"mix521","F","fifth","school3","school3_fifth","mixed","participant",1,1,1,1,1,1,1,1,1,1,1,1,1,1,1,1,1,1,1,1,1,1,1,1,1,1,1,1,1,1,1,1,1,1,17,1,1,1,1,1,1,1,1,1,1,1,1,1,1,1,1,1,1,1,1,10,1,1,1,1,1,1,1,1,1,1,1,1,1,1,1,1,1,1,1,1,1,1,1,1,1,1,1,1,1,1,15,1,1,1,1,1,1,2,0,2,0,1,1,4,1,1,1,1,1,1,2,0,1,1,1,1,1,1,1,1,1,1,1,1,1,1,1,1,11,1,1,1,1,1,1,1,1,1,1,1,1,6,1,1,1,1,1,1,2,0,3,0,2,0,3,66,26
"mix522","F","fifth","school3","school3_fifth","mixed","participant",1,1,1,1,1,1,1,1,1,1,1,1,1,1,1,1,1,1,1,1,1,1,1,1,1,1,1,1,1,1,1,1,1,1,17,1,1,1,1,1,1,1,1,1,1,1,1,1,1,1,1,1,1,1,1,10,1,1,1,1,1,1,1,1,1,1,1,1,1,1,1,1,1,1,1,1,1,1,1,1,1,1,1,1,1,1,15,1,1,1,1,1,1,1,1,1,1,1,1,6,1,1,1,1,1,1,1,1,1,1,1,1,1,1,1,1,1,1,1,1,1,1,1,1,12,1,1,1,1,1,1,1,1,1,1,1,1,6,1,1,1,1,1,1,1,1,1,1,1,1,6,72,27
"mixk01","F","kinder","school3","school3_kinder","mixed","participant",2,0,2,0,1,1,1,1,2,0,1,1,1,1,1,1,1,1,1,1,1,1,1,1,2,0,2,0,1,1,2,0,3,0,10,1,1,1,1,1,1,3,0,4,0,1,1,3,0,1,1,3,0,3,0,5,1,1,1,1,1,1,1,1,3,0,3,0,3,0,3,0,3,0,3,0,3,0,3,0,3,0,3,0,3,0,4,1,1,1,1,1,1,1,1,1,1,1,1,6,1,1,1,1,1,1,3,0,3,0,3,0,3,0,3,0,3,0,3,0,3,0,3,0,3,2,0,1,1,2,0,1,1,3,0,3,0,2,1,1,1,1,1,1,3,0,2,0,1,1,4,34,7
"mixk02","F","kinder","school3","school3_kinder","mixed","participant",1,1,1,1,2,0,1,1,2,0,1,1,1,1,1,1,2,0,1,1,1,1,1,1,1,1,3,0,1,1,1,1,2,0,12,2,0,2,0,2,0,2,0,3,0,1,1,3,0,1,1,3,0,1,1,3,1,1,1,1,1,1,1,1,3,0,3,0,3,0,3,0,3,0,1,1,3,0,3,0,2,0,2,0,3,0,5,1,1,1,1,1,1,1,1,1,1,2,0,5,2,0,2,0,3,0,3,0,3,0,3,0,3,0,3,0,3,0,3,0,3,0,3,0,0,1,1,1,1,1,1,1,1,1,1,1,1,6,1,1,2,0,1,1,3,0,1,1,1,1,4,35,5
"mixk03","F","kinder","school3","school3_kinder","mixed","participant",1,1,2,0,1,1,1,1,1,1,1,1,1,1,1,1,1,1,1,1,2,0,1,1,2,0,1,1,1,1,2,0,2,0,12,1,1,1,1,1,1,1,1,1,1,1,1,2,0,2,0,2,0,1,1,7,1,1,1,1,1,1,1,1,1,1,1,1,1,1,1,1,1,1,1,1,1,1,1,1,1,1,1,1,2,0,14,1,1,1,1,2,0,1,1,1,1,2,0,4,1,1,1,1,1,1,1,1,1,1,1,1,1,1,1,1,1,1,1,1,1,1,2,0,11,1,1,1,1,1,1,1,1,2,0,2,0,4,1,1,1,1,1,1,1,1,1,1,1,1,6,58,25
"mixk04","M","kinder","school3","school3_kinder","mixed","participant",2,0,1,1,1,1,1,1,1,1,1,1,1,1,1,1,1,1,1,1,1,1,1,1,1,1,1,1,1,1,1,1,1,1,16,1,1,1,1,1,1,1,1,1,1,1,1,2,0,1,1,2,0,1,1,8,1,1,1,1,2,0,1,1,1,1,2,0,1,1,2,0,3,0,3,0,1,1,3,0,3,0,1,1,1,1,8,1,1,1,1,1,1,1,1,1,1,2,0,5,2,0,2,0,3,0,2,0,3,0,3,0,3,0,3,0,2,0,2,0,1,1,3,0,1,1,1,1,1,1,1,1,1,1,1,1,1,6,1,1,1,1,1,1,2,0,2,0,2,0,3,47,9
"mixk05","M","kinder","school3","school3_kinder","mixed","participant",1,1,2,0,2,0,1,1,2,0,2,0,1,1,1,1,2,0,1,1,1,1,2,0,2,0,2,0,1,1,2,0,2,0,7,1,1,2,0,2,0,2,0,3,0,1,1,2,0,2,0,3,0,2,0,2,1,1,1,1,1,1,3,0,2,0,3,0,2,0,2,0,2,0,2,0,2,0,2,0,3,0,3,0,3,0,3,1,1,1,1,1,1,1,1,2,0,2,0,4,2,0,2,0,3,0,2,0,2,0,2,0,2,0,2,0,2,0,2,0,2,0,3,0,0,1,1,1,1,3,0,2,0,3,0,3,0,2,1,1,2,0,1,1,2,0,3,0,2,0,2,20,3
"mixk06","F","kinder","school3","school3_kinder","mixed","participant",2,0,1,1,2,0,1,1,2,0,1,1,1,1,1,1,1,1,1,1,1,1,2,0,1,1,3,0,1,1,2,0,1,1,11,1,1,2,0,1,1,3,0,3,0,2,0,2,0,1,1,3,0,1,1,4,2,0,1,1,3,0,3,0,3,0,3,0,3,0,1,1,3,0,3,0,3,0,3,0,1,1,3,0,3,0,3,1,1,1,1,1,1,1,1,1,1,3,0,5,3,0,3,0,3,0,3,0,3,0,3,0,3,0,3,0,3,0,3,0,3,0,3,0,0,1,1,1,1,1,1,1,1,3,0,3,0,4,1,1,1,1,1,1,3,0,1,1,1,1,5,32,3
"mixk07","M","kinder","school3","school3_kinder","mixed","participant",1,1,2,0,2,0,1,1,1,1,1,1,1,1,1,1,1,1,1,1,1,1,1,1,1,1,1,1,1,1,2,0,2,0,13,1,1,1,1,1,1,1,1,1,1,1,1,1,1,1,1,2,0,2,0,8,1,1,1,1,1,1,1,1,1,1,3,0,1,1,1,1,1,1,1,1,2,0,1,1,3,0,1,1,1,1,12,1,1,1,1,2,0,1,1,1,1,1,1,5,1,1,2,0,1,1,3,0,1,1,1,1,1,1,1,1,1,1,1,1,1,1,1,1,10,1,1,1,1,1,1,1,1,1,1,1,1,6,1,1,1,1,1,1,1,1,2,0,1,1,5,59,22
"mixk08","M","kinder","school3","school3_kinder","mixed","participant",1,1,3,0,1,1,1,1,3,0,1,1,1,1,1,1,2,0,1,1,1,1,3,0,2,0,1,1,1,1,2,0,1,1,11,1,1,1,1,2,0,2,0,2,0,1,1,2,0,1,1,2,0,1,1,5,1,1,1,1,1,1,1,1,1,1,1,1,1,1,1,1,1,1,1,1,1,1,2,0,1,1,1,1,1,1,14,1,1,1,1,2,0,2,0,2,0,2,0,2,1,1,1,1,1,1,1,1,2,0,2,0,1,1,1,1,1,1,1,1,1,1,1,1,10,1,1,1,1,1,1,1,1,2,0,1,1,5,1,1,1,1,1,1,1,1,3,0,1,1,5,52,24
"mixk09","F","kinder","school3","school3_kinder","mixed","rejected",NA,NA,NA,NA,NA,NA,NA,NA,NA,NA,NA,NA,NA,NA,NA,NA,NA,NA,NA,NA,NA,NA,NA,NA,NA,NA,NA,NA,NA,NA,NA,NA,NA,NA,NA,NA,NA,NA,NA,NA,NA,NA,NA,NA,NA,NA,NA,NA,NA,NA,NA,NA,NA,NA,NA,NA,NA,NA,NA,NA,NA,NA,NA,NA,NA,NA,NA,NA,NA,NA,NA,NA,NA,NA,NA,NA,NA,NA,NA,NA,NA,NA,NA,NA,NA,NA,NA,NA,NA,NA,NA,NA,NA,NA,NA,NA,NA,NA,NA,NA,NA,NA,NA,NA,NA,NA,NA,NA,NA,NA,NA,NA,NA,NA,NA,NA,NA,NA,NA,NA,NA,NA,NA,NA,NA,NA,NA,NA,NA,NA,NA,NA,NA,NA,NA,NA,NA,NA,NA,NA,NA,NA,NA,NA,NA,NA,NA,NA,NA,NA,NA,NA,NA
"mixk10","M","kinder","school3","school3_kinder","mixed","participant",4,0,4,0,4,0,1,1,4,0,1,1,1,1,1,1,3,0,2,0,3,0,2,0,4,0,2,0,1,1,2,0,1,1,6,1,1,2,0,4,0,4,0,4,0,1,1,4,0,4,0,4,0,4,0,2,1,1,2,0,2,0,2,0,2,0,2,0,2,0,4,0,4,0,4,0,4,0,4,0,4,0,4,0,4,0,1,1,1,1,1,4,0,4,0,2,0,4,0,2,4,0,2,0,4,0,4,0,4,0,4,0,4,0,4,0,4,0,4,0,4,0,2,0,0,2,0,1,1,4,0,4,0,4,0,4,0,1,2,0,2,0,4,0,4,0,4,0,2,0,0,12,1
"mixk11","M","kinder","school3","school3_kinder","mixed","participant",1,1,1,1,1,1,1,1,1,1,1,1,1,1,1,1,1,1,1,1,1,1,1,1,1,1,1,1,1,1,2,0,2,0,15,1,1,1,1,1,1,1,1,2,0,1,1,2,0,1,1,2,0,1,1,7,1,1,1,1,1,1,1,1,1,1,2,0,3,0,1,1,1,1,3,0,2,0,1,1,2,0,1,1,1,1,10,1,1,1,1,1,1,1,1,1,1,2,0,5,3,0,3,0,1,1,3,0,1,1,3,0,3,0,3,0,3,0,3,0,1,1,1,1,4,1,1,1,1,1,1,1,1,1,1,1,1,6,1,1,1,1,1,1,1,1,1,1,1,1,6,53,14
"mixk12","M","kinder","school3","school3_kinder","mixed","participant",1,1,1,1,1,1,1,1,1,1,1,1,1,1,1,1,2,0,1,1,1,1,2,0,2,0,1,1,1,1,2,0,2,0,12,1,1,1,1,1,1,1,1,2,0,1,1,2,0,1,1,2,0,1,1,7,1,1,1,1,2,0,1,1,2,0,2,0,2,0,1,1,1,1,2,0,2,0,2,0,2,0,2,0,2,0,5,1,1,1,1,1,1,1,1,2,0,2,0,4,1,1,2,0,1,1,2,0,2,0,2,0,3,0,3,0,2,0,3,0,1,1,3,0,3,1,1,1,1,1,1,2,0,2,0,2,0,3,2,0,1,1,1,1,2,0,2,0,2,0,2,36,8
"mixk13","F","kinder","school3","school3_kinder","mixed","participant",1,1,2,0,2,0,1,1,2,0,1,1,1,1,1,1,1,1,2,0,1,1,2,0,2,0,1,1,1,1,2,0,2,0,9,1,1,1,1,1,1,1,1,1,1,1,1,2,0,1,1,2,0,2,0,7,1,1,1,1,1,1,1,1,1,1,2,0,1,1,2,0,1,1,2,0,2,0,1,1,1,1,1,1,1,1,11,1,1,1,1,1,1,1,1,1,1,2,0,5,2,0,1,1,1,1,1,1,1,1,2,0,1,1,1,1,2,0,1,1,1,1,1,1,9,2,0,1,1,2,0,1,1,1,1,1,1,4,1,1,2,0,1,1,2,0,1,1,2,0,3,48,20
"mixk14","M","kinder","school3","school3_kinder","mixed","participant",1,1,1,1,1,1,1,1,1,1,1,1,1,1,1,1,1,1,1,1,1,1,1,1,1,1,1,1,1,1,1,1,1,1,17,1,1,1,1,1,1,1,1,1,1,1,1,3,0,1,1,3,0,1,1,8,1,1,1,1,1,1,1,1,1,1,1,1,1,1,1,1,1,1,1,1,3,0,3,0,1,1,3,0,3,0,11,1,1,1,1,1,1,1,1,1,1,1,1,6,3,0,3,0,1,1,2,0,3,0,1,1,3,0,3,0,1,1,1,1,1,1,3,0,5,1,1,1,1,1,1,1,1,1,1,1,1,6,1,1,1,1,1,1,1,1,3,0,3,0,4,57,16
"mixk15","F","kinder","school3","school3_kinder","mixed","participant",1,1,2,0,1,1,1,1,1,1,1,1,1,1,1,1,1,1,1,1,1,1,2,0,1,1,1,1,1,1,2,0,1,1,14,1,1,1,1,1,1,1,1,1,1,1,1,2,0,1,1,2,0,1,1,8,1,1,1,1,1,1,1,1,1,1,2,0,1,1,1,1,1,1,1,1,2,0,3,0,2,0,3,0,3,0,9,1,1,1,1,1,1,1,1,1,1,2,0,5,2,0,2,0,1,1,3,0,3,0,1,1,3,0,1,1,3,0,3,0,1,1,2,0,4,1,1,1,1,1,1,1,1,1,1,1,1,6,1,1,1,1,1,1,2,0,1,1,1,1,5,51,13
"mixk16","F","kinder","school3","school3_kinder","mixed","participant",4,0,2,0,1,1,1,1,1,1,1,1,1,1,1,1,2,0,3,0,2,0,2,0,1,1,3,0,1,1,4,0,2,0,8,2,0,2,0,2,0,2,0,4,0,2,0,4,0,2,0,4,0,1,1,1,2,0,4,0,3,0,1,1,1,1,2,0,4,0,4,0,4,0,4,0,4,0,4,0,4,0,4,0,4,0,2,1,1,1,1,2,0,2,0,2,0,2,0,2,4,0,4,0,4,0,4,0,4,0,4,0,4,0,4,0,4,0,4,0,4,0,4,0,0,2,0,1,1,2,0,4,0,4,0,4,0,1,1,1,2,0,1,1,4,0,2,0,1,1,3,17,2
"mixk17","M","kinder","school3","school3_kinder","mixed","atypical",1,1,2,0,2,0,1,1,2,0,2,0,1,1,1,1,1,1,2,0,1,1,2,0,2,0,1,1,1,1,2,0,2,0,8,2,0,2,0,4,0,4,0,4,0,1,1,1,1,3,0,2,0,1,1,3,1,1,2,0,2,0,2,0,2,0,2,0,2,0,2,0,2,0,2,0,2,0,2,0,2,0,2,0,2,0,1,1,1,1,1,3,0,1,1,2,0,4,0,3,2,0,2,0,2,0,2,0,2,0,2,0,2,0,2,0,2,0,2,0,2,0,2,0,0,2,0,2,0,4,0,4,0,4,0,4,0,0,3,0,1,1,1,1,2,0,1,1,2,0,3,18,1
"mixk18","M","kinder","school3","school3_kinder","mixed","atypical",2,0,2,0,2,0,1,1,2,0,2,0,2,0,2,0,2,0,1,1,1,1,4,0,2,0,2,0,1,1,2,0,3,0,4,1,1,1,1,2,0,2,0,2,0,1,1,2,0,2,0,3,0,3,0,3,1,1,2,0,2,0,2,0,2,0,1,1,2,0,2,0,1,1,2,0,2,0,2,0,2,0,2,0,3,0,3,1,1,1,1,1,1,1,1,1,1,2,0,5,2,0,2,0,2,0,3,0,2,0,2,0,2,0,2,0,2,0,2,0,3,0,2,0,0,2,0,2,0,2,0,2,0,2,0,2,0,0,2,0,2,0,1,1,2,0,2,0,2,0,1,16,3
"mixk19","F","kinder","school3","school3_kinder","mixed","participant",1,1,1,1,1,1,1,1,2,0,1,1,1,1,1,1,1,1,1,1,1,1,2,0,1,1,1,1,1,1,1,1,3,0,14,1,1,1,1,1,1,3,0,3,0,1,1,1,1,3,0,3,0,1,1,6,1,1,1,1,1,1,1,1,1,1,1,1,1,1,2,0,2,0,1,1,2,0,2,0,2,0,2,0,2,0,8,1,1,1,1,1,1,1,1,1,1,1,1,6,2,0,1,1,2,0,2,0,2,0,2,0,2,0,2,0,2,0,2,0,1,1,2,0,2,1,1,1,1,1,1,1,1,1,1,1,1,6,1,1,1,1,1,1,3,0,1,1,1,1,5,47,10
"mixk20","M","kinder","school3","school3_kinder","mixed","atypical",NA,NA,NA,NA,NA,NA,NA,NA,NA,NA,NA,NA,NA,NA,NA,NA,NA,NA,NA,NA,NA,NA,NA,NA,NA,NA,NA,NA,NA,NA,NA,NA,NA,NA,NA,NA,NA,NA,NA,NA,NA,NA,NA,NA,NA,NA,NA,NA,NA,NA,NA,NA,NA,NA,NA,NA,NA,NA,NA,NA,NA,NA,NA,NA,NA,NA,NA,NA,NA,NA,NA,NA,NA,NA,NA,NA,NA,NA,NA,NA,NA,NA,NA,NA,NA,NA,NA,NA,NA,NA,NA,NA,NA,NA,NA,NA,NA,NA,NA,NA,NA,NA,NA,NA,NA,NA,NA,NA,NA,NA,NA,NA,NA,NA,NA,NA,NA,NA,NA,NA,NA,NA,NA,NA,NA,NA,NA,NA,NA,NA,NA,NA,NA,NA,NA,NA,NA,NA,NA,NA,NA,NA,NA,NA,NA,NA,NA,NA,NA,NA,NA,NA,NA
"mixk21","F","kinder","school3","school3_kinder","mixed","participant",2,0,1,1,1,1,1,1,2,0,1,1,1,1,1,1,1,1,1,1,1,1,2,0,1,1,1,1,1,1,1,1,2,0,13,1,1,2,0,2,0,3,0,3,0,1,1,3,0,2,0,3,0,1,1,3,1,1,1,1,1,1,1,1,1,1,2,0,1,1,2,0,1,1,1,1,2,0,3,0,3,0,1,1,2,0,9,1,1,1,1,1,1,1,1,1,1,1,1,6,3,0,3,0,3,0,3,0,3,0,3,0,3,0,2,0,3,0,3,0,1,1,2,0,1,2,0,1,1,2,0,1,1,1,1,1,1,4,1,1,2,0,1,1,2,0,1,1,1,1,4,40,10
"mixk22","M","kinder","school3","school3_kinder","mixed","participant",3,0,2,0,2,0,1,1,2,0,1,1,1,1,1,1,2,0,2,0,1,1,1,1,1,1,1,1,1,1,2,0,3,0,9,3,0,2,0,4,0,4,0,4,0,1,1,4,0,2,0,4,0,1,1,2,1,1,1,1,1,1,1,1,1,1,3,0,3,0,3,0,3,0,3,0,3,0,3,0,3,0,2,0,3,0,5,1,1,2,0,2,0,2,0,1,1,1,1,3,2,0,2,0,4,0,4,0,4,0,4,0,4,0,4,0,4,0,4,0,4,0,4,0,0,3,0,1,1,3,0,1,1,2,0,3,0,2,1,1,2,0,1,1,2,0,2,0,1,1,3,24,5
"mixk23","F","kinder","school3","school3_kinder","mixed","participant",2,0,1,1,1,1,1,1,1,1,1,1,1,1,1,1,1,1,1,1,1,1,1,1,1,1,1,1,1,1,1,1,2,0,15,1,1,1,1,1,1,1,1,1,1,1,1,1,1,2,0,2,0,1,1,8,1,1,1,1,1,1,1,1,1,1,1,1,1,1,1,1,3,0,1,1,1,1,1,1,1,1,3,0,2,0,12,1,1,1,1,2,0,1,1,1,1,2,0,4,2,0,1,1,2,0,2,0,3,0,2,0,2,0,2,0,2,0,1,1,1,1,1,1,4,1,1,1,1,1,1,1,1,1,1,1,1,6,1,1,1,1,1,1,2,0,2,0,1,1,4,53,16
"mixk24","F","kinder","school3","school3_kinder","mixed","participant",1,1,1,1,2,0,1,1,1,1,1,1,1,1,1,1,2,0,1,1,1,1,2,0,2,0,1,1,1,1,2,0,1,1,12,1,1,1,1,2,0,2,0,2,0,1,1,3,0,3,0,3,0,1,1,4,1,1,3,0,3,0,1,1,3,0,3,0,3,0,3,0,3,0,3,0,3,0,3,0,1,1,3,0,3,0,3,1,1,1,1,1,1,1,1,1,1,1,1,6,3,0,3,0,4,0,3,0,3,0,3,0,3,0,3,0,3,0,3,0,1,1,3,0,1,1,1,1,1,1,1,1,1,1,1,2,0,5,1,1,1,1,1,1,2,0,2,0,2,0,3,34,4
"mixk25","F","kinder","school3","school3_kinder","mixed","participant",1,1,2,0,2,0,1,1,1,1,2,0,1,1,1,1,2,0,1,1,1,1,1,1,2,0,1,1,1,1,2,0,2,0,10,1,1,1,1,2,0,4,0,4,0,1,1,2,0,1,1,4,0,1,1,5,1,1,1,1,1,1,1,1,1,1,2,0,3,0,1,1,3,0,1,1,3,0,3,0,3,0,3,0,3,0,7,2,0,2,0,1,1,1,1,1,1,1,1,4,3,0,3,0,3,0,3,0,3,0,3,0,3,0,3,0,3,0,3,0,3,0,3,0,0,2,0,2,0,4,0,1,1,3,0,1,1,2,1,1,2,0,1,1,3,0,2,0,2,0,2,30,7
"mixk26","F","kinder","school3","school3_kinder","mixed","participant",1,1,2,0,1,1,1,1,3,0,3,0,1,1,1,1,1,1,1,1,1,1,2,0,1,1,3,0,1,1,2,0,3,0,10,1,1,2,0,2,0,2,0,2,0,2,0,3,0,3,0,2,0,2,0,1,1,1,1,1,1,1,1,1,1,1,2,0,3,0,3,0,3,0,1,1,3,0,3,0,3,0,3,0,3,0,6,1,1,1,1,1,1,1,1,1,1,1,1,6,3,0,3,0,3,0,3,0,3,0,3,0,3,0,3,0,3,0,3,0,1,1,3,0,1,1,1,1,1,1,1,1,1,1,1,2,0,5,2,0,2,0,1,1,2,0,1,1,1,1,3,32,7
"mixk27","F","kinder","school3","school3_kinder","mixed","participant",1,1,4,0,1,1,1,1,1,1,1,1,1,1,1,1,1,1,1,1,1,1,1,1,1,1,4,0,1,1,3,0,1,1,14,1,1,1,1,1,1,1,1,1,1,1,1,2,0,1,1,2,0,1,1,8,1,1,1,1,1,1,1,1,1,1,1,1,1,1,1,1,1,1,1,1,1,1,1,1,2,0,1,1,1,1,14,1,1,1,1,1,1,1,1,1,1,1,1,6,2,0,2,0,1,1,1,1,2,0,3,0,2,0,2,0,2,0,1,1,1,1,1,1,5,1,1,1,1,1,1,1,1,1,1,1,1,6,1,1,1,1,1,1,1,1,1,1,1,1,6,59,19
"mixk28","M","kinder","school3","school3_kinder","mixed","participant",1,1,2,0,1,1,1,1,1,1,1,1,1,1,1,1,1,1,1,1,1,1,1,1,1,1,1,1,1,1,1,1,1,1,16,1,1,1,1,1,1,1,1,1,1,1,1,1,1,1,1,1,1,2,0,9,1,1,1,1,1,1,1,1,1,1,1,1,1,1,1,1,1,1,1,1,1,1,1,1,2,0,3,0,1,1,13,1,1,1,1,1,1,1,1,1,1,1,1,6,1,1,1,1,1,1,1,1,1,1,1,1,3,0,2,0,2,0,1,1,1,1,2,0,8,1,1,1,1,1,1,1,1,1,1,1,1,6,1,1,1,1,1,1,1,1,1,1,1,1,6,64,21
"ppr501","F","fifth","school1","school1_fifth","paper","participant",1,1,1,1,1,1,1,1,1,1,1,1,1,1,1,1,1,1,1,1,1,1,1,1,1,1,1,1,1,1,2,0,2,0,15,1,1,1,1,1,1,1,1,1,1,1,1,1,1,1,1,1,1,1,1,10,1,1,1,1,1,1,1,1,1,1,1,1,1,1,1,1,1,1,1,1,1,1,1,1,1,1,1,1,1,1,15,1,1,1,1,1,1,1,1,1,1,1,1,6,1,1,1,1,1,1,1,1,1,1,1,1,1,1,1,1,1,1,1,1,1,1,1,1,12,1,1,1,1,1,1,1,1,1,1,1,1,6,1,1,1,1,1,1,1,1,2,0,1,1,5,69,27
"ppr502","F","fifth","school1","school1_fifth","paper","rejected",NA,NA,NA,NA,NA,NA,NA,NA,NA,NA,NA,NA,NA,NA,NA,NA,NA,NA,NA,NA,NA,NA,NA,NA,NA,NA,NA,NA,NA,NA,NA,NA,NA,NA,NA,NA,NA,NA,NA,NA,NA,NA,NA,NA,NA,NA,NA,NA,NA,NA,NA,NA,NA,NA,NA,NA,NA,NA,NA,NA,NA,NA,NA,NA,NA,NA,NA,NA,NA,NA,NA,NA,NA,NA,NA,NA,NA,NA,NA,NA,NA,NA,NA,NA,NA,NA,NA,NA,NA,NA,NA,NA,NA,NA,NA,NA,NA,NA,NA,NA,NA,NA,NA,NA,NA,NA,NA,NA,NA,NA,NA,NA,NA,NA,NA,NA,NA,NA,NA,NA,NA,NA,NA,NA,NA,NA,NA,NA,NA,NA,NA,NA,NA,NA,NA,NA,NA,NA,NA,NA,NA,NA,NA,NA,NA,NA,NA,NA,NA,NA,NA,NA,NA
"ppr503","M","fifth","school1","school1_fifth","paper","participant",1,1,1,1,1,1,1,1,1,1,1,1,1,1,1,1,1,1,1,1,1,1,1,1,1,1,1,1,1,1,1,1,1,1,17,1,1,1,1,1,1,1,1,1,1,1,1,1,1,1,1,1,1,1,1,10,1,1,1,1,1,1,1,1,1,1,1,1,1,1,1,1,1,1,1,1,1,1,1,1,1,1,1,1,1,1,15,1,1,1,1,1,1,1,1,1,1,1,1,6,1,1,1,1,1,1,1,1,1,1,1,1,1,1,1,1,1,1,1,1,1,1,1,1,12,1,1,1,1,1,1,1,1,1,1,1,1,6,1,1,1,1,1,1,3,0,1,1,1,1,5,71,27
"ppr504","F","fifth","school1","school1_fifth","paper","participant",1,1,1,1,1,1,1,1,1,1,1,1,1,1,1,1,1,1,1,1,1,1,1,1,1,1,1,1,1,1,2,0,3,0,15,1,1,1,1,1,1,1,1,1,1,1,1,1,1,1,1,2,0,1,1,9,1,1,1,1,1,1,1,1,1,1,1,1,1,1,1,1,1,1,1,1,1,1,1,1,1,1,1,1,1,1,15,1,1,1,1,1,1,1,1,1,1,1,1,6,1,1,1,1,1,1,1,1,1,1,1,1,1,1,1,1,1,1,1,1,1,1,1,1,12,1,1,1,1,1,1,1,1,1,1,1,1,6,1,1,1,1,1,1,1,1,1,1,1,1,6,69,27
"ppr505","F","fifth","school1","school1_fifth","paper","participant",1,1,1,1,1,1,1,1,1,1,1,1,1,1,1,1,1,1,1,1,1,1,1,1,1,1,1,1,1,1,1,1,1,1,17,1,1,1,1,1,1,1,1,1,1,1,1,1,1,1,1,2,0,1,1,9,1,1,1,1,1,1,1,1,1,1,1,1,1,1,1,1,1,1,1,1,1,1,1,1,1,1,1,1,1,1,15,1,1,1,1,1,1,1,1,2,0,1,1,5,1,1,1,1,1,1,1,1,1,1,2,0,1,1,1,1,1,1,1,1,1,1,1,1,11,1,1,1,1,1,1,1,1,1,1,1,1,6,1,1,1,1,1,1,2,0,1,1,1,1,5,68,26
"ppr506","F","fifth","school1","school1_fifth","paper","participant",1,1,1,1,1,1,1,1,1,1,1,1,1,1,1,1,1,1,1,1,1,1,1,1,1,1,1,1,1,1,1,1,1,1,17,1,1,1,1,1,1,1,1,1,1,1,1,1,1,1,1,1,1,1,1,10,1,1,1,1,1,1,1,1,1,1,1,1,1,1,1,1,1,1,1,1,1,1,1,1,1,1,1,1,1,1,15,1,1,1,1,1,1,2,0,1,1,1,1,5,1,1,1,1,1,1,1,1,1,1,1,1,1,1,1,1,1,1,1,1,1,1,1,1,12,1,1,1,1,1,1,1,1,1,1,1,1,6,1,1,1,1,1,1,1,1,2,0,1,1,5,70,27
"ppr507","M","fifth","school1","school1_fifth","paper","participant",1,1,1,1,1,1,1,1,1,1,1,1,1,1,1,1,1,1,1,1,1,1,1,1,1,1,1,1,1,1,3,0,3,0,15,1,1,1,1,1,1,1,1,1,1,1,1,1,1,1,1,2,0,1,1,9,1,1,1,1,1,1,1,1,1,1,1,1,1,1,1,1,1,1,1,1,1,1,1,1,1,1,1,1,1,1,15,1,1,1,1,1,1,1,1,1,1,1,1,6,1,1,1,1,1,1,1,1,1,1,1,1,1,1,1,1,1,1,1,1,1,1,1,1,12,1,1,1,1,1,1,1,1,1,1,1,1,6,1,1,1,1,1,1,2,0,1,1,1,1,5,68,27
"ppr508","F","fifth","school1","school1_fifth","paper","participant",1,1,1,1,1,1,1,1,1,1,1,1,1,1,1,1,2,0,1,1,1,1,1,1,1,1,1,1,1,1,1,1,1,1,16,1,1,1,1,1,1,1,1,1,1,1,1,1,1,1,1,1,1,1,1,10,1,1,1,1,1,1,1,1,1,1,1,1,1,1,1,1,1,1,1,1,1,1,1,1,1,1,1,1,1,1,15,1,1,1,1,1,1,1,1,1,1,1,1,6,1,1,1,1,1,1,3,0,1,1,1,1,1,1,1,1,1,1,1,1,1,1,1,1,11,1,1,1,1,1,1,1,1,1,1,1,1,6,1,1,1,1,1,1,2,0,2,0,2,0,3,67,26
"ppr509","F","fifth","school1","school1_fifth","paper","participant",1,1,1,1,1,1,1,1,1,1,1,1,1,1,1,1,1,1,1,1,1,1,1,1,1,1,1,1,1,1,1,1,1,1,17,1,1,1,1,1,1,1,1,1,1,1,1,1,1,1,1,1,1,1,1,10,1,1,1,1,1,1,1,1,1,1,1,1,1,1,1,1,1,1,1,1,1,1,1,1,1,1,1,1,1,1,15,1,1,1,1,1,1,2,0,2,0,1,1,4,1,1,1,1,1,1,1,1,1,1,1,1,1,1,1,1,1,1,1,1,1,1,1,1,12,1,1,1,1,1,1,1,1,1,1,1,1,6,1,1,1,1,1,1,2,0,1,1,1,1,5,69,27
"ppr510","M","fifth","school1","school1_fifth","paper","participant",1,1,1,1,1,1,1,1,1,1,1,1,1,1,1,1,1,1,1,1,1,1,1,1,1,1,1,1,1,1,1,1,1,1,17,1,1,1,1,1,1,1,1,1,1,1,1,1,1,1,1,2,0,1,1,9,1,1,1,1,1,1,1,1,1,1,1,1,1,1,1,1,1,1,1,1,1,1,1,1,1,1,1,1,1,1,15,1,1,1,1,1,1,2,0,1,1,1,1,5,1,1,1,1,1,1,1,1,1,1,1,1,1,1,1,1,1,1,1,1,1,1,1,1,12,1,1,1,1,1,1,1,1,1,1,1,1,6,1,1,1,1,1,1,2,0,1,1,1,1,5,69,27
"ppr511","M","fifth","school1","school1_fifth","paper","participant",1,1,1,1,1,1,1,1,3,0,1,1,1,1,1,1,1,1,1,1,1,1,1,1,1,1,1,1,1,1,1,1,3,0,15,1,1,1,1,1,1,1,1,1,1,1,1,1,1,1,1,1,1,1,1,10,1,1,1,1,1,1,1,1,1,1,1,1,1,1,1,1,1,1,1,1,1,1,1,1,1,1,1,1,1,1,15,1,1,1,1,1,1,1,1,1,1,1,1,6,1,1,1,1,1,1,1,1,1,1,1,1,1,1,1,1,1,1,1,1,1,1,1,1,12,2,0,1,1,1,1,1,1,2,0,1,1,4,1,1,1,1,1,1,1,1,3,0,1,1,5,67,27
"ppr512","M","fifth","school1","school1_fifth","paper","rejected",NA,NA,NA,NA,NA,NA,NA,NA,NA,NA,NA,NA,NA,NA,NA,NA,NA,NA,NA,NA,NA,NA,NA,NA,NA,NA,NA,NA,NA,NA,NA,NA,NA,NA,NA,NA,NA,NA,NA,NA,NA,NA,NA,NA,NA,NA,NA,NA,NA,NA,NA,NA,NA,NA,NA,NA,NA,NA,NA,NA,NA,NA,NA,NA,NA,NA,NA,NA,NA,NA,NA,NA,NA,NA,NA,NA,NA,NA,NA,NA,NA,NA,NA,NA,NA,NA,NA,NA,NA,NA,NA,NA,NA,NA,NA,NA,NA,NA,NA,NA,NA,NA,NA,NA,NA,NA,NA,NA,NA,NA,NA,NA,NA,NA,NA,NA,NA,NA,NA,NA,NA,NA,NA,NA,NA,NA,NA,NA,NA,NA,NA,NA,NA,NA,NA,NA,NA,NA,NA,NA,NA,NA,NA,NA,NA,NA,NA,NA,NA,NA,NA,NA,NA
"ppr513","F","fifth","school1","school1_fifth","paper","participant",1,1,1,1,1,1,1,1,1,1,1,1,1,1,1,1,1,1,1,1,1,1,1,1,1,1,1,1,1,1,1,1,1,1,17,1,1,1,1,1,1,1,1,1,1,1,1,1,1,1,1,2,0,1,1,9,1,1,1,1,1,1,1,1,1,1,1,1,1,1,1,1,1,1,1,1,1,1,1,1,1,1,1,1,1,1,15,1,1,1,1,1,1,1,1,1,1,1,1,6,1,1,1,1,1,1,1,1,1,1,1,1,1,1,1,1,1,1,1,1,1,1,1,1,12,1,1,1,1,1,1,1,1,1,1,1,1,6,1,1,1,1,1,1,1,1,1,1,1,1,6,71,27
"ppr514","M","fifth","school1","school1_fifth","paper","participant",1,1,1,1,1,1,1,1,1,1,1,1,1,1,1,1,1,1,1,1,1,1,1,1,1,1,1,1,1,1,1,1,1,1,17,1,1,1,1,1,1,1,1,1,1,1,1,1,1,1,1,2,0,1,1,9,1,1,1,1,1,1,1,1,1,1,1,1,1,1,1,1,1,1,1,1,1,1,1,1,1,1,1,1,1,1,15,1,1,1,1,1,1,1,1,1,1,1,1,6,1,1,1,1,1,1,1,1,1,1,1,1,1,1,1,1,1,1,1,1,1,1,1,1,12,1,1,1,1,1,1,1,1,1,1,1,1,6,1,1,1,1,1,1,1,1,1,1,1,1,6,71,27
"ppr515","M","fifth","school1","school1_fifth","paper","participant",1,1,1,1,1,1,1,1,1,1,1,1,1,1,1,1,1,1,1,1,1,1,1,1,1,1,1,1,1,1,1,1,1,1,17,1,1,1,1,1,1,1,1,1,1,1,1,1,1,1,1,1,1,1,1,10,1,1,1,1,1,1,1,1,1,1,1,1,1,1,1,1,1,1,1,1,1,1,1,1,1,1,1,1,1,1,15,1,1,1,1,2,0,1,1,1,1,1,1,5,3,0,1,1,1,1,1,1,1,1,1,1,1,1,1,1,1,1,1,1,1,1,1,1,11,1,1,1,1,1,1,1,1,1,1,1,1,6,1,1,2,0,1,1,4,0,3,0,1,1,3,67,26
"ppr516","F","fifth","school1","school1_fifth","paper","rejected",NA,NA,NA,NA,NA,NA,NA,NA,NA,NA,NA,NA,NA,NA,NA,NA,NA,NA,NA,NA,NA,NA,NA,NA,NA,NA,NA,NA,NA,NA,NA,NA,NA,NA,NA,NA,NA,NA,NA,NA,NA,NA,NA,NA,NA,NA,NA,NA,NA,NA,NA,NA,NA,NA,NA,NA,NA,NA,NA,NA,NA,NA,NA,NA,NA,NA,NA,NA,NA,NA,NA,NA,NA,NA,NA,NA,NA,NA,NA,NA,NA,NA,NA,NA,NA,NA,NA,NA,NA,NA,NA,NA,NA,NA,NA,NA,NA,NA,NA,NA,NA,NA,NA,NA,NA,NA,NA,NA,NA,NA,NA,NA,NA,NA,NA,NA,NA,NA,NA,NA,NA,NA,NA,NA,NA,NA,NA,NA,NA,NA,NA,NA,NA,NA,NA,NA,NA,NA,NA,NA,NA,NA,NA,NA,NA,NA,NA,NA,NA,NA,NA,NA,NA
"ppr517","M","fifth","school1","school1_fifth","paper","participant",1,1,1,1,1,1,1,1,1,1,1,1,1,1,1,1,1,1,1,1,1,1,1,1,1,1,1,1,1,1,1,1,3,0,16,1,1,1,1,1,1,1,1,1,1,1,1,1,1,1,1,1,1,1,1,10,1,1,1,1,1,1,1,1,1,1,1,1,1,1,1,1,1,1,1,1,1,1,1,1,1,1,1,1,1,1,15,1,1,1,1,1,1,1,1,1,1,1,1,6,1,1,1,1,1,1,1,1,1,1,1,1,1,1,1,1,1,1,1,1,1,1,1,1,12,1,1,1,1,1,1,1,1,1,1,1,1,6,1,1,1,1,1,1,1,1,3,0,1,1,5,70,27
"ppr518","M","fifth","school1","school1_fifth","paper","participant",1,1,1,1,1,1,1,1,1,1,1,1,1,1,1,1,1,1,1,1,1,1,1,1,1,1,1,1,1,1,1,1,1,1,17,1,1,1,1,1,1,1,1,1,1,1,1,1,1,1,1,2,0,1,1,9,1,1,1,1,1,1,1,1,1,1,1,1,1,1,1,1,1,1,1,1,1,1,1,1,1,1,1,1,1,1,15,1,1,1,1,1,1,1,1,1,1,1,1,6,1,1,1,1,1,1,1,1,1,1,1,1,1,1,1,1,1,1,1,1,1,1,1,1,12,1,1,1,1,1,1,1,1,1,1,1,1,6,1,1,1,1,1,1,1,1,1,1,2,0,5,70,27
"ppr519","F","fifth","school1","school1_fifth","paper","participant",1,1,1,1,1,1,1,1,1,1,1,1,1,1,1,1,1,1,1,1,1,1,1,1,1,1,1,1,1,1,2,0,3,0,15,1,1,1,1,1,1,1,1,1,1,1,1,1,1,1,1,3,0,1,1,9,1,1,1,1,1,1,1,1,1,1,3,0,1,1,1,1,1,1,1,1,1,1,3,0,1,1,1,1,1,1,13,1,1,1,1,1,1,2,0,1,1,1,1,5,3,0,1,1,1,1,3,0,1,1,1,1,1,1,3,0,3,0,3,0,1,1,3,0,6,1,1,1,1,1,1,1,1,1,1,1,1,6,1,1,2,0,1,1,3,0,3,0,3,0,2,56,19
"ppr520","F","fifth","school1","school1_fifth","paper","participant",1,1,1,1,1,1,1,1,1,1,1,1,1,1,1,1,1,1,1,1,2,0,1,1,1,1,1,1,1,1,1,1,1,1,16,1,1,1,1,1,1,1,1,1,1,1,1,1,1,1,1,2,0,1,1,9,1,1,1,1,1,1,1,1,1,1,1,1,1,1,1,1,1,1,1,1,1,1,1,1,1,1,1,1,1,1,15,2,0,1,1,1,1,2,0,1,1,1,1,4,1,1,1,1,1,1,3,0,1,1,1,1,1,1,2,0,2,0,1,1,1,1,2,0,8,1,1,1,1,2,0,1,1,1,1,2,0,4,1,1,2,0,1,1,1,1,3,0,1,1,4,60,23
"ppr521","M","fifth","school1","school1_fifth","paper","participant",1,1,1,1,1,1,1,1,1,1,1,1,1,1,1,1,1,1,1,1,1,1,1,1,1,1,1,1,1,1,3,0,3,0,15,1,1,1,1,1,1,1,1,1,1,1,1,2,0,1,1,4,0,1,1,8,1,1,1,1,1,1,1,1,1,1,3,0,1,1,1,1,1,1,1,1,1,1,1,1,1,1,1,1,1,1,14,1,1,1,1,1,1,2,0,1,1,1,1,5,1,1,1,1,1,1,1,1,1,1,1,1,1,1,1,1,3,0,1,1,1,1,1,1,11,2,0,1,1,2,0,1,1,2,0,1,1,3,1,1,2,0,1,1,3,0,3,0,3,0,2,58,25
"ppr522","M","fifth","school1","school1_fifth","paper","participant",3,0,1,1,1,1,1,1,1,1,1,1,1,1,1,1,1,1,1,1,1,1,1,1,1,1,1,1,1,1,1,1,1,1,16,1,1,1,1,1,1,1,1,1,1,1,1,1,1,1,1,1,1,1,1,10,1,1,1,1,1,1,1,1,1,1,1,1,1,1,1,1,1,1,1,1,1,1,1,1,1,1,1,1,1,1,15,1,1,1,1,1,1,2,0,1,1,1,1,5,1,1,1,1,1,1,1,1,1,1,1,1,1,1,1,1,1,1,1,1,1,1,1,1,12,1,1,1,1,1,1,1,1,1,1,1,1,6,1,1,1,1,1,1,1,1,3,0,1,1,5,69,27
"ppr523","M","fifth","school1","school1_fifth","paper","participant",1,1,1,1,1,1,1,1,1,1,1,1,1,1,1,1,1,1,1,1,1,1,1,1,1,1,1,1,1,1,3,0,3,0,15,1,1,1,1,1,1,1,1,1,1,1,1,1,1,1,1,1,1,1,1,10,1,1,1,1,1,1,1,1,1,1,1,1,1,1,1,1,1,1,1,1,1,1,1,1,1,1,1,1,1,1,15,1,1,1,1,1,1,1,1,1,1,1,1,6,1,1,1,1,1,1,1,1,1,1,1,1,1,1,1,1,1,1,1,1,1,1,1,1,12,1,1,1,1,1,1,1,1,1,1,1,1,6,1,1,2,0,1,1,1,1,2,0,1,1,4,68,27
"ppr524","M","fifth","school1","school1_fifth","paper","participant",1,1,1,1,1,1,1,1,1,1,1,1,1,1,1,1,1,1,1,1,1,1,1,1,1,1,1,1,1,1,1,1,1,1,17,2,0,1,1,1,1,1,1,1,1,1,1,1,1,1,1,2,0,1,1,8,1,1,1,1,1,1,1,1,1,1,1,1,1,1,1,1,1,1,1,1,1,1,1,1,1,1,1,1,1,1,15,1,1,1,1,1,1,2,0,2,0,1,1,4,1,1,1,1,1,1,1,1,1,1,1,1,1,1,1,1,1,1,1,1,1,1,1,1,12,1,1,1,1,1,1,1,1,1,1,1,1,6,1,1,1,1,1,1,1,1,2,0,1,1,5,67,27
"ppr525","F","fifth","school1","school1_fifth","paper","participant",1,1,1,1,1,1,1,1,1,1,1,1,1,1,1,1,1,1,1,1,1,1,1,1,1,1,1,1,1,1,1,1,1,1,17,1,1,1,1,1,1,1,1,1,1,1,1,1,1,1,1,1,1,1,1,10,1,1,1,1,1,1,1,1,1,1,1,1,1,1,1,1,1,1,1,1,1,1,1,1,1,1,1,1,1,1,15,1,1,1,1,1,1,1,1,1,1,1,1,6,1,1,1,1,1,1,1,1,1,1,1,1,1,1,1,1,1,1,1,1,1,1,1,1,12,1,1,1,1,1,1,1,1,1,1,1,1,6,1,1,1,1,1,1,1,1,1,1,1,1,6,72,27
"ppr526","M","fifth","school1","school1_fifth","paper","participant",1,1,1,1,1,1,1,1,1,1,1,1,1,1,1,1,1,1,1,1,1,1,1,1,1,1,1,1,1,1,1,1,1,1,17,1,1,1,1,1,1,1,1,1,1,1,1,1,1,1,1,1,1,1,1,10,1,1,1,1,1,1,1,1,1,1,1,1,1,1,1,1,1,1,1,1,1,1,1,1,1,1,1,1,1,1,15,1,1,1,1,1,1,1,1,2,0,1,1,5,1,1,1,1,1,1,1,1,1,1,1,1,1,1,1,1,1,1,1,1,1,1,1,1,12,1,1,1,1,1,1,1,1,1,1,1,1,6,1,1,1,1,1,1,1,1,1,1,1,1,6,71,27
"ppr527","M","fifth","school1","school1_fifth","paper","participant",1,1,2,0,1,1,1,1,1,1,1,1,1,1,1,1,1,1,1,1,1,1,1,1,1,1,1,1,1,1,1,1,1,1,16,1,1,1,1,1,1,1,1,1,1,1,1,1,1,1,1,1,1,1,1,10,1,1,1,1,1,1,1,1,1,1,1,1,1,1,1,1,1,1,1,1,1,1,1,1,1,1,1,1,1,1,15,1,1,1,1,1,1,1,1,1,1,1,1,6,1,1,1,1,1,1,1,1,1,1,1,1,1,1,1,1,1,1,1,1,1,1,1,1,12,1,1,1,1,1,1,1,1,1,1,1,1,6,1,1,1,1,1,1,1,1,1,1,1,1,6,71,27
"ppr528","F","fifth","school1","school1_fifth","paper","rejected",NA,NA,NA,NA,NA,NA,NA,NA,NA,NA,NA,NA,NA,NA,NA,NA,NA,NA,NA,NA,NA,NA,NA,NA,NA,NA,NA,NA,NA,NA,NA,NA,NA,NA,NA,NA,NA,NA,NA,NA,NA,NA,NA,NA,NA,NA,NA,NA,NA,NA,NA,NA,NA,NA,NA,NA,NA,NA,NA,NA,NA,NA,NA,NA,NA,NA,NA,NA,NA,NA,NA,NA,NA,NA,NA,NA,NA,NA,NA,NA,NA,NA,NA,NA,NA,NA,NA,NA,NA,NA,NA,NA,NA,NA,NA,NA,NA,NA,NA,NA,NA,NA,NA,NA,NA,NA,NA,NA,NA,NA,NA,NA,NA,NA,NA,NA,NA,NA,NA,NA,NA,NA,NA,NA,NA,NA,NA,NA,NA,NA,NA,NA,NA,NA,NA,NA,NA,NA,NA,NA,NA,NA,NA,NA,NA,NA,NA,NA,NA,NA,NA,NA,NA
"ppr529","F","fifth","school1","school1_fifth","paper","rejected",NA,NA,NA,NA,NA,NA,NA,NA,NA,NA,NA,NA,NA,NA,NA,NA,NA,NA,NA,NA,NA,NA,NA,NA,NA,NA,NA,NA,NA,NA,NA,NA,NA,NA,NA,NA,NA,NA,NA,NA,NA,NA,NA,NA,NA,NA,NA,NA,NA,NA,NA,NA,NA,NA,NA,NA,NA,NA,NA,NA,NA,NA,NA,NA,NA,NA,NA,NA,NA,NA,NA,NA,NA,NA,NA,NA,NA,NA,NA,NA,NA,NA,NA,NA,NA,NA,NA,NA,NA,NA,NA,NA,NA,NA,NA,NA,NA,NA,NA,NA,NA,NA,NA,NA,NA,NA,NA,NA,NA,NA,NA,NA,NA,NA,NA,NA,NA,NA,NA,NA,NA,NA,NA,NA,NA,NA,NA,NA,NA,NA,NA,NA,NA,NA,NA,NA,NA,NA,NA,NA,NA,NA,NA,NA,NA,NA,NA,NA,NA,NA,NA,NA,NA
"ppr530","F","fifth","school1","school1_fifth","paper","participant",1,1,1,1,1,1,1,1,1,1,1,1,1,1,1,1,1,1,1,1,1,1,1,1,1,1,1,1,1,1,1,1,1,1,17,1,1,1,1,1,1,1,1,1,1,1,1,1,1,1,1,1,1,1,1,10,1,1,1,1,1,1,1,1,1,1,1,1,1,1,1,1,1,1,1,1,1,1,1,1,1,1,1,1,1,1,15,1,1,1,1,1,1,1,1,1,1,1,1,6,1,1,1,1,1,1,1,1,1,1,1,1,1,1,1,1,1,1,1,1,1,1,2,0,11,1,1,1,1,1,1,1,1,1,1,1,1,6,1,1,1,1,1,1,1,1,2,0,1,1,5,70,26
"ppr531","M","fifth","school1","school1_fifth","paper","participant",1,1,1,1,1,1,1,1,1,1,1,1,1,1,1,1,1,1,1,1,1,1,1,1,1,1,1,1,1,1,1,1,1,1,17,1,1,1,1,1,1,1,1,1,1,1,1,1,1,1,1,2,0,1,1,9,1,1,1,1,1,1,1,1,1,1,1,1,1,1,1,1,1,1,1,1,1,1,1,1,1,1,1,1,1,1,15,1,1,1,1,1,1,2,0,1,1,1,1,5,1,1,1,1,1,1,1,1,1,1,1,1,1,1,1,1,1,1,1,1,1,1,1,1,12,1,1,1,1,1,1,1,1,1,1,1,1,6,1,1,1,1,1,1,1,1,2,0,1,1,5,69,27
"ppr532","F","fifth","school1","school1_fifth","paper","participant",1,1,1,1,1,1,1,1,2,0,1,1,1,1,1,1,1,1,1,1,1,1,1,1,1,1,1,1,1,1,1,1,2,0,15,1,1,1,1,1,1,1,1,1,1,1,1,1,1,1,1,1,1,1,1,10,1,1,1,1,1,1,1,1,1,1,1,1,1,1,1,1,1,1,1,1,1,1,1,1,1,1,1,1,1,1,15,1,1,1,1,1,1,1,1,1,1,1,1,6,1,1,1,1,1,1,1,1,1,1,1,1,1,1,1,1,1,1,1,1,1,1,1,1,12,1,1,1,1,1,1,1,1,1,1,1,1,6,1,1,1,1,1,1,3,0,1,1,1,1,5,69,27
"ppr533","M","fifth","school1","school1_fifth","paper","participant",1,1,1,1,1,1,1,1,1,1,1,1,1,1,1,1,1,1,1,1,1,1,1,1,1,1,1,1,1,1,1,1,1,1,17,1,1,1,1,1,1,1,1,1,1,1,1,1,1,1,1,2,0,1,1,9,1,1,1,1,1,1,1,1,1,1,1,1,1,1,1,1,1,1,1,1,1,1,1,1,1,1,1,1,1,1,15,1,1,1,1,1,1,2,0,1,1,1,1,5,1,1,1,1,1,1,1,1,1,1,1,1,1,1,1,1,1,1,1,1,1,1,1,1,12,1,1,1,1,1,1,1,1,1,1,1,1,6,1,1,1,1,1,1,1,1,1,1,1,1,6,70,27
"ppr534","F","fifth","school1","school1_fifth","paper","rejected",NA,NA,NA,NA,NA,NA,NA,NA,NA,NA,NA,NA,NA,NA,NA,NA,NA,NA,NA,NA,NA,NA,NA,NA,NA,NA,NA,NA,NA,NA,NA,NA,NA,NA,NA,NA,NA,NA,NA,NA,NA,NA,NA,NA,NA,NA,NA,NA,NA,NA,NA,NA,NA,NA,NA,NA,NA,NA,NA,NA,NA,NA,NA,NA,NA,NA,NA,NA,NA,NA,NA,NA,NA,NA,NA,NA,NA,NA,NA,NA,NA,NA,NA,NA,NA,NA,NA,NA,NA,NA,NA,NA,NA,NA,NA,NA,NA,NA,NA,NA,NA,NA,NA,NA,NA,NA,NA,NA,NA,NA,NA,NA,NA,NA,NA,NA,NA,NA,NA,NA,NA,NA,NA,NA,NA,NA,NA,NA,NA,NA,NA,NA,NA,NA,NA,NA,NA,NA,NA,NA,NA,NA,NA,NA,NA,NA,NA,NA,NA,NA,NA,NA,NA
"ppr535","M","fifth","school1","school1_fifth","paper","participant",1,1,1,1,1,1,1,1,1,1,1,1,1,1,1,1,1,1,1,1,1,1,1,1,1,1,1,1,1,1,1,1,1,1,17,1,1,1,1,1,1,1,1,1,1,1,1,1,1,1,1,2,0,1,1,9,1,1,1,1,1,1,1,1,1,1,1,1,1,1,1,1,1,1,1,1,1,1,1,1,1,1,1,1,1,1,15,1,1,1,1,1,1,1,1,1,1,1,1,6,1,1,1,1,1,1,1,1,1,1,1,1,1,1,1,1,1,1,1,1,1,1,1,1,12,1,1,1,1,1,1,1,1,1,1,1,1,6,1,1,1,1,1,1,1,1,2,0,1,1,5,70,27
"ppr536","M","fifth","school1","school1_fifth","paper","participant",1,1,1,1,1,1,1,1,1,1,1,1,1,1,1,1,1,1,1,1,1,1,1,1,1,1,1,1,1,1,1,1,1,1,17,1,1,1,1,1,1,1,1,1,1,1,1,1,1,1,1,2,0,1,1,9,1,1,1,1,1,1,1,1,1,1,1,1,1,1,1,1,1,1,1,1,1,1,1,1,1,1,1,1,1,1,15,1,1,1,1,1,1,1,1,1,1,1,1,6,1,1,1,1,1,1,1,1,1,1,1,1,1,1,1,1,1,1,1,1,1,1,1,1,12,1,1,1,1,1,1,1,1,1,1,1,1,6,1,1,1,1,1,1,1,1,2,0,2,0,4,69,27
"ppr537","F","fifth","school1","school1_fifth","paper","rejected",NA,NA,NA,NA,NA,NA,NA,NA,NA,NA,NA,NA,NA,NA,NA,NA,NA,NA,NA,NA,NA,NA,NA,NA,NA,NA,NA,NA,NA,NA,NA,NA,NA,NA,NA,NA,NA,NA,NA,NA,NA,NA,NA,NA,NA,NA,NA,NA,NA,NA,NA,NA,NA,NA,NA,NA,NA,NA,NA,NA,NA,NA,NA,NA,NA,NA,NA,NA,NA,NA,NA,NA,NA,NA,NA,NA,NA,NA,NA,NA,NA,NA,NA,NA,NA,NA,NA,NA,NA,NA,NA,NA,NA,NA,NA,NA,NA,NA,NA,NA,NA,NA,NA,NA,NA,NA,NA,NA,NA,NA,NA,NA,NA,NA,NA,NA,NA,NA,NA,NA,NA,NA,NA,NA,NA,NA,NA,NA,NA,NA,NA,NA,NA,NA,NA,NA,NA,NA,NA,NA,NA,NA,NA,NA,NA,NA,NA,NA,NA,NA,NA,NA,NA
"ppr538","F","fifth","school1","school1_fifth","paper","rejected",NA,NA,NA,NA,NA,NA,NA,NA,NA,NA,NA,NA,NA,NA,NA,NA,NA,NA,NA,NA,NA,NA,NA,NA,NA,NA,NA,NA,NA,NA,NA,NA,NA,NA,NA,NA,NA,NA,NA,NA,NA,NA,NA,NA,NA,NA,NA,NA,NA,NA,NA,NA,NA,NA,NA,NA,NA,NA,NA,NA,NA,NA,NA,NA,NA,NA,NA,NA,NA,NA,NA,NA,NA,NA,NA,NA,NA,NA,NA,NA,NA,NA,NA,NA,NA,NA,NA,NA,NA,NA,NA,NA,NA,NA,NA,NA,NA,NA,NA,NA,NA,NA,NA,NA,NA,NA,NA,NA,NA,NA,NA,NA,NA,NA,NA,NA,NA,NA,NA,NA,NA,NA,NA,NA,NA,NA,NA,NA,NA,NA,NA,NA,NA,NA,NA,NA,NA,NA,NA,NA,NA,NA,NA,NA,NA,NA,NA,NA,NA,NA,NA,NA,NA
"pprk01","M","kinder","school1","school1_kinder","paper","atypical",4,0,4,0,4,0,4,0,4,0,4,0,4,0,4,0,4,0,4,0,4,0,4,0,4,0,4,0,4,0,4,0,4,0,0,1,1,1,1,4,0,4,0,4,0,4,0,4,0,4,0,4,0,4,0,2,1,1,1,1,1,1,1,1,1,1,1,1,1,1,1,1,1,1,1,1,1,1,2,0,1,1,1,1,1,1,14,4,0,4,0,4,0,4,0,4,0,4,0,0,2,0,1,1,1,1,1,1,1,1,1,1,1,1,1,1,1,1,1,1,1,1,2,0,10,4,0,4,0,4,0,4,0,4,0,4,0,0,4,0,4,0,4,0,4,0,4,0,4,0,0,26,24
"pprk02","F","kinder","school1","school1_kinder","paper","participant",1,1,3,0,1,1,1,1,1,1,1,1,1,1,1,1,1,1,2,0,1,1,1,1,2,0,1,1,2,0,3,0,1,1,12,1,1,1,1,1,1,1,1,2,0,1,1,1,1,2,0,2,0,1,1,7,1,1,1,1,1,1,1,1,1,1,1,1,1,1,1,1,1,1,1,1,1,1,1,1,1,1,1,1,1,1,15,1,1,1,1,1,1,2,0,1,1,1,1,5,1,1,1,1,1,1,1,1,1,1,1,1,1,1,1,1,1,1,1,1,1,1,1,1,12,1,1,1,1,1,1,1,1,1,1,1,1,6,1,1,1,1,1,1,2,0,1,1,1,1,5,62,27
"pprk03","F","kinder","school1","school1_kinder","paper","participant",3,0,3,0,3,0,1,1,1,1,1,1,1,1,1,1,1,1,1,1,1,1,1,1,3,0,1,1,1,1,3,0,3,0,11,3,0,3,0,3,0,1,1,3,0,3,0,3,0,3,0,3,0,1,1,2,1,1,1,1,1,1,1,1,1,1,3,0,3,0,3,0,3,0,3,0,3,0,3,0,3,0,3,0,3,0,5,1,1,1,1,1,1,2,0,1,1,1,1,5,3,0,3,0,3,0,3,0,3,0,3,0,3,0,3,0,3,0,3,0,3,0,3,0,0,1,1,3,0,3,0,1,1,3,0,3,0,2,3,0,2,0,1,1,3,0,1,1,3,0,2,27,5
"pprk04","M","kinder","school1","school1_kinder","paper","participant",1,1,1,1,1,1,1,1,1,1,1,1,1,1,1,1,1,1,1,1,1,1,1,1,1,1,1,1,1,1,1,1,2,0,16,1,1,1,1,1,1,1,1,1,1,1,1,1,1,1,1,2,0,1,1,9,1,1,1,1,1,1,1,1,1,1,1,1,1,1,1,1,1,1,1,1,1,1,1,1,1,1,1,1,1,1,15,1,1,1,1,1,1,2,0,1,1,1,1,5,1,1,1,1,1,1,1,1,1,1,1,1,1,1,1,1,1,1,1,1,1,1,1,1,12,1,1,1,1,1,1,1,1,1,1,1,1,6,1,1,1,1,1,1,1,1,3,0,1,1,5,68,27
"pprk05","M","kinder","school1","school1_kinder","paper","participant",1,1,1,1,1,1,1,1,1,1,1,1,1,1,1,1,1,1,1,1,1,1,1,1,1,1,1,1,1,1,1,1,1,1,17,1,1,1,1,1,1,1,1,1,1,1,1,1,1,1,1,2,0,1,1,9,1,1,1,1,1,1,1,1,1,1,1,1,3,0,1,1,1,1,2,0,3,0,1,1,2,0,1,1,2,0,10,1,1,1,1,1,1,1,1,1,1,1,1,6,3,0,1,1,1,1,3,0,2,0,1,1,3,0,1,1,1,1,1,1,1,1,2,0,7,1,1,1,1,1,1,1,1,2,0,1,1,5,1,1,1,1,1,1,2,0,1,1,1,1,5,59,17
"pprk06","F","kinder","school1","school1_kinder","paper","participant",2,0,1,1,1,1,1,1,2,0,1,1,2,0,1,1,1,1,1,1,1,1,1,1,1,1,1,1,1,1,3,0,3,0,12,1,1,2,0,2,0,2,0,2,0,1,1,2,0,2,0,3,0,2,0,2,1,1,1,1,1,1,1,1,1,1,2,0,1,1,2,0,3,0,1,1,3,0,3,0,3,0,3,0,1,1,8,1,1,1,1,1,1,1,1,1,1,1,1,6,2,0,2,0,1,1,2,0,2,0,2,0,3,0,2,0,2,0,1,1,1,1,1,1,4,1,1,1,1,1,1,1,1,1,1,1,1,6,1,1,2,0,1,1,2,0,2,0,1,1,3,41,12
"pprk07","M","kinder","school1","school1_kinder","paper","participant",4,0,1,1,1,1,1,1,3,0,1,1,1,1,2,0,1,1,1,1,1,1,1,1,2,0,1,1,1,1,2,0,2,0,11,1,1,1,1,3,0,3,0,3,0,1,1,3,0,3,0,3,0,1,1,4,1,1,1,1,1,1,1,1,1,1,1,1,1,1,2,0,1,1,2,0,3,0,2,0,3,0,3,0,1,1,9,3,0,1,1,1,1,1,1,1,1,1,1,5,3,0,3,0,3,0,2,0,2,0,3,0,3,0,3,0,3,0,3,0,1,1,3,0,1,2,0,1,1,2,0,1,1,3,0,1,1,3,1,1,2,0,1,1,1,1,2,0,1,1,4,37,10
"pprk08","F","kinder","school1","school1_kinder","paper","participant",1,1,1,1,1,1,1,1,2,0,1,1,1,1,1,1,1,1,1,1,1,1,2,0,2,0,1,1,1,1,2,0,2,0,12,1,1,1,1,1,1,1,1,1,1,1,1,1,1,2,0,2,0,1,1,8,1,1,1,1,1,1,1,1,1,1,2,0,1,1,1,1,1,1,1,1,1,1,1,1,2,0,1,1,1,1,13,1,1,1,1,1,1,1,1,1,1,1,1,6,2,0,2,0,1,1,1,1,1,1,2,0,2,0,2,0,2,0,1,1,1,1,1,1,6,1,1,1,1,1,1,1,1,2,0,1,1,5,1,1,2,0,1,1,1,1,1,1,1,1,5,55,19
"pprk09","M","kinder","school1","school1_kinder","paper","participant",1,1,1,1,1,1,1,1,1,1,1,1,1,1,1,1,1,1,1,1,1,1,2,0,1,1,1,1,2,0,1,1,1,1,15,1,1,2,0,2,0,2,0,2,0,1,1,1,1,2,0,2,0,1,1,4,1,1,1,1,1,1,1,1,1,1,4,0,1,1,2,0,1,1,3,0,3,0,2,0,2,0,1,1,1,1,9,1,1,1,1,2,0,1,1,2,0,1,1,4,2,0,1,1,2,0,2,0,1,1,2,0,1,1,2,0,3,0,3,0,1,1,2,0,4,1,1,1,1,1,1,1,1,2,0,1,1,5,1,1,1,1,1,1,2,0,1,1,2,0,4,45,13
"pprk10","M","kinder","school1","school1_kinder","paper","rejected",NA,NA,NA,NA,NA,NA,NA,NA,NA,NA,NA,NA,NA,NA,NA,NA,NA,NA,NA,NA,NA,NA,NA,NA,NA,NA,NA,NA,NA,NA,NA,NA,NA,NA,NA,NA,NA,NA,NA,NA,NA,NA,NA,NA,NA,NA,NA,NA,NA,NA,NA,NA,NA,NA,NA,NA,NA,NA,NA,NA,NA,NA,NA,NA,NA,NA,NA,NA,NA,NA,NA,NA,NA,NA,NA,NA,NA,NA,NA,NA,NA,NA,NA,NA,NA,NA,NA,NA,NA,NA,NA,NA,NA,NA,NA,NA,NA,NA,NA,NA,NA,NA,NA,NA,NA,NA,NA,NA,NA,NA,NA,NA,NA,NA,NA,NA,NA,NA,NA,NA,NA,NA,NA,NA,NA,NA,NA,NA,NA,NA,NA,NA,NA,NA,NA,NA,NA,NA,NA,NA,NA,NA,NA,NA,NA,NA,NA,NA,NA,NA,NA,NA,NA
"pprk11","F","kinder","school1","school1_kinder","paper","rejected",NA,NA,NA,NA,NA,NA,NA,NA,NA,NA,NA,NA,NA,NA,NA,NA,NA,NA,NA,NA,NA,NA,NA,NA,NA,NA,NA,NA,NA,NA,NA,NA,NA,NA,NA,NA,NA,NA,NA,NA,NA,NA,NA,NA,NA,NA,NA,NA,NA,NA,NA,NA,NA,NA,NA,NA,NA,NA,NA,NA,NA,NA,NA,NA,NA,NA,NA,NA,NA,NA,NA,NA,NA,NA,NA,NA,NA,NA,NA,NA,NA,NA,NA,NA,NA,NA,NA,NA,NA,NA,NA,NA,NA,NA,NA,NA,NA,NA,NA,NA,NA,NA,NA,NA,NA,NA,NA,NA,NA,NA,NA,NA,NA,NA,NA,NA,NA,NA,NA,NA,NA,NA,NA,NA,NA,NA,NA,NA,NA,NA,NA,NA,NA,NA,NA,NA,NA,NA,NA,NA,NA,NA,NA,NA,NA,NA,NA,NA,NA,NA,NA,NA,NA
"pprk12","M","kinder","school1","school1_kinder","paper","participant",1,1,1,1,1,1,1,1,1,1,1,1,1,1,1,1,1,1,1,1,2,0,2,0,1,1,1,1,1,1,3,0,1,1,14,1,1,1,1,1,1,3,0,1,1,1,1,2,0,2,0,3,0,1,1,6,1,1,1,1,1,1,1,1,1,1,3,0,1,1,1,1,1,1,1,1,3,0,1,1,3,0,3,0,3,0,10,1,1,1,1,1,1,1,1,1,1,1,1,6,3,0,3,0,3,0,3,0,3,0,3,0,3,0,3,0,3,0,3,0,1,1,3,0,1,2,0,1,1,2,0,1,1,2,0,1,1,3,2,0,1,1,1,1,3,0,2,0,1,1,3,43,11
"pprk13","M","kinder","school1","school1_kinder","paper","participant",3,0,3,0,3,0,3,0,3,0,2,0,3,0,3,0,3,0,4,0,4,0,4,0,3,0,4,0,4,0,4,0,4,0,0,1,1,4,0,4,0,4,0,4,0,1,1,4,0,4,0,4,0,3,0,2,1,1,1,1,1,1,1,1,1,1,1,1,1,1,3,0,3,0,1,1,3,0,3,0,3,0,2,0,2,0,8,4,0,4,0,4,0,4,0,4,0,4,0,0,3,0,3,0,3,0,3,0,3,0,3,0,4,0,2,0,3,0,1,1,1,1,3,0,2,3,0,3,0,3,0,4,0,4,0,4,0,0,4,0,4,0,4,0,4,0,4,0,4,0,0,12,10
"pprk14","M","kinder","school1","school1_kinder","paper","participant",1,1,2,0,2,0,1,1,1,1,3,0,1,1,1,1,1,1,1,1,1,1,3,0,3,0,1,1,1,1,3,0,3,0,10,1,1,3,0,1,1,3,0,3,0,1,1,1,1,3,0,3,0,1,1,5,1,1,1,1,1,1,1,1,1,1,1,1,1,1,1,1,1,1,1,1,1,1,1,1,1,1,1,1,1,1,15,1,1,1,1,1,1,1,1,1,1,1,1,6,1,1,3,0,1,1,3,0,3,0,1,1,1,1,3,0,1,1,1,1,1,1,3,0,7,3,0,1,1,1,1,1,1,1,1,1,1,5,1,1,1,1,1,1,2,0,3,0,3,0,3,51,22
"pprk15","M","kinder","school1","school1_kinder","paper","participant",2,0,1,1,1,1,1,1,1,1,1,1,1,1,1,1,2,0,1,1,1,1,1,1,1,1,1,1,1,1,2,0,3,0,13,1,1,1,1,1,1,1,1,1,1,1,1,1,1,1,1,2,0,1,1,9,1,1,1,1,1,1,1,1,1,1,1,1,3,0,1,1,3,0,3,0,3,0,2,0,3,0,1,1,1,1,9,1,1,1,1,1,1,1,1,1,1,2,0,5,3,0,2,0,2,0,1,1,1,1,2,0,2,0,2,0,2,0,3,0,1,1,1,1,4,1,1,1,1,1,1,1,1,1,1,1,1,6,1,1,1,1,1,1,2,0,1,1,1,1,5,51,13
"pprk16","F","kinder","school1","school1_kinder","paper","participant",1,1,1,1,1,1,1,1,3,0,1,1,1,1,1,1,1,1,1,1,1,1,1,1,1,1,1,1,1,1,1,1,1,1,16,1,1,1,1,1,1,1,1,2,0,1,1,2,0,1,1,2,0,3,0,6,1,1,1,1,1,1,1,1,1,1,1,1,1,1,1,1,1,1,1,1,1,1,1,1,1,1,1,1,1,1,15,1,1,1,1,1,1,1,1,2,0,1,1,5,1,1,3,0,3,0,1,1,1,1,1,1,1,1,3,0,1,1,1,1,1,1,1,1,9,1,1,1,1,1,1,1,1,1,1,1,1,6,1,1,1,1,1,1,1,1,1,1,1,1,6,63,24
"pprk17","F","kinder","school1","school1_kinder","paper","participant",1,1,2,0,1,1,1,1,2,0,1,1,1,1,1,1,1,1,1,1,1,1,1,1,1,1,1,1,1,1,1,1,1,1,15,1,1,2,0,1,1,3,0,3,0,1,1,3,0,3,0,3,0,1,1,4,1,1,2,0,1,1,1,1,2,0,3,0,3,0,3,0,3,0,3,0,3,0,3,0,3,0,3,0,3,0,3,1,1,1,1,1,1,2,0,2,0,1,1,4,3,0,3,0,3,0,3,0,3,0,3,0,3,0,3,0,3,0,3,0,3,0,3,0,0,2,0,1,1,1,1,2,0,1,1,1,1,4,1,1,1,1,1,1,2,0,2,0,1,1,4,34,3
"pprk18","F","kinder","school1","school1_kinder","paper","participant",1,1,1,1,2,0,1,1,1,1,1,1,1,1,1,1,1,1,1,1,1,1,2,0,2,0,1,1,1,1,2,0,2,0,12,1,1,1,1,1,1,1,1,1,1,1,1,3,0,1,1,3,0,1,1,8,1,1,1,1,1,1,1,1,1,1,1,1,1,1,1,1,1,1,1,1,1,1,1,1,1,1,1,1,1,1,15,1,1,1,1,1,1,1,1,1,1,1,1,6,1,1,1,1,1,1,1,1,2,0,1,1,2,0,2,0,2,0,1,1,1,1,1,1,8,1,1,1,1,1,1,2,0,2,0,2,0,3,1,1,1,1,1,1,1,1,1,1,1,1,6,58,23
"pprk19","F","kinder","school1","school1_kinder","paper","participant",1,1,3,0,3,0,3,0,2,0,1,1,1,1,1,1,1,1,1,1,1,1,2,0,2,0,2,0,1,1,2,0,2,0,8,1,1,2,0,2,0,2,0,2,0,3,0,2,0,2,0,2,0,2,0,1,1,1,2,0,1,1,1,1,2,0,3,0,3,0,3,0,3,0,3,0,3,0,3,0,3,0,1,1,2,0,4,1,1,1,1,1,1,1,1,2,0,2,0,4,3,0,3,0,1,1,3,0,3,0,3,0,3,0,3,0,3,0,3,0,1,1,1,1,3,1,1,1,1,1,1,1,1,1,1,1,1,6,1,1,1,1,1,1,1,1,3,0,2,0,4,29,7
